// Generated by tools/make_splash.py - do not edit by hand
#pragma once
#include <stdint.h>

#define SPLASH_W 320
#define SPLASH_H 240

static const uint16_t SPLASH_IMG[SPLASH_W * SPLASH_H] = {
  0x184B,0x184B,0x0826,0x0024,0x0825,0x0805,0x01B3,0x1DBF,0x14BF,0x0111,0x0827,0x0847,0x1026,0x2029,0x380E,0x400D,
  0x402C,0x502D,0xA014,0xF87E,0xFA7F,0xFB1F,0xFB3F,0xFB7F,0xFC1F,0xFC3F,0xFBDF,0xFBDF,0xFC1F,0xFC3F,0xFC5F,0xFAFF,
  0xE05C,0x8013,0x5811,0x382D,0x180D,0x01DC,0x051F,0x165F,0x169F,0x0DDF,0x04DF,0x0DFF,0x1EDF,0x0F1F,0x063F,0x031E,
  0x00F2,0x00CE,0x0153,0x045F,0x06DF,0x069F,0x065F,0x051F,0x025B,0x00EF,0x00AA,0x0889,0x0868,0x0868,0x0867,0x0847,
  0x0867,0x0867,0x0847,0x1047,0x1067,0x1047,0x1847,0x2047,0x688B,0x788C,0x2848,0x1847,0x1847,0x1047,0x0846,0x0845,
  0x0846,0x0868,0x0889,0x0889,0x0889,0x0889,0x0889,0x0889,0x0889,0x0088,0x0088,0x0088,0x0088,0x0088,0x0068,0x0088,
  0x0068,0x0068,0x0068,0x0068,0x0068,0x0088,0x0088,0x0088,0x0889,0x0889,0x0889,0x0889,0x0089,0x0088,0x0088,0x0088,
  0x0088,0x0089,0x0089,0x0089,0x008A,0x0089,0x0088,0x0045,0x0023,0x0003,0x0825,0x0825,0x0023,0x0803,0x0002,0x0024,
  0x0867,0x088A,0x088A,0x0889,0x0089,0x0089,0x0089,0x0089,0x0088,0x0088,0x0088,0x0088,0x0088,0x0087,0x0045,0x0023,
  0x0001,0x0002,0x0023,0x0045,0x0067,0x0088,0x0068,0x0068,0x0068,0x0068,0x0088,0x0088,0x0088,0x0088,0x0088,0x0888,
  0x0088,0x0088,0x0088,0x0088,0x0088,0x0888,0x0888,0x0088,0x0088,0x0068,0x0068,0x0888,0x0068,0x0888,0x0888,0x0888,
  0x0868,0x0868,0x0068,0x0068,0x0088,0x0088,0x0888,0x0888,0x0888,0x0888,0x0888,0x0888,0x0888,0x0868,0x0868,0x0868,
  0x0868,0x0068,0x0068,0x0068,0x0068,0x0068,0x0068,0x0868,0x0868,0x0868,0x0868,0x0868,0x0868,0x0868,0x0868,0x0868,
  0x0868,0x0868,0x0868,0x0868,0x0868,0x0868,0x0868,0x0868,0x1069,0x0868,0x0868,0x0868,0x0868,0x0848,0x0868,0x0868,
  0x0868,0x0869,0x0869,0x0869,0x0889,0x1089,0x1089,0x1089,0x1089,0x1069,0x1069,0x1069,0x1869,0x1069,0x1069,0x1069,
  0x1069,0x1069,0x108A,0x108A,0x108B,0x088B,0x10AB,0x10AB,0x10AB,0x08AB,0x10AB,0x10AB,0x10AB,0x10AB,0x10AB,0x08AB,
  0x08AB,0x08AB,0x08AB,0x08AA,0x08AA,0x08AA,0x088A,0x088A,0x08AA,0x08AB,0x10AB,0x10AB,0x10AB,0x10AB,0x10AB,0x10AB,
  0x10AB,0x10AB,0x10AB,0x10AB,0x10AB,0x10AB,0x10AC,0x10AC,0x10AC,0x10AC,0x1069,0x1046,0x0826,0x1028,0x1828,0x1027,
  0x1828,0x2029,0x2029,0x280B,0x9038,0xF85F,0xC01D,0xD83E,0xFA1F,0xF13F,0xC81B,0xF05D,0xE83E,0xE01E,0xF87F,0xF93F,
  0xF95F,0xF07F,0xB819,0xD87D,0xFA1F,0xE8DE,0xB81B,0xF8DF,0xE89E,0x6811,0x2009,0x2009,0x1827,0x1027,0x0826,0x1026,
  0x184C,0x184B,0x0827,0x0004,0x0825,0x0806,0x0172,0x0CFF,0x0C3E,0x00F0,0x1028,0x1048,0x1027,0x2029,0x380D,0x400C,
  0x482C,0x582E,0xB015,0xF91F,0xFBBF,0xFC1F,0xFC1F,0xFBDF,0xFB1F,0xFABF,0xFB7F,0xFC1F,0xFC3F,0xFC5F,0xFC7F,0xFADF,
  0xE83D,0x8013,0x6011,0x380E,0x200F,0x025D,0x15FF,0x3EFF,0x2EDF,0x0DDF,0x053F,0x36DF,0x5F7F,0x2F7F,0x067F,0x031E,
  0x00F3,0x00EF,0x0174,0x049F,0x075F,0x079F,0x0F9F,0x071F,0x03DF,0x0111,0x008A,0x088A,0x0888,0x0868,0x0868,0x0868,
  0x0867,0x0867,0x0847,0x1047,0x1047,0x1868,0x1868,0x2048,0x688A,0x706B,0x3048,0x1847,0x1848,0x1047,0x1047,0x0846,
  0x0846,0x0868,0x0889,0x0889,0x0889,0x0889,0x0889,0x0889,0x0889,0x0889,0x0088,0x0088,0x0088,0x0088,0x0088,0x0088,
  0x0068,0x0068,0x0088,0x0068,0x0088,0x0088,0x0088,0x0888,0x0889,0x0889,0x0889,0x0889,0x0089,0x0088,0x0088,0x0088,
  0x0088,0x0089,0x0089,0x0089,0x0087,0x0045,0x0024,0x0023,0x0024,0x0025,0x0825,0x0003,0x0003,0x1046,0x1068,0x0889,
  0x08AA,0x088A,0x088A,0x0889,0x0089,0x0089,0x0089,0x0089,0x0088,0x0089,0x0089,0x0088,0x0066,0x0024,0x0001,0x0002,
  0x0024,0x0066,0x0067,0x0088,0x0088,0x0088,0x0088,0x0088,0x0088,0x0068,0x0088,0x0088,0x0088,0x0088,0x0888,0x0888,
  0x0088,0x0888,0x0088,0x0088,0x0888,0x0088,0x0888,0x0888,0x0888,0x0068,0x0868,0x0888,0x0868,0x0888,0x0888,0x0868,
  0x0868,0x0868,0x0868,0x0068,0x0068,0x0068,0x0888,0x0888,0x0888,0x0888,0x0888,0x0888,0x0888,0x0868,0x0868,0x0888,
  0x0868,0x0868,0x0868,0x0868,0x0868,0x0068,0x0868,0x0868,0x0868,0x0868,0x0868,0x0868,0x0868,0x0868,0x0868,0x0868,
  0x0868,0x0868,0x0868,0x0869,0x0868,0x0868,0x0869,0x1069,0x1069,0x1069,0x1068,0x1068,0x1068,0x1068,0x1068,0x1069,
  0x1069,0x1069,0x1069,0x1069,0x0889,0x1089,0x1089,0x108A,0x1089,0x1069,0x1069,0x1869,0x186A,0x1069,0x1069,0x1069,
  0x1069,0x1069,0x108A,0x108A,0x108B,0x10AB,0x10AB,0x10AB,0x10AB,0x10AB,0x10AB,0x10AC,0x10AC,0x10AC,0x10AC,0x10AC,
  0x10AB,0x10AB,0x08AB,0x08AA,0x08AA,0x08AA,0x08AA,0x08AB,0x08AB,0x10AB,0x10AB,0x10AB,0x10AB,0x10AB,0x10AB,0x10AB,
  0x10AB,0x10AB,0x10AB,0x10AB,0x10AB,0x10AC,0x10AC,0x10AC,0x10CC,0x18CC,0x108A,0x1047,0x1026,0x1027,0x1028,0x1027,
  0x1828,0x2029,0x282A,0x282B,0x9038,0xF83F,0xC01D,0xD85E,0xFA9F,0xF97F,0xF01F,0xF8FF,0xF87F,0xF85F,0xF9BF,0xFA1F,
  0xFA5F,0xF99F,0xC81B,0xD83D,0xFA3F,0xF11E,0xC81C,0xF8FF,0xF09F,0x7012,0x200A,0x2009,0x1808,0x1027,0x1026,0x1027,
  0x204C,0x204C,0x1028,0x0024,0x0826,0x0826,0x0192,0x0CBF,0x03FE,0x00F0,0x104A,0x104A,0x1027,0x2028,0x300B,0x400C,
  0x500D,0x602F,0xB015,0xF91F,0xFB9F,0xFB5F,0xFA7F,0xF9BF,0xF09E,0xF03C,0xF95F,0xFAFF,0xFB5F,0xFB1F,0xFA9F,0xF8FF,
  0xC819,0x7813,0x6012,0x400F,0x2010,0x023D,0x1DFF,0x4F1F,0x36FF,0x055F,0x04BF,0x46FF,0x6F7F,0x3FBF,0x06BF,0x035E,
  0x0113,0x00EF,0x0175,0x047F,0x0F3F,0x1F9F,0x27BF,0x075F,0x041E,0x0111,0x08AA,0x088A,0x0889,0x0868,0x0868,0x0868,
  0x0867,0x0847,0x1047,0x1047,0x1047,0x1868,0x2068,0x2848,0x882B,0xA02C,0x3849,0x2068,0x2048,0x1848,0x1047,0x0846,
  0x0846,0x0868,0x0889,0x0889,0x0889,0x0889,0x0889,0x0889,0x0889,0x0889,0x0889,0x0889,0x0889,0x0889,0x0088,0x0068,
  0x0068,0x0068,0x0888,0x0088,0x0088,0x0088,0x0088,0x0089,0x0889,0x0889,0x0089,0x0089,0x0089,0x0089,0x0889,0x0089,
  0x0089,0x0088,0x0067,0x0045,0x0024,0x0024,0x0024,0x0024,0x0023,0x0002,0x0024,0x0845,0x0847,0x188A,0x108A,0x088A,
  0x088A,0x088A,0x088A,0x0889,0x0089,0x0089,0x0089,0x0089,0x0089,0x0068,0x0066,0x0023,0x0002,0x0023,0x0024,0x0066,
  0x0088,0x0088,0x0088,0x0068,0x0088,0x0088,0x0088,0x0088,0x0088,0x0088,0x0088,0x0088,0x0088,0x0088,0x0088,0x0088,
  0x0888,0x0088,0x0088,0x0088,0x0088,0x0088,0x0888,0x0888,0x0088,0x0068,0x0868,0x0868,0x0888,0x0868,0x0068,0x0888,
  0x0868,0x0868,0x0868,0x0068,0x0068,0x0068,0x0888,0x0868,0x0868,0x0868,0x0868,0x0868,0x0868,0x0868,0x0868,0x0888,
  0x0868,0x0868,0x0868,0x0868,0x0868,0x0868,0x0868,0x0868,0x0868,0x0868,0x0868,0x0868,0x0868,0x0868,0x0868,0x0868,
  0x0868,0x0868,0x0868,0x0868,0x0869,0x0869,0x1069,0x1069,0x1069,0x1069,0x1069,0x1049,0x1069,0x1069,0x1069,0x1069,
  0x1069,0x1069,0x1069,0x1069,0x1089,0x1089,0x108A,0x108A,0x108A,0x1069,0x1069,0x186A,0x206A,0x1869,0x1869,0x1869,
  0x1069,0x1069,0x1089,0x108A,0x108A,0x10AB,0x10AB,0x10AB,0x10AC,0x10AC,0x10AC,0x10CC,0x10AC,0x10AC,0x10AC,0x10CC,
  0x10AB,0x10AB,0x10AB,0x10AB,0x10AA,0x08AA,0x10AA,0x10AB,0x10AB,0x10AB,0x10AB,0x10AB,0x10AB,0x10AB,0x10AB,0x10AB,
  0x10AB,0x10AC,0x10AC,0x10AC,0x10AC,0x10AC,0x10AC,0x18CD,0x18CD,0x18CD,0x108A,0x1047,0x1026,0x1027,0x1027,0x1828,
  0x1828,0x2029,0x282A,0x280B,0x8818,0xF83F,0xC81D,0xD83E,0xFA9F,0xF99F,0xF85F,0xF9DF,0xF97F,0xF9BF,0xFA5F,0xFA3F,
  0xFA3F,0xF99F,0xE01C,0xE03D,0xFA5F,0xF93F,0xD01D,0xF8FF,0xF0BF,0x7013,0x200A,0x2009,0x1828,0x1027,0x1026,0x1027,
  0x204D,0x204C,0x1028,0x0025,0x0825,0x0826,0x01B3,0x153F,0x0C7E,0x0111,0x104B,0x184A,0x1027,0x2007,0x300A,0x400B,
  0x500D,0x600E,0xA013,0xF85D,0xF95F,0xF89F,0xE01C,0xD81A,0xB815,0xB013,0xE81B,0xF89F,0xF8BF,0xF07D,0xE81B,0xD819,
  0x9814,0x7012,0x6011,0x400F,0x2010,0x025D,0x1DFF,0x4F1F,0x36DF,0x05BF,0x04FF,0x1E3F,0x269F,0x0E7F,0x057F,0x02DE,
  0x00F2,0x00EF,0x0174,0x043F,0x0F1F,0x1F9F,0x27BF,0x06FF,0x03BE,0x0111,0x088A,0x088A,0x0869,0x0868,0x0868,0x0868,
  0x0867,0x1067,0x1047,0x1047,0x1848,0x2068,0x2069,0x5849,0xF10D,0xF92D,0x782A,0x2869,0x2848,0x1848,0x1047,0x0846,
  0x0846,0x0868,0x0889,0x0889,0x0889,0x0889,0x0889,0x0889,0x0889,0x0889,0x0889,0x0889,0x0889,0x0889,0x0089,0x0088,
  0x0088,0x0088,0x0889,0x0089,0x0088,0x0088,0x0088,0x0088,0x0089,0x0089,0x0089,0x0889,0x0889,0x0889,0x0889,0x0088,
  0x0067,0x0045,0x0024,0x0024,0x0024,0x0024,0x0023,0x0002,0x0023,0x0045,0x1089,0x1089,0x0868,0x0889,0x088A,0x088A,
  0x088A,0x088A,0x088A,0x088A,0x0089,0x0089,0x0089,0x0068,0x0046,0x0024,0x0002,0x0002,0x0045,0x0888,0x0889,0x0088,
  0x0088,0x0088,0x0088,0x0088,0x0088,0x0088,0x0088,0x0088,0x0088,0x0088,0x0088,0x0088,0x0088,0x0088,0x0068,0x0068,
  0x0888,0x0088,0x0088,0x0088,0x0068,0x0068,0x0088,0x0888,0x0088,0x0068,0x0888,0x0888,0x0888,0x0868,0x0068,0x0068,
  0x0868,0x0868,0x0868,0x0068,0x0868,0x0868,0x0888,0x0888,0x0868,0x0868,0x0868,0x0868,0x0868,0x0888,0x0888,0x0888,
  0x0868,0x0868,0x0868,0x0868,0x0868,0x0868,0x0868,0x0868,0x0868,0x0868,0x0868,0x0868,0x0868,0x0868,0x0868,0x0868,
  0x0868,0x0868,0x0868,0x0868,0x0868,0x1069,0x1069,0x1069,0x1069,0x1069,0x1069,0x1849,0x1069,0x1069,0x1069,0x1069,
  0x1069,0x1069,0x1069,0x1069,0x1089,0x108A,0x108A,0x108A,0x108A,0x188A,0x186A,0x206A,0x286B,0x206A,0x206A,0x186A,
  0x1869,0x106A,0x108A,0x108A,0x108B,0x108B,0x10AB,0x10AC,0x10AC,0x10AC,0x10AC,0x10CC,0x10CC,0x10CC,0x10CC,0x10CC,
  0x10AC,0x10AC,0x10AB,0x10AB,0x10AA,0x08AA,0x10AA,0x10AB,0x10AB,0x10AB,0x10AB,0x10AB,0x10AB,0x10AC,0x10AC,0x10AC,
  0x10AC,0x10AC,0x10AC,0x10AC,0x18AD,0x18AD,0x18CD,0x18CD,0x18CD,0x18CE,0x188B,0x1047,0x1026,0x1027,0x1828,0x1828,
  0x2029,0x2029,0x282A,0x280B,0x8837,0xF83F,0xC81D,0xD01D,0xFA9F,0xF9BF,0xF83F,0xF97F,0xFA1F,0xFA3F,0xFA1F,0xF99F,
  0xF8FF,0xF87F,0xD01C,0xD83C,0xFA5F,0xF95F,0xD01D,0xF0FF,0xF0BF,0x7813,0x280A,0x280A,0x1808,0x1027,0x1027,0x1026,
  0x184B,0x184C,0x1029,0x0005,0x0025,0x0826,0x01D4,0x25BF,0x14DF,0x0112,0x104B,0x184A,0x1027,0x2027,0x380A,0x400B,
  0x500C,0x600E,0x7810,0xB816,0xD819,0xB815,0xA012,0xA012,0xA012,0xA011,0xD016,0xF81E,0xF81E,0xE019,0xB014,0x9814,
  0x8813,0x7012,0x6011,0x400E,0x2010,0x021D,0x0D3F,0x15DF,0x0D3F,0x043F,0x035F,0x03DF,0x03BF,0x031F,0x029E,0x0156,
  0x00CE,0x00CF,0x0112,0x039D,0x067F,0x077F,0x0FBF,0x06BF,0x037E,0x00F0,0x008A,0x088A,0x0889,0x0868,0x0868,0x0868,
  0x0868,0x1067,0x1067,0x1847,0x1868,0x2868,0x2869,0x884A,0xFBAD,0xFC0E,0xA06B,0x3069,0x3069,0x2068,0x1847,0x1046,
  0x1046,0x1068,0x0889,0x0889,0x0889,0x0889,0x0889,0x0889,0x0889,0x0889,0x0889,0x0889,0x0889,0x0089,0x0089,0x0089,
  0x0089,0x0889,0x0889,0x0089,0x0088,0x0088,0x0088,0x0088,0x0889,0x0089,0x0889,0x0889,0x0889,0x0068,0x0046,0x0025,
  0x0024,0x0023,0x0024,0x0024,0x0023,0x0002,0x0023,0x0066,0x0888,0x08AA,0x10AB,0x0889,0x0867,0x0889,0x088A,0x088A,
  0x088A,0x088A,0x088A,0x088A,0x0889,0x0088,0x0046,0x0023,0x0001,0x0002,0x0044,0x0067,0x0889,0x0889,0x0089,0x0088,
  0x0088,0x0088,0x0088,0x0088,0x0088,0x0088,0x0088,0x0088,0x0088,0x0088,0x0088,0x0088,0x0088,0x0088,0x0088,0x0088,
  0x0088,0x0088,0x0088,0x0088,0x0088,0x0088,0x0888,0x0888,0x0888,0x0888,0x0888,0x0888,0x0888,0x0888,0x0868,0x0068,
  0x0868,0x0868,0x0868,0x0868,0x0888,0x0868,0x0888,0x0888,0x0888,0x0868,0x0868,0x0868,0x0868,0x0888,0x0888,0x0868,
  0x0868,0x0868,0x0868,0x0868,0x0868,0x0868,0x0868,0x0868,0x0868,0x0868,0x0868,0x0868,0x0868,0x0868,0x0868,0x0868,
  0x0868,0x0868,0x0868,0x0868,0x1069,0x1069,0x1069,0x1069,0x1069,0x1869,0x1849,0x1849,0x1849,0x1869,0x1869,0x1869,
  0x1069,0x1069,0x1069,0x1089,0x1089,0x108A,0x108A,0x188A,0x188A,0x206A,0x206A,0x284B,0x386C,0x306B,0x286B,0x206A,
  0x186A,0x186A,0x108A,0x108A,0x108B,0x10AB,0x10AC,0x10AC,0x10AC,0x10AC,0x10AC,0x18CC,0x10CD,0x10CD,0x10CD,0x10CC,
  0x10CC,0x10CC,0x10AB,0x10AB,0x10AB,0x10AB,0x10AB,0x10AB,0x10AB,0x10AC,0x10AC,0x10AC,0x10AC,0x10AC,0x10AC,0x10AC,
  0x10CC,0x18CD,0x18CD,0x18CD,0x18CD,0x18CD,0x18CE,0x18CE,0x18CE,0x20CE,0x188B,0x1047,0x1026,0x1027,0x1828,0x1828,
  0x2029,0x2029,0x282A,0x300B,0x8838,0xF85F,0xD03D,0xD01D,0xFA9F,0xF9DF,0xE81E,0xF05F,0xF95F,0xF99F,0xF93F,0xF89E,
  0xF01E,0xD01C,0x8814,0xC81B,0xFA1F,0xF95F,0xD01D,0xF0FF,0xF8DF,0x8013,0x280B,0x280A,0x1808,0x1027,0x1026,0x0826,
  0x0826,0x1029,0x1028,0x0005,0x0025,0x0806,0x0193,0x151F,0x0C5F,0x0111,0x1029,0x1028,0x1006,0x2028,0x380B,0x400B,
  0x502C,0x600E,0x700F,0x9031,0xA033,0xA813,0xB014,0xC015,0xD017,0xD819,0xE83C,0xF9BF,0xFABF,0xF91F,0xE83B,0xA014,
  0x8013,0x7012,0x5811,0x380E,0x280E,0x08FB,0x02DF,0x02FF,0x025E,0x01BC,0x015A,0x017A,0x017A,0x0139,0x0137,0x00F1,
  0x00CD,0x00AE,0x0132,0x039E,0x063F,0x073F,0x077F,0x067F,0x033D,0x00F0,0x00AA,0x088A,0x0889,0x0889,0x0868,0x0868,
  0x1068,0x1068,0x1048,0x1868,0x2068,0x2869,0x3069,0x884A,0xFC0D,0xFC8E,0xA88B,0x386A,0x3069,0x2068,0x1847,0x1047,
  0x1047,0x1068,0x0889,0x0889,0x0889,0x0889,0x0889,0x0889,0x0889,0x0889,0x0889,0x0889,0x0889,0x0889,0x0089,0x0889,
  0x0089,0x0889,0x0889,0x0889,0x0089,0x0088,0x0888,0x0889,0x0889,0x0889,0x0088,0x0067,0x0045,0x0024,0x0024,0x0023,
  0x0023,0x0023,0x0002,0x0023,0x0044,0x0867,0x0889,0x08AA,0x08AA,0x08AA,0x10AA,0x0869,0x0868,0x088A,0x08AA,0x08AA,
  0x08AA,0x08AA,0x088A,0x0088,0x0046,0x0023,0x0002,0x0003,0x0024,0x0067,0x0889,0x08A9,0x0089,0x0089,0x0088,0x0088,
  0x0888,0x0088,0x0088,0x0088,0x0088,0x0088,0x0088,0x0088,0x0088,0x0088,0x0088,0x0088,0x0088,0x0088,0x0088,0x0088,
  0x0088,0x0088,0x0088,0x0088,0x0088,0x0888,0x0088,0x0888,0x0088,0x0888,0x0888,0x0888,0x0888,0x0868,0x0868,0x0888,
  0x0868,0x0888,0x0868,0x0888,0x0888,0x0888,0x0888,0x0888,0x0888,0x0868,0x0868,0x0868,0x0868,0x0868,0x0868,0x0868,
  0x0868,0x0868,0x0868,0x0888,0x0868,0x0868,0x0868,0x0868,0x0868,0x0868,0x0868,0x0868,0x0868,0x0868,0x0868,0x0868,
  0x0868,0x0868,0x0868,0x0868,0x1069,0x1069,0x1069,0x1069,0x1069,0x1869,0x284A,0x204A,0x206A,0x206A,0x206A,0x206A,
  0x186A,0x186A,0x106A,0x106A,0x108A,0x108A,0x108A,0x108A,0x188A,0x206A,0x388C,0x68AD,0x600C,0x404C,0x404B,0x306B,
  0x206A,0x186A,0x186A,0x188A,0x108A,0x188B,0x18AC,0x10AC,0x10AC,0x10AC,0x10AC,0x10CD,0x10CD,0x10CD,0x10CD,0x10CD,
  0x10CC,0x10CC,0x10AB,0x10AB,0x10AB,0x10AB,0x10AB,0x10AB,0x10AC,0x10AC,0x10CC,0x10AC,0x10AC,0x10CC,0x10CD,0x18CD,
  0x18CD,0x18CD,0x18CD,0x18CD,0x18CE,0x18CE,0x18CE,0x20CE,0x20CE,0x20CE,0x18AB,0x1047,0x1026,0x1027,0x1828,0x2029,
  0x2029,0x2029,0x302A,0x300C,0x8837,0xF85F,0xD03E,0xD01E,0xFA5F,0xF9FF,0xC81B,0xC81B,0xF03F,0xF05F,0xE81E,0xE81E,
  0xF01F,0xD81B,0x8813,0xC81A,0xF9FF,0xF97F,0xD81D,0xF0FF,0xF8DF,0x8814,0x280B,0x280A,0x1808,0x1027,0x1026,0x0826,
  0x0003,0x0004,0x0805,0x0004,0x0004,0x0805,0x008B,0x0257,0x0217,0x088C,0x1029,0x1027,0x1006,0x2008,0x380B,0x480C,
  0x580D,0x682F,0xA013,0xD819,0xE81B,0xF05D,0xF8BE,0xF8DE,0xF91F,0xF97F,0xFA7F,0xFBFF,0xFC3F,0xFB9F,0xF91F,0xC017,
  0x8032,0x7011,0x580F,0x380C,0x280B,0x1831,0x00D7,0x0119,0x00F9,0x00F6,0x00D3,0x00F4,0x0115,0x0136,0x0114,0x00D0,
  0x00AC,0x00AD,0x0132,0x039E,0x061F,0x06BF,0x075F,0x071F,0x03DD,0x00F0,0x088A,0x088A,0x0889,0x0889,0x0889,0x0868,
  0x1068,0x1068,0x1868,0x1868,0x2068,0x2869,0x3869,0x904A,0xFBCD,0xFC4D,0xA88B,0x406A,0x3869,0x2048,0x1847,0x1847,
  0x1047,0x1068,0x0889,0x0889,0x0889,0x0889,0x0889,0x0889,0x0889,0x0889,0x0889,0x0889,0x0889,0x0889,0x0889,0x0889,
  0x0889,0x0889,0x0889,0x0889,0x0088,0x0888,0x0889,0x0889,0x0888,0x0067,0x0045,0x0024,0x0024,0x0023,0x0023,0x0002,
  0x0002,0x0022,0x0044,0x0067,0x08A9,0x08AA,0x08AA,0x08AA,0x08AA,0x08AA,0x0889,0x0867,0x0046,0x0868,0x08AA,0x08AA,
  0x08AA,0x0088,0x0046,0x0023,0x0002,0x0023,0x0046,0x0068,0x0089,0x0889,0x0089,0x0889,0x0089,0x0089,0x0088,0x0088,
  0x0888,0x0088,0x0088,0x0088,0x0088,0x0088,0x0088,0x0088,0x0088,0x0088,0x0088,0x0088,0x0088,0x0088,0x0088,0x0088,
  0x0088,0x0088,0x0088,0x0088,0x0088,0x0088,0x0088,0x0888,0x0088,0x0888,0x0888,0x0888,0x0888,0x0888,0x0868,0x0888,
  0x0868,0x0888,0x0888,0x0868,0x0888,0x0888,0x0888,0x0888,0x0888,0x0868,0x0868,0x0868,0x0868,0x0868,0x0868,0x0868,
  0x0868,0x0868,0x0868,0x0868,0x0888,0x0868,0x0868,0x0868,0x0868,0x0868,0x0868,0x0868,0x0868,0x0868,0x0868,0x0868,
  0x0868,0x0868,0x0868,0x0868,0x1069,0x1069,0x1069,0x1869,0x2069,0x206A,0x386B,0x304B,0x304A,0x284A,0x286B,0x286B,
  0x206A,0x186A,0x186A,0x186A,0x108A,0x108A,0x108A,0x108A,0x188A,0x206A,0x384B,0xC273,0xE1F3,0xA00D,0x604D,0x406B,
  0x306B,0x206A,0x186A,0x188A,0x188B,0x188B,0x18AC,0x18AC,0x18AC,0x18AC,0x10CC,0x18CD,0x18CD,0x18CD,0x10CD,0x10CD,
  0x10CC,0x10CC,0x10AC,0x10AB,0x10AB,0x10AB,0x10AB,0x10AC,0x10AC,0x10CC,0x10CC,0x10CC,0x10CC,0x18CD,0x18CD,0x18CD,
  0x18CD,0x18CD,0x18CE,0x18CE,0x18CE,0x18CE,0x20CE,0x20EE,0x20EF,0x20EF,0x18AB,0x1047,0x1026,0x1027,0x1828,0x2029,
  0x2029,0x2829,0x302A,0x302C,0x8037,0xF05F,0xD83E,0xD01E,0xFA3F,0xF9FF,0xC81B,0x9016,0xE01D,0xF83F,0xF05E,0xF8BF,
  0xF9BF,0xF93F,0xE01C,0xE01D,0xF9FF,0xF99F,0xD81D,0xF0DF,0xF8DF,0x8815,0x300B,0x280A,0x1808,0x1027,0x1006,0x0806,
  0x0003,0x0003,0x0003,0x0004,0x0004,0x0004,0x0004,0x0047,0x0048,0x0849,0x184B,0x1829,0x1807,0x2828,0x400B,0x500D,
  0x602E,0x8010,0xE03A,0xF95F,0xFA5F,0xFABF,0xFB5F,0xFB7F,0xFB5F,0xFB9F,0xFC1F,0xFC5F,0xFC1F,0xFADF,0xF89E,0xB015,
  0x8012,0x6810,0x500E,0x380B,0x200A,0x202C,0x0890,0x00D5,0x00F7,0x00D3,0x00D1,0x00F3,0x0114,0x0114,0x0113,0x00CF,
  0x00AC,0x00AD,0x0132,0x031D,0x04FF,0x057F,0x061F,0x069F,0x03BD,0x00F0,0x088B,0x088A,0x088A,0x108A,0x108A,0x108A,
  0x1069,0x1869,0x1869,0x1848,0x2069,0x3069,0x386A,0x904A,0xFBCD,0xFC4D,0xA88B,0x406A,0x3069,0x2848,0x2048,0x1847,
  0x1047,0x1068,0x0889,0x088A,0x0889,0x0889,0x0889,0x0889,0x0889,0x0889,0x0889,0x0889,0x0889,0x0889,0x0889,0x0889,
  0x0889,0x0889,0x0889,0x0889,0x0889,0x0889,0x0888,0x0066,0x0045,0x0025,0x0024,0x0024,0x0023,0x0002,0x0002,0x0023,
  0x0045,0x0868,0x0889,0x08AA,0x08AA,0x08AA,0x08AA,0x08AA,0x08AA,0x088A,0x0067,0x0025,0x0025,0x0867,0x18CB,0x108A,
  0x0046,0x0023,0x0002,0x0023,0x0046,0x0888,0x08AA,0x08AA,0x0089,0x0889,0x0889,0x0089,0x0089,0x0089,0x0889,0x0889,
  0x0889,0x0088,0x0088,0x0088,0x0088,0x0088,0x0088,0x0088,0x0088,0x0088,0x0088,0x0088,0x0088,0x0088,0x0088,0x0089,
  0x0889,0x0088,0x0088,0x0088,0x0088,0x0888,0x0888,0x0888,0x0088,0x0888,0x0888,0x0888,0x0868,0x0868,0x0868,0x0888,
  0x0868,0x0868,0x0868,0x0868,0x0888,0x0868,0x0888,0x0889,0x0868,0x0868,0x0868,0x0868,0x0868,0x0868,0x0868,0x0868,
  0x0868,0x0868,0x0868,0x0868,0x0868,0x0868,0x0868,0x0868,0x0868,0x0868,0x0868,0x0868,0x0868,0x0868,0x0868,0x0868,
  0x0868,0x0868,0x0868,0x0869,0x1069,0x1069,0x1069,0x1869,0x206A,0x306B,0x580B,0x482C,0x404B,0x384B,0x384B,0x384B,
  0x286B,0x206A,0x206B,0x206A,0x186A,0x186A,0x186A,0x188A,0x188A,0x208B,0x286C,0x882C,0xFB95,0xFAF5,0xA80C,0x584C,
  0x386B,0x286B,0x206A,0x206A,0x188B,0x188B,0x18AC,0x18AC,0x18CD,0x18AD,0x18CD,0x18CD,0x18CD,0x18CD,0x18CD,0x10CD,
  0x10CD,0x10CC,0x10CC,0x10AC,0x10AB,0x10AB,0x10AC,0x10CC,0x10CC,0x10CC,0x10CC,0x18CC,0x18CC,0x18CD,0x18CD,0x18CE,
  0x18CE,0x18CE,0x18EE,0x20EE,0x20EF,0x20EF,0x20EF,0x20EF,0x20EF,0x20EF,0x18AC,0x1047,0x1027,0x1047,0x1828,0x1828,
  0x2029,0x2829,0x302B,0x302C,0x8037,0xF05F,0xD85E,0xD01E,0xFA3F,0xFA1F,0xD01C,0xC01A,0xF89F,0xFA1F,0xFA1F,0xFA5F,
  0xFB3F,0xFABF,0xF8FF,0xF01F,0xFA1F,0xF9BF,0xE01E,0xF0DF,0xF8DF,0x9016,0x300B,0x280B,0x2008,0x1007,0x1006,0x0806,
  0x0003,0x0003,0x0003,0x0003,0x0004,0x0004,0x0824,0x0825,0x0805,0x1027,0x182A,0x202A,0x2809,0x302A,0x480D,0x580E,
  0x682F,0x9011,0xE85C,0xFB1F,0xFC1F,0xFBFF,0xFBDF,0xFB7F,0xFB9F,0xFBBF,0xFBFF,0xFC3F,0xFAFF,0xF89E,0xC016,0x9012,
  0x7811,0x600F,0x500D,0x300A,0x200A,0x202D,0x1091,0x08D5,0x08D6,0x00D2,0x00B1,0x00F2,0x00F3,0x00F2,0x00F2,0x00CF,
  0x00AC,0x00AD,0x0132,0x035D,0x053F,0x047F,0x043E,0x051F,0x02FB,0x00CF,0x08AB,0x08AB,0x088A,0x10AB,0x18AB,0x188B,
  0x106A,0x1869,0x1868,0x2069,0x306A,0x306A,0x386A,0x906A,0xFB6C,0xFBCD,0xA86B,0x406A,0x3869,0x2849,0x2048,0x1847,
  0x1047,0x1068,0x108A,0x088A,0x088A,0x0889,0x0889,0x0889,0x0889,0x0889,0x0889,0x0889,0x0889,0x0889,0x0889,0x0889,
  0x0889,0x0889,0x0889,0x0888,0x0067,0x0046,0x0024,0x0024,0x0024,0x0045,0x0024,0x0003,0x0002,0x0024,0x0046,0x0868,
  0x0889,0x0889,0x0889,0x088A,0x08AA,0x08AA,0x08AB,0x08AB,0x08AA,0x0889,0x0067,0x0045,0x0024,0x1067,0x30CB,0x2089,
  0x0024,0x0045,0x0867,0x0889,0x08AA,0x08AA,0x08AA,0x0889,0x0889,0x0889,0x0889,0x0889,0x0089,0x0889,0x0889,0x0889,
  0x0889,0x0089,0x0089,0x0088,0x0089,0x0089,0x0088,0x0088,0x0088,0x0088,0x0088,0x0088,0x0088,0x0088,0x0088,0x0088,
  0x0088,0x0088,0x0088,0x0088,0x0088,0x0888,0x0888,0x0888,0x0088,0x0888,0x0888,0x0888,0x0868,0x0868,0x0888,0x0888,
  0x0868,0x0868,0x0868,0x0888,0x0888,0x0868,0x0868,0x1068,0x1068,0x1068,0x0868,0x0868,0x0868,0x0868,0x0868,0x0868,
  0x0868,0x0868,0x0868,0x0868,0x0868,0x0868,0x0868,0x0868,0x0868,0x0868,0x0868,0x0868,0x0868,0x0868,0x0868,0x0868,
  0x0868,0x0868,0x0869,0x1069,0x1069,0x1869,0x1869,0x206A,0x284A,0x508C,0xCA32,0xB02E,0x800C,0x604C,0x584C,0x582C,
  0x384B,0x306B,0x306B,0x286B,0x186A,0x188A,0x188A,0x188A,0x188B,0x206B,0x286B,0x484C,0xD009,0xFB95,0xF355,0xA80B,
  0x504B,0x386B,0x286B,0x286B,0x206B,0x208C,0x20AC,0x20AD,0x18AD,0x18AD,0x18AD,0x18CD,0x18CD,0x18CD,0x18CD,0x10CD,
  0x18CD,0x10CD,0x10CC,0x10CC,0x10AC,0x10AC,0x10AC,0x10CC,0x10CC,0x10CC,0x18CC,0x18CD,0x18CD,0x18CD,0x18CD,0x18CE,
  0x18CE,0x18CE,0x18EF,0x20EF,0x20EF,0x20EF,0x20EF,0x20EF,0x20EF,0x28EF,0x20AC,0x1048,0x1027,0x1047,0x1828,0x2028,
  0x2029,0x282A,0x302B,0x300B,0x8017,0xF05F,0xE05E,0xD01E,0xFA3F,0xFA3F,0xE01D,0xE83E,0xF9BF,0xFABF,0xFA3F,0xFA1F,
  0xFA3F,0xFA3F,0xF95F,0xF01F,0xFA1F,0xF9DF,0xE01E,0xF0DF,0xF8FF,0x9817,0x300C,0x300B,0x2009,0x1007,0x1027,0x1026,
  0x0023,0x0003,0x0003,0x0003,0x0004,0x0824,0x0825,0x0825,0x0825,0x1006,0x1807,0x2008,0x2008,0x300A,0x500D,0x580E,
  0x680F,0x8811,0xE01A,0xF97F,0xFA1F,0xF99F,0xF91F,0xF99F,0xFAFF,0xFBDF,0xFBDF,0xFABF,0xF8BE,0xC817,0xA012,0x9011,
  0x7810,0x600E,0x480C,0x300A,0x280A,0x202D,0x1893,0x18B7,0x18B8,0x08D5,0x00D2,0x00F3,0x00F3,0x00F2,0x00F2,0x00AE,
  0x008C,0x00AD,0x0153,0x043F,0x06BF,0x061F,0x04BF,0x047F,0x029A,0x00CF,0x08AC,0x08AB,0x088A,0x108A,0x108A,0x1069,
  0x1068,0x1068,0x1848,0x286A,0x408C,0x486B,0x406A,0x986A,0xFC6E,0xFC8E,0xA88B,0x406A,0x406A,0x3069,0x2048,0x1847,
  0x1847,0x1068,0x108A,0x108A,0x088A,0x088A,0x0889,0x0889,0x0889,0x0889,0x0889,0x0889,0x0889,0x0889,0x0889,0x0889,
  0x0889,0x0088,0x0067,0x0045,0x0023,0x0023,0x0024,0x0024,0x0023,0x0003,0x0023,0x0044,0x0067,0x0889,0x0889,0x0889,
  0x0889,0x088A,0x088A,0x088A,0x08AA,0x08AA,0x08AB,0x08AB,0x18CC,0x18AB,0x0847,0x0023,0x0002,0x1044,0x50CA,0x40CC,
  0x088A,0x08AB,0x08CB,0x08AA,0x08AA,0x08AA,0x08AA,0x08A9,0x0889,0x0889,0x0889,0x0889,0x0889,0x0889,0x0889,0x0889,
  0x0889,0x0889,0x0089,0x0089,0x0089,0x0089,0x0089,0x0088,0x0088,0x0088,0x0088,0x0088,0x0088,0x0088,0x0088,0x0088,
  0x0088,0x0088,0x0088,0x0088,0x0088,0x0088,0x0888,0x0888,0x0088,0x0888,0x0888,0x0868,0x0868,0x0868,0x0888,0x0868,
  0x0868,0x0868,0x0888,0x0868,0x0868,0x0868,0x0868,0x1069,0x1069,0x1069,0x0868,0x0868,0x0868,0x0868,0x0868,0x0868,
  0x0868,0x0868,0x0868,0x0868,0x0888,0x0868,0x0868,0x0868,0x0868,0x0868,0x0868,0x0868,0x0868,0x0868,0x0868,0x0868,
  0x0869,0x0869,0x1069,0x1069,0x1069,0x1069,0x1869,0x206A,0x306B,0x500B,0xD376,0xFC39,0xE9B1,0xB80D,0x900D,0x880E,
  0x584C,0x504C,0x404B,0x306B,0x206A,0x206A,0x188A,0x188A,0x188A,0x208B,0x286B,0x308D,0x6868,0xC80B,0xFB38,0xFBB5,
  0xA80B,0x504B,0x386B,0x306B,0x306C,0x288C,0x20AC,0x20AD,0x20AD,0x20AD,0x18CD,0x18AD,0x18CD,0x18CD,0x10CD,0x10CD,
  0x10CD,0x18CD,0x10CD,0x10CC,0x10CC,0x10CC,0x10CC,0x10CC,0x10CD,0x18CD,0x18CD,0x18CD,0x18CD,0x18CD,0x18CE,0x18CE,
  0x20CE,0x20EE,0x20EF,0x20EF,0x28F0,0x28F0,0x20EF,0x28EF,0x28F0,0x28F0,0x28AD,0x1849,0x1027,0x1027,0x1828,0x2029,
  0x2029,0x2829,0x302B,0x300C,0x7816,0xF05F,0xE05E,0xD01E,0xF9FF,0xFA3F,0xF01F,0xF89F,0xFA5F,0xF9FF,0xF07F,0xF07F,
  0xF89F,0xF89F,0xF87F,0xF01F,0xF9FF,0xF9FF,0xE01E,0xF0DF,0xF8FF,0xA017,0x300C,0x300B,0x2009,0x1827,0x1027,0x1027,
  0x0024,0x0004,0x0003,0x0004,0x0825,0x0825,0x0825,0x2046,0x1826,0x1006,0x2008,0x2008,0x2007,0x2808,0x480B,0x580D,
  0x680F,0x780F,0xA813,0xD819,0xE019,0xE819,0xF01D,0xF9DF,0xFB9F,0xFC1F,0xFAFF,0xF89F,0xD017,0xA832,0xA012,0x8811,
  0x700F,0x600E,0x480C,0x300A,0x2809,0x282D,0x1894,0x20B9,0x28BB,0x10B6,0x08B1,0x00D2,0x00F3,0x00F4,0x00F2,0x00AD,
  0x008B,0x008C,0x0152,0x043E,0x071F,0x079F,0x06DF,0x05DF,0x031C,0x00F0,0x08AB,0x088A,0x0869,0x0868,0x0868,0x0848,
  0x1048,0x1068,0x1848,0x2069,0x408C,0x508C,0x484B,0xA8EB,0xFE50,0xFE50,0xC8EC,0x704B,0x486A,0x3049,0x2848,0x2047,
  0x1847,0x1869,0x108A,0x108A,0x088A,0x088A,0x088A,0x0889,0x0889,0x0889,0x0889,0x0889,0x0889,0x08A9,0x0889,0x0088,
  0x0067,0x0045,0x0024,0x0023,0x0022,0x0023,0x0023,0x0023,0x0024,0x0046,0x0868,0x0889,0x0889,0x0889,0x0889,0x0889,
  0x088A,0x088A,0x088A,0x088A,0x08AA,0x08AB,0x08AB,0x08AB,0x28ED,0x28AB,0x0024,0x0001,0x0023,0x0845,0x38EC,0x310E,
  0x08CC,0x08CB,0x08AB,0x08AA,0x08AA,0x08AA,0x08AA,0x08AA,0x088A,0x0889,0x0889,0x0889,0x08A9,0x0889,0x0889,0x0889,
  0x0889,0x0889,0x0089,0x0089,0x0089,0x0089,0x0089,0x0088,0x0088,0x0088,0x0088,0x0088,0x0088,0x0088,0x0088,0x0088,
  0x0088,0x0088,0x0088,0x0088,0x0088,0x0088,0x0888,0x0888,0x0888,0x0888,0x0888,0x0868,0x0868,0x0868,0x0888,0x0868,
  0x0888,0x0868,0x0868,0x0868,0x0868,0x0869,0x1069,0x1069,0x1869,0x1069,0x1069,0x1068,0x0868,0x0868,0x0868,0x0868,
  0x0868,0x0868,0x0868,0x0868,0x0868,0x0868,0x0868,0x0868,0x0868,0x0868,0x0868,0x0868,0x0868,0x0868,0x0868,0x0869,
  0x0868,0x0869,0x1069,0x1069,0x1069,0x1069,0x1869,0x1869,0x306A,0x402B,0x90EF,0xFAD9,0xFA99,0xFB56,0xF1B1,0xE050,
  0x980E,0x684D,0x502C,0x384B,0x286B,0x206A,0x206A,0x206A,0x206A,0x208B,0x206B,0x288C,0x2089,0x4806,0xE073,0xFB35,
  0xFBF6,0xB04B,0x582B,0x406C,0x404C,0x308C,0x288C,0x288D,0x28AD,0x20AD,0x18AD,0x18AD,0x10CD,0x10CD,0x10CD,0x10CD,
  0x10CD,0x10CD,0x18CD,0x10CD,0x10CC,0x10CC,0x10CC,0x18CD,0x18CD,0x18CD,0x18CD,0x18CD,0x18CD,0x18CE,0x18CE,0x20EF,
  0x20EF,0x20EF,0x20EF,0x28F0,0x28F0,0x28F0,0x28EF,0x28EF,0x28F0,0x30F0,0x28AE,0x1849,0x1027,0x1048,0x1828,0x1829,
  0x2029,0x2829,0x302B,0x302C,0x7816,0xF05F,0xE85E,0xD01E,0xF9FF,0xFA5F,0xF01F,0xF85F,0xF9FF,0xF93F,0xD01C,0xB01A,
  0xE81E,0xF83F,0xF87F,0xF81F,0xF9DF,0xF9FF,0xE81E,0xF0DF,0xF91F,0xA018,0x300C,0x300B,0x2009,0x1827,0x1027,0x1007,
  0x0025,0x0024,0x0004,0x0004,0x0825,0x0826,0x3848,0x98AD,0x706C,0x2028,0x2009,0x2009,0x2007,0x2808,0x480B,0x580D,
  0x680E,0x8810,0x9811,0xB012,0xD016,0xF05B,0xFA1F,0xFBFF,0xFC5F,0xFC3F,0xFB3F,0xF95F,0xE83B,0xC015,0xA012,0x8811,
  0x7810,0x600E,0x480C,0x380A,0x280A,0x282E,0x2094,0x20B8,0x2899,0x10B5,0x08B0,0x08B1,0x00F4,0x0116,0x00F3,0x08AD,
  0x008B,0x008B,0x00EE,0x0299,0x04FF,0x06DF,0x075F,0x065F,0x035D,0x00EF,0x088A,0x0869,0x0868,0x0848,0x0847,0x0847,
  0x1048,0x1048,0x1868,0x2068,0x306A,0x406A,0x486A,0xA88B,0xFCEF,0xFD50,0xF0CE,0xD82E,0x784C,0x3049,0x2849,0x2048,
  0x2048,0x1869,0x108A,0x108A,0x088A,0x108A,0x088A,0x0889,0x0889,0x088A,0x088A,0x0889,0x0888,0x0067,0x0046,0x0046,
  0x0046,0x0025,0x0023,0x0002,0x0002,0x0023,0x0045,0x0067,0x0888,0x08A9,0x08A9,0x0889,0x0889,0x08A9,0x088A,0x088A,
  0x088A,0x088A,0x08AA,0x08AA,0x08AA,0x0889,0x0067,0x0046,0x1067,0x1046,0x0024,0x0045,0x0846,0x0867,0x08AA,0x08AB,
  0x08AB,0x08CB,0x08AB,0x08AB,0x08AA,0x08AA,0x08AA,0x08AA,0x08AA,0x08AA,0x08AA,0x08A9,0x0889,0x0889,0x0889,0x0889,
  0x0889,0x0889,0x0089,0x0089,0x0089,0x0089,0x0089,0x0089,0x0088,0x0088,0x0088,0x0088,0x0089,0x0089,0x0088,0x0088,
  0x0088,0x0088,0x0089,0x0089,0x0088,0x0888,0x0888,0x0888,0x0888,0x0088,0x0888,0x0888,0x0888,0x0888,0x0868,0x0868,
  0x0868,0x0868,0x0868,0x0868,0x0868,0x1089,0x1069,0x1069,0x1869,0x1869,0x1869,0x1069,0x1068,0x1068,0x0868,0x0868,
  0x0868,0x0868,0x0868,0x0868,0x0868,0x0868,0x0868,0x0868,0x0868,0x0868,0x0868,0x0868,0x0868,0x0868,0x1069,0x1069,
  0x1069,0x1069,0x1069,0x1069,0x1069,0x1069,0x1869,0x206A,0x286A,0x304B,0x60CD,0xEAF6,0xF118,0xF119,0xFCDC,0xFDDB,
  0xF050,0x980D,0x684D,0x504C,0x384B,0x306B,0x286A,0x206A,0x206A,0x206B,0x208A,0x208B,0x28AC,0x1823,0x68AB,0xE131,
  0xFA11,0xFC77,0xB86C,0x602C,0x586D,0x406D,0x388D,0x308D,0x28AD,0x20AD,0x18AC,0x18AC,0x10CD,0x10CD,0x18CD,0x18CD,
  0x18CD,0x18CD,0x18EE,0x18EE,0x10CD,0x18CD,0x18CD,0x18CD,0x18CD,0x18CD,0x18CD,0x18CE,0x18CE,0x18EE,0x18EE,0x20EF,
  0x20EF,0x28EF,0x28F0,0x28F0,0x28F0,0x28F0,0x28F0,0x28F0,0x28F0,0x30F0,0x28AE,0x1849,0x1027,0x1048,0x1828,0x1829,
  0x2029,0x282A,0x302B,0x302C,0x7816,0xF05F,0xE87E,0xD01E,0xF9FF,0xFA7F,0xE83E,0xF01F,0xF91F,0xF95F,0xE03D,0xC83B,
  0xE81E,0xF87F,0xF8FF,0xF81F,0xF9DF,0xFA1F,0xE81E,0xF0BF,0xF93F,0xA818,0x300C,0x300B,0x2009,0x1828,0x1027,0x1007,
  0x086A,0x0847,0x0825,0x0005,0x0825,0x0826,0x68AC,0xFA18,0xD9B9,0x404F,0x280A,0x280A,0x2008,0x3009,0x500C,0x600D,
  0x780F,0x9811,0xB813,0xE018,0xF87E,0xFA3F,0xFBFF,0xFC3F,0xFC1F,0xFC1F,0xFBDF,0xFB9F,0xFA5F,0xF8BE,0xD818,0xA012,
  0x8010,0x680E,0x500C,0x380A,0x300A,0x282F,0x2095,0x2097,0x2897,0x1894,0x10B0,0x08B1,0x08D3,0x08D3,0x08B1,0x088D,
  0x008B,0x00AC,0x00AC,0x0154,0x031C,0x04BF,0x057F,0x045F,0x01D7,0x00AD,0x088A,0x0869,0x0868,0x0868,0x0848,0x0848,
  0x1048,0x1048,0x1868,0x2068,0x2869,0x386A,0x406A,0x982B,0xFA6E,0xFAEF,0xF90F,0xF8AF,0xA02D,0x3049,0x2849,0x2849,
  0x306A,0x286A,0x188B,0x108A,0x108A,0x108A,0x088A,0x0889,0x0889,0x0889,0x0867,0x0046,0x0045,0x0025,0x0046,0x0046,
  0x0045,0x0023,0x0003,0x0024,0x0046,0x0888,0x0889,0x0889,0x0889,0x0889,0x0889,0x0889,0x0889,0x088A,0x088A,0x088A,
  0x088A,0x08AA,0x0889,0x0888,0x0046,0x0025,0x0024,0x0024,0x0846,0x0847,0x0846,0x0046,0x0846,0x0847,0x0889,0x10AB,
  0x10CB,0x08AB,0x08AB,0x08AB,0x08AB,0x08AA,0x08AA,0x08AA,0x08AA,0x08AA,0x08AA,0x08AA,0x08AA,0x08A9,0x0889,0x0889,
  0x0889,0x08A9,0x0089,0x0089,0x0089,0x0889,0x0889,0x0889,0x0889,0x0889,0x0089,0x0889,0x0089,0x0089,0x0089,0x0889,
  0x0889,0x0889,0x0089,0x0889,0x0888,0x0888,0x0888,0x0888,0x0088,0x0088,0x0888,0x0888,0x0868,0x0868,0x0868,0x0868,
  0x0868,0x0888,0x0888,0x0868,0x1069,0x1889,0x1069,0x1069,0x1869,0x1869,0x1089,0x1869,0x1869,0x1069,0x1069,0x0868,
  0x0868,0x0868,0x0888,0x0868,0x0868,0x0868,0x0868,0x0868,0x0868,0x0868,0x0868,0x0868,0x1069,0x1069,0x1069,0x1069,
  0x1069,0x1069,0x1069,0x1069,0x1069,0x1069,0x1869,0x1869,0x206A,0x306B,0x486C,0xC9D1,0xFA55,0xF098,0xF017,0xFCBC,
  0xFD9B,0xF0F0,0xA00D,0x684D,0x504C,0x404B,0x306B,0x306B,0x286B,0x206B,0x188A,0x208A,0x208B,0x2067,0x3807,0x8951,
  0xE02C,0xE9AF,0xFC78,0xC88D,0x900D,0x606D,0x486D,0x388D,0x308D,0x208D,0x20AC,0x18AC,0x18AC,0x18CD,0x18CD,0x18CD,
  0x18CE,0x18CE,0x190F,0x190F,0x18EE,0x18CD,0x18CD,0x18CD,0x18CD,0x18ED,0x18EE,0x18EE,0x18EE,0x18EF,0x20EF,0x20EF,
  0x20EF,0x28F0,0x30F0,0x2910,0x28F0,0x28F0,0x28F0,0x28F0,0x28F0,0x30F1,0x28AE,0x1849,0x1027,0x1048,0x1828,0x2029,
  0x202A,0x282A,0x282A,0x302B,0x7015,0xF07F,0xE89E,0xD01E,0xF9DF,0xFA9F,0xE03D,0xD01D,0xF87F,0xF93F,0xF97F,0xF93F,
  0xF83F,0xF83F,0xF8DF,0xF81F,0xF9DF,0xFA5F,0xE01E,0xE8BF,0xF93F,0xB019,0x380D,0x300B,0x2009,0x1828,0x1027,0x1027,
  0x0974,0x08AD,0x0826,0x0025,0x0825,0x0826,0x388C,0xB1FC,0x99DD,0x3871,0x282C,0x282B,0x2809,0x380A,0x580D,0x700F,
  0x9010,0xB813,0xE81B,0xF8FF,0xFADF,0xFBFF,0xFB7F,0xFADF,0xFB9F,0xFBFF,0xFB3F,0xFB1F,0xFBBF,0xFB1F,0xF97F,0xE83B,
  0xA013,0x680E,0x580D,0x400B,0x300A,0x282F,0x2075,0x2076,0x2074,0x1892,0x108F,0x108F,0x108F,0x086E,0x086D,0x086B,
  0x008B,0x00AC,0x0111,0x033C,0x053F,0x059F,0x053F,0x041F,0x01B6,0x00AD,0x088B,0x0869,0x0868,0x0868,0x0868,0x1068,
  0x1048,0x1868,0x1868,0x2069,0x2869,0x386A,0x406A,0x984C,0xF9CF,0xFA70,0xF90F,0xF8B0,0x984C,0x3049,0x3049,0x2849,
  0x386B,0x308B,0x188B,0x10AB,0x108A,0x088A,0x0889,0x0867,0x0846,0x0846,0x0025,0x0024,0x0024,0x0024,0x0024,0x0024,
  0x0024,0x0045,0x0067,0x0889,0x08A9,0x08AA,0x08AA,0x0889,0x0889,0x0889,0x0889,0x0889,0x088A,0x08AA,0x08AA,0x0889,
  0x0888,0x0067,0x0045,0x0024,0x0024,0x0045,0x0887,0x10AA,0x18AB,0x0868,0x0046,0x0046,0x0846,0x0846,0x0868,0x28EC,
  0x390F,0x18CD,0x08AB,0x08AB,0x08AB,0x08AB,0x08AA,0x08AA,0x08AA,0x08AA,0x08AA,0x08AA,0x08AA,0x08AA,0x08A9,0x08A9,
  0x08A9,0x0889,0x08A9,0x08A9,0x0889,0x0889,0x0889,0x0089,0x0889,0x0889,0x0889,0x0889,0x0089,0x0089,0x0089,0x0089,
  0x0889,0x0089,0x0089,0x0088,0x0888,0x0888,0x0888,0x0888,0x0888,0x0888,0x0888,0x0888,0x0888,0x0868,0x0868,0x0868,
  0x0868,0x0888,0x0888,0x0868,0x408C,0x788E,0x408B,0x384A,0xA84F,0x984E,0x502B,0x284A,0x186A,0x1069,0x1069,0x1069,
  0x0868,0x0868,0x0868,0x0868,0x0868,0x0868,0x0868,0x0868,0x1068,0x0868,0x1069,0x1069,0x1069,0x1069,0x1069,0x1069,
  0x1069,0x1069,0x1069,0x1069,0x1069,0x1069,0x1869,0x1869,0x186A,0x286A,0x302B,0x8950,0xF8F2,0xF2B6,0xF858,0xF9B9,
  0xFA99,0xFDDC,0xF1F2,0xA80D,0x704D,0x504C,0x404B,0x386B,0x306B,0x286B,0x208A,0x208A,0x208B,0x288B,0x3805,0x486C,
  0xB10F,0xB008,0xF991,0xFCB8,0xF111,0xB00F,0x604E,0x386D,0x308D,0x288C,0x20AC,0x18AC,0x18AC,0x18AD,0x18CD,0x18CD,
  0x18CE,0x18EE,0x190F,0x190F,0x18EE,0x18ED,0x18ED,0x18EE,0x18EE,0x18EE,0x18EE,0x18EF,0x20EF,0x20EF,0x20EF,0x2110,
  0x20F0,0x28EF,0x28CF,0x28EF,0x2910,0x2910,0x28F0,0x28F0,0x30F1,0x30F1,0x28CF,0x1849,0x1027,0x1047,0x1828,0x2029,
  0x202A,0x282A,0x282A,0x302B,0x7015,0xE87F,0xF09F,0xC81E,0xF9BF,0xFA9F,0xD83D,0xB81B,0xF03F,0xF87F,0xF8FF,0xF8FF,
  0xF83F,0xF8BF,0xF97F,0xF81F,0xF9DF,0xFA7F,0xE81E,0xE89E,0xF93F,0xB819,0x380D,0x300B,0x2009,0x1828,0x1828,0x1027,
  0x129B,0x0911,0x0827,0x0825,0x0826,0x0846,0x086A,0x1199,0x1157,0x104C,0x202B,0x282A,0x2809,0x380A,0x600D,0x8010,
  0xB814,0xF05C,0xF9BF,0xFB7F,0xFBFF,0xFB5F,0xF97F,0xF8DF,0xFAFF,0xFBDF,0xF9BF,0xF8FF,0xFA9F,0xFBDF,0xFBBF,0xFA1F,
  0xE83C,0x8811,0x600D,0x480B,0x300A,0x280D,0x2051,0x1850,0x184E,0x184D,0x106C,0x106C,0x106D,0x106E,0x108E,0x088C,
  0x008B,0x008C,0x0174,0x04FF,0x179F,0x175F,0x06DF,0x063F,0x031C,0x00CF,0x108B,0x088A,0x0869,0x1069,0x1068,0x1068,
  0x1068,0x1868,0x1848,0x2069,0x2869,0x386A,0x406A,0x982C,0xF9B0,0xFA30,0xF8EF,0xF890,0x982C,0x3849,0x3049,0x2848,
  0x2869,0x288B,0x188B,0x108A,0x0888,0x0867,0x0046,0x0045,0x0845,0x0825,0x0824,0x0023,0x0023,0x0024,0x0045,0x0046,
  0x0868,0x0889,0x088A,0x088A,0x0889,0x08AA,0x08AA,0x088A,0x0889,0x088A,0x08AA,0x08AA,0x0889,0x0889,0x0067,0x0045,
  0x0023,0x0023,0x0024,0x0046,0x0889,0x08AB,0x08CC,0x20EE,0x30CE,0x1069,0x0046,0x0046,0x0046,0x0846,0x0867,0x28CD,
  0x4931,0x20EE,0x08AB,0x10AB,0x08AB,0x08AB,0x08AA,0x08AA,0x08AA,0x08AA,0x08AA,0x08AA,0x08AA,0x08AA,0x08AA,0x00AA,
  0x08A9,0x08A9,0x00A9,0x08A9,0x0889,0x0089,0x0089,0x00A9,0x0089,0x0889,0x0889,0x0089,0x0089,0x0089,0x0889,0x0889,
  0x0889,0x0889,0x0089,0x0889,0x0889,0x0889,0x0888,0x0888,0x0888,0x0888,0x0888,0x0888,0x0888,0x0868,0x0868,0x0888,
  0x0868,0x0888,0x0888,0x0889,0x50AD,0x9090,0x506C,0x902E,0xF975,0xFA75,0xF153,0xC891,0x882E,0x386B,0x1089,0x1069,
  0x1069,0x0868,0x1089,0x1089,0x1069,0x1069,0x1068,0x1069,0x1069,0x1069,0x1069,0x1069,0x1069,0x1069,0x1069,0x1069,
  0x1069,0x1069,0x1069,0x1069,0x1069,0x1069,0x1069,0x1069,0x1869,0x206A,0x286A,0x50AD,0xF034,0xF995,0xF258,0xF959,
  0xF8D7,0xF938,0xFD7C,0xFB55,0xC00E,0x882D,0x606D,0x584C,0x404B,0x306B,0x288B,0x208B,0x208B,0x208B,0x3847,0x1804,
  0x786D,0xB04E,0xB80B,0xE94F,0xFCF9,0xFAB4,0x980D,0x488D,0x388D,0x288C,0x208C,0x18AC,0x18AC,0x18AD,0x18CD,0x18CD,
  0x18CE,0x18CE,0x18EF,0x210F,0x18EE,0x18EE,0x18EE,0x18EE,0x18EE,0x18EE,0x18EF,0x20EF,0x20EF,0x20EF,0x2110,0x2110,
  0x20F0,0x20EE,0x20CE,0x20EF,0x2910,0x2910,0x3110,0x30F1,0x30F1,0x30F1,0x30CF,0x186A,0x1027,0x1048,0x1828,0x2029,
  0x2029,0x2029,0x302B,0x302B,0x7014,0xE87F,0xF0BF,0xD01D,0xF99F,0xFA9F,0xE85D,0xE03E,0xF8DF,0xF85F,0xF81F,0xF81F,
  0xF8FF,0xFA5F,0xFA9F,0xF85F,0xF9FF,0xFADF,0xE83E,0xE87E,0xF93F,0xB81A,0x380D,0x300C,0x280A,0x1808,0x1828,0x1027,
  0x1A9B,0x0911,0x0828,0x0826,0x0827,0x0848,0x0153,0x039E,0x02BB,0x08AD,0x1829,0x1829,0x2008,0x380A,0x580D,0x8810,
  0xE81A,0xFA1F,0xFBFF,0xFBFF,0xFADF,0xF91F,0xE81B,0xF05D,0xFADF,0xFBBF,0xF91E,0xE819,0xF87D,0xFA1F,0xFBBF,0xFB1F,
  0xF07D,0x9012,0x600E,0x480C,0x300A,0x280A,0x202D,0x204D,0x184D,0x186D,0x106E,0x108F,0x1090,0x1091,0x1091,0x088D,
  0x008C,0x008C,0x0174,0x053F,0x27BF,0x37BF,0x2FDF,0x175F,0x041E,0x0111,0x10AC,0x108A,0x1069,0x1069,0x1068,0x1068,
  0x1068,0x1868,0x1869,0x2069,0x2869,0x386A,0x406A,0x982C,0xF990,0xF9F0,0xF8F0,0xF8B0,0xA02D,0x384A,0x3849,0x2848,
  0x2047,0x1847,0x1067,0x0847,0x0846,0x0846,0x0045,0x0045,0x0024,0x0825,0x0824,0x0044,0x0046,0x0888,0x0889,0x088A,
  0x088A,0x0889,0x0889,0x0889,0x0889,0x0889,0x0889,0x088A,0x08AA,0x08AA,0x0889,0x0888,0x0046,0x0023,0x0023,0x0023,
  0x0024,0x0867,0x0889,0x08AB,0x08CB,0x08CB,0x10CB,0x18CC,0x20AC,0x0868,0x0046,0x0846,0x0846,0x0847,0x1068,0x18AA,
  0x20ED,0x10CC,0x08AB,0x08AB,0x08AB,0x08AB,0x08AB,0x08AA,0x08AA,0x08AA,0x08AA,0x08AA,0x088A,0x088A,0x0889,0x08AA,
  0x08AA,0x08AA,0x00AA,0x08AA,0x00A9,0x00A9,0x00A9,0x00A9,0x0089,0x0089,0x08A9,0x08A9,0x0889,0x0089,0x0889,0x0889,
  0x0889,0x0889,0x0889,0x0889,0x0889,0x0889,0x0888,0x0088,0x0888,0x0888,0x0889,0x0889,0x0888,0x0868,0x0888,0x0888,
  0x0888,0x0888,0x0889,0x0889,0x188A,0x308B,0x186A,0x506C,0xC8F1,0xF1B4,0xFA15,0xFA36,0xF976,0xD092,0x388B,0x0889,
  0x1069,0x1089,0x0868,0x0848,0x1069,0x1089,0x1069,0x1069,0x1069,0x1069,0x1069,0x1069,0x1069,0x1069,0x1069,0x1069,
  0x1069,0x1069,0x1069,0x1069,0x1069,0x1069,0x1069,0x1069,0x1869,0x206A,0x286A,0x286B,0xB852,0xF815,0xF1D7,0xFA99,
  0xFA39,0xF818,0xF837,0xFC9B,0xFD19,0xE0B0,0xB00D,0x802D,0x504C,0x406C,0x308B,0x208B,0x208B,0x208B,0x386A,0x5049,
  0x608E,0xC851,0x6848,0x9809,0xD84C,0xFD79,0xD992,0x780D,0x488D,0x308D,0x288C,0x20AC,0x18AC,0x18AD,0x18CD,0x18CE,
  0x18EE,0x18CE,0x2110,0x2131,0x18EF,0x18EE,0x18EE,0x18EF,0x18EF,0x20EF,0x210F,0x2110,0x2110,0x2110,0x2110,0x2110,
  0x2910,0x20EF,0x20CE,0x20EF,0x2911,0x3111,0x3111,0x30F1,0x30F1,0x38F2,0x30CF,0x186A,0x1027,0x1828,0x1848,0x1829,
  0x2029,0x202A,0x302B,0x302B,0x6814,0xE87F,0xF0BF,0xD01D,0xF99F,0xFADF,0xF05F,0xF87F,0xFA3F,0xF9BF,0xF91F,0xF9BF,
  0xFA7F,0xFAFF,0xFA5F,0xF83F,0xF9BF,0xFADF,0xE03D,0xE05D,0xF8BF,0xB019,0x380D,0x300C,0x200A,0x1808,0x1828,0x1027,
  0x1173,0x08CE,0x0848,0x0827,0x0848,0x084A,0x029A,0x0E3F,0x04BF,0x0134,0x104A,0x1829,0x2028,0x380A,0x580D,0x8010,
  0xD819,0xF9DF,0xFBBF,0xFA5F,0xF89E,0xD818,0xC814,0xF09C,0xFAFF,0xFBBF,0xF91E,0xC816,0xC016,0xE83A,0xF99F,0xF95F,
  0xD018,0x7810,0x600E,0x400B,0x2809,0x282B,0x204F,0x2872,0x2071,0x1870,0x1090,0x1090,0x088F,0x1090,0x108F,0x088D,
  0x00AC,0x00AD,0x0175,0x04FF,0x177F,0x279F,0x3FDF,0x175F,0x03FE,0x0112,0x10CC,0x108B,0x108A,0x1069,0x1069,0x1068,
  0x1068,0x1869,0x1869,0x2069,0x286A,0x386A,0x406A,0x902B,0xF950,0xFA11,0xF951,0xF8F1,0xB04D,0x384A,0x2847,0x1825,
  0x1024,0x1025,0x1047,0x0846,0x0846,0x0846,0x0024,0x0024,0x0845,0x1048,0x1089,0x0889,0x088A,0x08AA,0x08AA,0x08AA,
  0x088A,0x088A,0x0889,0x088A,0x088A,0x08AA,0x08AA,0x0889,0x0868,0x0046,0x0025,0x0023,0x0003,0x0023,0x0046,0x0868,
  0x088A,0x08AB,0x08CB,0x08AB,0x08CC,0x10CB,0x10AB,0x0889,0x0867,0x0847,0x0847,0x0867,0x0868,0x1068,0x1869,0x1069,
  0x0889,0x08AA,0x10AB,0x10AB,0x08AB,0x08AB,0x08AB,0x08AA,0x08AA,0x08AA,0x08AA,0x08AA,0x08AA,0x088A,0x088A,0x08AA,
  0x08AA,0x08AA,0x00AA,0x08AA,0x08AA,0x00A9,0x08AA,0x00AA,0x00AA,0x08AA,0x08AA,0x08AA,0x08A9,0x08A9,0x0889,0x0089,
  0x0889,0x0889,0x0889,0x0889,0x0889,0x0889,0x0889,0x0089,0x0088,0x0888,0x0889,0x0889,0x0889,0x0889,0x0888,0x0888,
  0x0888,0x0889,0x0889,0x0889,0x0889,0x0889,0x1889,0x188A,0x306B,0x584D,0x808F,0xB0D0,0xE0D3,0xC872,0x388B,0x1089,
  0x0869,0x38CB,0x618E,0x294C,0x1089,0x0048,0x0869,0x1869,0x1889,0x1869,0x1869,0x1869,0x1869,0x1069,0x1069,0x1869,
  0x1869,0x1869,0x1869,0x1869,0x1869,0x1869,0x1069,0x1069,0x1069,0x1869,0x206A,0x206A,0x704E,0xF815,0xF836,0xE215,
  0xE275,0xF878,0xF818,0xF817,0xFB1A,0xFE1C,0xFAD4,0xC00E,0x686D,0x486C,0x386C,0x288B,0x208B,0x208B,0x288C,0x502B,
  0x386A,0x904F,0x780A,0x6828,0x9008,0xDC56,0xFD7A,0xB04D,0x604D,0x388D,0x308C,0x20AC,0x20AC,0x20AD,0x20CD,0x20CE,
  0x18EE,0x18EE,0x2111,0x2953,0x2110,0x18EE,0x18EF,0x210F,0x2110,0x2110,0x2110,0x2110,0x2910,0x2910,0x210F,0x2110,
  0x2911,0x20EF,0x18CD,0x20EE,0x2911,0x3111,0x3111,0x30F1,0x30F1,0x38F2,0x30CF,0x186A,0x1047,0x1848,0x1848,0x1849,
  0x2029,0x282A,0x302C,0x300C,0x6814,0xE89F,0xF8FF,0xD01D,0xF99F,0xFAFF,0xF85F,0xF8DF,0xFABF,0xFADF,0xFAFF,0xFAFF,
  0xFA7F,0xF99F,0xF8BF,0xE01C,0xF0DE,0xF9DF,0xD81C,0xD83C,0xF8BF,0xB019,0x380D,0x300C,0x200A,0x1828,0x1828,0x1828,
  0x086A,0x086A,0x0849,0x0827,0x0848,0x084C,0x031B,0x175F,0x0D9F,0x0156,0x086D,0x184C,0x2029,0x380A,0x580D,0x702F,
  0xA012,0xF05C,0xF91F,0xF03C,0xC816,0xB834,0xC014,0xF07C,0xFB1F,0xFBFF,0xF93E,0xC816,0xA833,0xA012,0xC816,0xC817,
  0x8810,0x680F,0x580E,0x400B,0x2809,0x200B,0x204F,0x2071,0x2070,0x106F,0x108E,0x106E,0x106F,0x108F,0x108F,0x088D,
  0x08AD,0x00CE,0x0195,0x04DF,0x177F,0x279F,0x37DF,0x0F1F,0x03BE,0x0112,0x10CD,0x10AC,0x108A,0x108A,0x1069,0x1069,
  0x1869,0x1869,0x2069,0x286A,0x306A,0x386A,0x386A,0x902B,0xF90F,0xF990,0xE8CF,0xD86E,0x782B,0x2827,0x2026,0x1825,
  0x1825,0x1847,0x1048,0x0846,0x0025,0x0045,0x0847,0x0868,0x1089,0x18AB,0x10AB,0x088A,0x088A,0x088A,0x08AA,0x088A,
  0x088A,0x088A,0x08AA,0x08AA,0x08A9,0x0889,0x0867,0x0045,0x0023,0x0002,0x0023,0x0046,0x0068,0x0889,0x08AB,0x08AB,
  0x08AB,0x08AB,0x08AB,0x10CC,0x10CC,0x10CC,0x10AC,0x0868,0x0846,0x0867,0x0868,0x0889,0x08AA,0x108A,0x208A,0x1069,
  0x0868,0x088A,0x10AB,0x10AB,0x10AB,0x08AB,0x08AB,0x08AB,0x08AA,0x08AA,0x08AA,0x08AA,0x08AA,0x08AA,0x08AA,0x08AA,
  0x08AA,0x08AA,0x08AA,0x08AA,0x08AA,0x08AA,0x08AA,0x08AA,0x08AA,0x08AA,0x08AA,0x08AA,0x08AA,0x08AA,0x08AA,0x0889,
  0x0889,0x0089,0x0889,0x0889,0x0089,0x0889,0x0889,0x0889,0x0889,0x0889,0x0889,0x0889,0x0889,0x0889,0x0889,0x0889,
  0x0889,0x0889,0x0889,0x0889,0x0889,0x1089,0x1089,0x1889,0x208A,0x20AB,0x188B,0x186A,0x384B,0x306B,0x1089,0x1089,
  0x1089,0x1089,0x588A,0x696B,0x6A2F,0x51EE,0x310C,0x2849,0x2009,0x284A,0x286A,0x206A,0x186A,0x1869,0x1869,0x1869,
  0x186A,0x206A,0x186A,0x186A,0x1869,0x1869,0x1069,0x1069,0x1069,0x1869,0x206A,0x206A,0x384B,0xE033,0xF815,0xF054,
  0xDC37,0xF9B9,0xF938,0xF077,0xF016,0xF118,0xFE7D,0xFA74,0xB00D,0x606D,0x486C,0x308C,0x288B,0x288B,0x208B,0x484B,
  0x3849,0x386B,0xA06F,0x886A,0x8009,0xB291,0xFBF8,0xEB54,0x980D,0x508E,0x38AD,0x28AC,0x28AD,0x20AD,0x20AE,0x20CE,
  0x20CE,0x18EF,0x2131,0x2954,0x2131,0x18EF,0x2110,0x2110,0x2110,0x2131,0x2931,0x2931,0x2931,0x20EF,0x18CD,0x18CD,
  0x210F,0x18AD,0x108A,0x18AB,0x20CE,0x28F0,0x30F1,0x30F1,0x38F1,0x38F2,0x30CF,0x186A,0x1048,0x1848,0x1848,0x1849,
  0x2029,0x282A,0x382C,0x302C,0x6814,0xE8DF,0xF99F,0xD81E,0xF97F,0xFB1F,0xF8DF,0xF91F,0xFA7F,0xFA3F,0xF99F,0xF91F,
  0xF89F,0xE81D,0xB018,0x9015,0xE89E,0xF9BF,0xE85D,0xF0BE,0xF9FF,0xD05C,0x400F,0x300C,0x280A,0x1828,0x1829,0x1829,
  0x0025,0x0827,0x0848,0x0848,0x0849,0x086C,0x031B,0x0F5F,0x059F,0x0155,0x088E,0x186E,0x202A,0x300A,0x500D,0x600F,
  0x702F,0x9812,0xC016,0xA813,0x9831,0xA813,0xB814,0xF07C,0xFB3F,0xFC1F,0xF93E,0xC015,0x9812,0x8810,0x802F,0x782F,
  0x682E,0x600E,0x500D,0x380A,0x2809,0x202A,0x204D,0x206F,0x206F,0x186F,0x1090,0x1090,0x1091,0x1092,0x1091,0x088D,
  0x08AD,0x00CE,0x0196,0x051F,0x2FBF,0x4FBF,0x3FBF,0x071F,0x03DE,0x0133,0x10CD,0x10AC,0x108B,0x108A,0x106A,0x1069,
  0x1869,0x1869,0x2069,0x286A,0x286A,0x3069,0x3048,0x5048,0xD02B,0xF02D,0xD02C,0xC00C,0x5829,0x2827,0x2026,0x1825,
  0x1005,0x1827,0x1048,0x0847,0x0868,0x088A,0x10AB,0x08AB,0x088A,0x10AA,0x10AA,0x088A,0x08AA,0x088A,0x08AA,0x08AA,
  0x08AA,0x08AA,0x0889,0x0868,0x0046,0x0023,0x0024,0x0024,0x0024,0x0046,0x0868,0x088A,0x08AB,0x08AB,0x08AB,0x08AB,
  0x08AB,0x08AB,0x08AC,0x10CC,0x10CC,0x10CD,0x10AC,0x0889,0x0847,0x0868,0x0868,0x0868,0x0868,0x1089,0x208A,0x188A,
  0x1089,0x108A,0x10AB,0x10AB,0x10AB,0x08AB,0x08AB,0x08AB,0x08AA,0x08AA,0x08AA,0x08AA,0x08AA,0x08AA,0x08AA,0x08AA,
  0x08AA,0x08AA,0x08AA,0x08AA,0x08AA,0x08AA,0x08AA,0x08AA,0x08AA,0x08AA,0x08AA,0x08AA,0x08AA,0x08AA,0x08AA,0x08A9,
  0x0889,0x0889,0x0889,0x0889,0x0889,0x0089,0x0889,0x0889,0x0889,0x0089,0x0889,0x0889,0x0889,0x0889,0x0889,0x0889,
  0x0889,0x0889,0x0889,0x0889,0x0889,0x0889,0x1089,0x1089,0x188A,0x188A,0x188A,0x188A,0x1089,0x1089,0x1089,0x1089,
  0x1089,0x0889,0x2849,0x4805,0x4826,0x692A,0x71CD,0xAA72,0x8A0F,0x506A,0x3809,0x284A,0x208A,0x206A,0x206A,0x206A,
  0x206A,0x206A,0x206A,0x186A,0x186A,0x1869,0x1869,0x1069,0x1069,0x1869,0x1869,0x206A,0x1869,0xA830,0xF836,0xF815,
  0xCA53,0xE297,0xF838,0xF0F8,0xF0B7,0xF817,0xFA17,0xFF7E,0xF1B2,0xA80C,0x588D,0x408C,0x306C,0x288B,0x208B,0x386B,
  0x4849,0x286A,0x686E,0x910D,0x7008,0x99CE,0xFA96,0xFB36,0xE2D3,0x800C,0x48AD,0x388D,0x30AD,0x28AD,0x28AE,0x20CE,
  0x20CE,0x20EF,0x2952,0x3176,0x2132,0x1910,0x2131,0x2131,0x2131,0x2110,0x2110,0x2931,0x2931,0x18CD,0x108A,0x108A,
  0x10AE,0x0952,0x0951,0x10AB,0x188A,0x20AC,0x30F0,0x38F2,0x38F1,0x38F2,0x38D0,0x206A,0x1028,0x1848,0x1848,0x1849,
  0x1829,0x282A,0x302C,0x302C,0x6814,0xF0FF,0xF9FF,0xD81E,0xF97F,0xFB1F,0xF0BF,0xF03F,0xF89F,0xF05F,0xE01E,0xC81B,
  0xB819,0xA017,0x8834,0x8814,0xE8BE,0xFAFF,0xF8FF,0xF8FF,0xFA7F,0xD85D,0x480F,0x300C,0x280A,0x1828,0x1829,0x202B,
  0x0004,0x0005,0x0826,0x0827,0x086A,0x086D,0x027A,0x065F,0x04BF,0x0113,0x088E,0x184E,0x202A,0x300A,0x480C,0x580E,
  0x600E,0x682E,0x782F,0x8030,0x8810,0x9011,0xA813,0xF0BC,0xFB3F,0xFBFF,0xF93F,0xB814,0x8810,0x8010,0x700F,0x680E,
  0x600D,0x580D,0x480C,0x380A,0x2809,0x282C,0x2851,0x2872,0x3073,0x2073,0x1892,0x1092,0x1092,0x1093,0x1091,0x088D,
  0x08AD,0x00CE,0x0175,0x049F,0x279F,0x47BF,0x3FDF,0x0F1F,0x03DE,0x0133,0x10CD,0x10AC,0x108B,0x108A,0x108A,0x1069,
  0x1869,0x1868,0x1848,0x2048,0x2048,0x2027,0x1826,0x5027,0xE08D,0xF930,0xF910,0xF04E,0x6829,0x2026,0x2025,0x1825,
  0x1825,0x2068,0x18AB,0x10AB,0x10AB,0x10AB,0x108B,0x08AA,0x088A,0x10AA,0x08AA,0x08AA,0x088A,0x088A,0x088A,0x088A,
  0x0889,0x0866,0x0044,0x0023,0x0003,0x0023,0x0867,0x0889,0x088A,0x08AA,0x08AB,0x08AA,0x08AB,0x08AB,0x08AB,0x10AB,
  0x08AC,0x10AC,0x10CC,0x10CC,0x10CC,0x10CC,0x10AB,0x0868,0x0847,0x0847,0x0847,0x0847,0x0846,0x1068,0x2089,0x188A,
  0x1089,0x10AA,0x10CB,0x10AB,0x10CB,0x10CB,0x10AB,0x08AB,0x08AA,0x08AA,0x08AA,0x08AA,0x08AA,0x08AA,0x08AA,0x08AA,
  0x08AA,0x08AA,0x08AA,0x08AA,0x08AA,0x08AA,0x08AA,0x08AA,0x08AA,0x08AB,0x08AB,0x08AB,0x08AB,0x08AA,0x08AB,0x08AA,
  0x0889,0x0889,0x0889,0x0889,0x0889,0x0889,0x0889,0x0889,0x0889,0x0889,0x0889,0x0889,0x0889,0x0889,0x0889,0x0889,
  0x0889,0x0889,0x0889,0x0889,0x0889,0x0889,0x0889,0x0889,0x1089,0x1089,0x1089,0x1089,0x1089,0x1089,0x1089,0x1089,
  0x1089,0x1089,0x0889,0x4848,0x3805,0x3806,0x3805,0x70AA,0xFAFA,0xE3B6,0xA2D1,0x610C,0x3809,0x3009,0x286A,0x286A,
  0x286A,0x286A,0x286A,0x306A,0x206A,0x206A,0x1869,0x1869,0x1869,0x1869,0x1869,0x206A,0x186A,0x606C,0xF855,0xF856,
  0xE8B4,0xD417,0xF118,0xF818,0xF858,0xF858,0xF054,0xF2F7,0xFD9C,0xF170,0x900D,0x588D,0x406C,0x306C,0x288B,0x286B,
  0x584A,0x386B,0x484D,0x782F,0x3824,0x6047,0xF2B8,0xF853,0xFCF9,0xD18F,0x682D,0x48AD,0x408D,0x30AE,0x28AE,0x28CE,
  0x28CF,0x20EF,0x2953,0x3197,0x2953,0x1910,0x2131,0x2132,0x2131,0x18EE,0x18CD,0x20EE,0x20EE,0x10AB,0x1089,0x088A,
  0x0257,0x057F,0x055F,0x0236,0x1069,0x188A,0x28CF,0x38F2,0x38F2,0x40F2,0x38D0,0x206B,0x1848,0x1848,0x1848,0x1828,
  0x1828,0x2029,0x302B,0x300B,0x6013,0xE89F,0xF95F,0xD81E,0xF97F,0xFB1F,0xE89D,0xA017,0xA818,0xA018,0xA037,0x9817,
  0xB018,0xD01A,0xE05C,0xC81A,0xE8BE,0xFAFF,0xF8FF,0xF0BF,0xFA1F,0xD85C,0x480F,0x302C,0x280A,0x1828,0x202A,0x282C,
  0x0024,0x0025,0x0026,0x0827,0x086B,0x086D,0x0239,0x059F,0x043E,0x0113,0x088F,0x184E,0x202A,0x2829,0x400C,0x500D,
  0x500D,0x580D,0x600E,0x700F,0x780F,0x8010,0x9011,0xE059,0xF9BF,0xFA1F,0xF87D,0xA813,0x8010,0x700F,0x680E,0x600E,
  0x580D,0x500C,0x480C,0x3009,0x2809,0x300E,0x4036,0x4859,0x4859,0x3856,0x1893,0x1092,0x1091,0x1092,0x1090,0x088D,
  0x08AD,0x00AE,0x0154,0x039E,0x063F,0x0EDF,0x1FBF,0x0F5F,0x03FE,0x0133,0x10CE,0x18CD,0x10AC,0x108A,0x1069,0x1048,
  0x1046,0x1046,0x1027,0x2048,0x2828,0x2026,0x1826,0x7029,0xF0AE,0xF170,0xF08E,0xE00D,0x6028,0x2827,0x2848,0x2047,
  0x2068,0x208A,0x18AC,0x10AB,0x10AB,0x10AB,0x10AB,0x108A,0x10AA,0x10AB,0x10AB,0x08AA,0x088A,0x0868,0x0867,0x0846,
  0x0025,0x0023,0x0023,0x0046,0x0868,0x0889,0x08AB,0x08AB,0x08AA,0x08AA,0x08AA,0x08AA,0x08AB,0x08AB,0x10AB,0x10AC,
  0x10AC,0x10CC,0x10CC,0x10CD,0x10CD,0x10CD,0x10AB,0x0868,0x0846,0x0847,0x0847,0x0847,0x0847,0x3089,0x70EC,0x38AA,
  0x0869,0x108A,0x10AC,0x10CC,0x10CB,0x10CB,0x10AB,0x08AB,0x08AB,0x08AA,0x08AA,0x08AA,0x08AA,0x08AA,0x08AA,0x08AA,
  0x08AA,0x08AA,0x08AA,0x08AA,0x08AB,0x08CB,0x08CB,0x08AB,0x08AB,0x08AB,0x08AB,0x08CC,0x08AB,0x08AB,0x08CB,0x08AA,
  0x0889,0x0889,0x0889,0x0889,0x0889,0x0889,0x0889,0x0889,0x0889,0x0889,0x0889,0x0889,0x0889,0x0889,0x0889,0x0889,
  0x0889,0x0889,0x0888,0x0889,0x0888,0x0869,0x0889,0x0889,0x1089,0x1089,0x1089,0x1089,0x1089,0x1089,0x1089,0x1089,
  0x1089,0x1089,0x0889,0x1069,0x782A,0x4006,0x4006,0x4005,0x982E,0xF979,0xFA37,0xF399,0xCBB5,0x89EF,0x502A,0x3809,
  0x302A,0x306B,0x306B,0x406B,0x304B,0x286A,0x206A,0x206A,0x186A,0x186A,0x1889,0x206A,0x206A,0x30AB,0xE0D4,0x984D,
  0xE012,0xD235,0xD1D6,0xF17A,0xF858,0xF817,0xF056,0xF095,0xF937,0xFD7B,0xE10F,0x880D,0x586C,0x406C,0x386C,0x306C,
  0x588B,0x3047,0x2828,0x682F,0x504B,0x2002,0xD295,0xF936,0xF914,0xFD18,0xC04D,0x684E,0x508E,0x388E,0x30AE,0x30CF,
  0x28CF,0x28CF,0x2933,0x2956,0x2114,0x1911,0x2111,0x2111,0x20EF,0x18AB,0x1089,0x108A,0x108A,0x1089,0x1068,0x08AD,
  0x041D,0x47DF,0x6F7F,0x333A,0x288B,0x20AA,0x30CF,0x40F2,0x40F2,0x40F2,0x40D0,0x206B,0x1848,0x1848,0x1028,0x1828,
  0x1828,0x2029,0x302C,0x300C,0x5832,0xE09F,0xF91F,0xC81D,0xE8BE,0xF9DF,0xD85C,0x7812,0x8014,0xB019,0xD83C,0xE85E,
  0xF89F,0xF93F,0xFA1F,0xF89F,0xF07F,0xFABF,0xF8DF,0xF07E,0xF9DF,0xD83C,0x480F,0x280B,0x280A,0x1808,0x202A,0x304D,
  0x0826,0x0826,0x0826,0x0848,0x086B,0x088E,0x02BB,0x067F,0x04DF,0x0135,0x108F,0x186F,0x202A,0x2829,0x400B,0x480C,
  0x480C,0x500C,0x580D,0x600E,0x680E,0x780F,0x8010,0xA012,0xD018,0xD839,0xB815,0x9011,0x8010,0x700F,0x600E,0x600D,
  0x580D,0x480C,0x400B,0x3009,0x2809,0x300E,0x4036,0x503A,0x503A,0x3857,0x1872,0x1091,0x1091,0x1091,0x10B1,0x088D,
  0x08AD,0x00CF,0x0196,0x049F,0x063F,0x05FF,0x06FF,0x071F,0x03FE,0x0112,0x10AB,0x108A,0x1069,0x1048,0x0847,0x0826,
  0x0826,0x1047,0x2049,0x384A,0x3049,0x2827,0x2026,0x3027,0x684A,0xA00B,0xE8AF,0xF930,0xB84E,0x506B,0x406B,0x3069,
  0x2869,0x206B,0x18AC,0x10AB,0x108B,0x10AB,0x108B,0x10AB,0x10AB,0x10AC,0x108A,0x0867,0x0045,0x0023,0x0024,0x0846,
  0x0847,0x0067,0x0889,0x08AA,0x08AB,0x08AA,0x08AA,0x088A,0x08AA,0x08AA,0x08AB,0x08AB,0x08AB,0x10AB,0x10AC,0x10CC,
  0x10CC,0x10CC,0x10CD,0x10CD,0x10CD,0x10CD,0x10AB,0x0868,0x0867,0x108A,0x10AB,0x1069,0x0869,0x816C,0xF24F,0x896D,
  0x106A,0x10AB,0x10CC,0x10CC,0x10CB,0x10CB,0x08AB,0x08AB,0x08AB,0x08AA,0x08AA,0x08AA,0x08AB,0x08AB,0x08AB,0x08AB,
  0x08AA,0x08AA,0x08AB,0x08AB,0x08CB,0x08CB,0x08CB,0x08AB,0x08CB,0x08CC,0x08CC,0x08CC,0x08AB,0x08AB,0x10CC,0x08AB,
  0x08AA,0x08AA,0x0889,0x08AA,0x08AA,0x088A,0x08AA,0x0889,0x0889,0x0889,0x0889,0x0889,0x0889,0x0889,0x0889,0x0889,
  0x0889,0x0889,0x0889,0x0889,0x0889,0x0869,0x0869,0x0889,0x0889,0x1089,0x0889,0x1089,0x1089,0x1089,0x1089,0x1089,
  0x1089,0x1089,0x1089,0x0089,0x306A,0xD090,0x6048,0x3805,0x3025,0xC0D2,0xFA19,0xF054,0xF938,0xFB79,0xDC97,0xA2F1,
  0x60AB,0x480A,0x400B,0x484B,0x506C,0x386B,0x286A,0x206A,0x206A,0x186A,0x188A,0x186A,0x286A,0x208A,0x588C,0xC851,
  0xF015,0x906E,0xC196,0xF859,0xF199,0xF8B7,0xF816,0xE0B3,0xF014,0xF977,0xFD3A,0xD8CE,0x880C,0x586C,0x486D,0x306D,
  0x610E,0x60EA,0x28AA,0x3869,0x402B,0x2848,0xB252,0xFA57,0xF812,0xFA95,0xFBF5,0xB00E,0x6890,0x488F,0x38AF,0x38CF,
  0x30CF,0x30F0,0x2113,0x1A5B,0x0BBD,0x0A9A,0x1910,0x18AC,0x18AB,0x1069,0x1068,0x1068,0x1068,0x1089,0x1089,0x10AB,
  0x0297,0x2CFF,0x943D,0x8192,0x50CB,0x30AB,0x38CF,0x40F2,0x40F2,0x48F2,0x40D0,0x286B,0x1848,0x1848,0x1027,0x104A,
  0x184B,0x282B,0x402D,0x402E,0x5832,0xD87E,0xF8BF,0xB01C,0xD05D,0xF95F,0xD85C,0xB019,0xE01D,0xF87F,0xF95F,0xFA1F,
  0xFA7F,0xFABF,0xFB1F,0xF97F,0xF89F,0xFADF,0xF0FF,0xE85E,0xF9BF,0xE03D,0x480F,0x280B,0x280A,0x1808,0x202A,0x384E,
  0x084A,0x0828,0x0827,0x0849,0x086B,0x008E,0x03BC,0x279F,0x0E1F,0x01B7,0x10B2,0x2072,0x202C,0x2829,0x380B,0x480C,
  0x480C,0x480C,0x500D,0x600D,0x680E,0x700F,0x7810,0x8810,0x9030,0x9831,0x9831,0x9011,0x8010,0x700F,0x680E,0x600E,
  0x580D,0x500C,0x480C,0x380A,0x2809,0x300E,0x3834,0x3836,0x4037,0x3055,0x1872,0x1092,0x1091,0x10B2,0x10B2,0x108E,
  0x08AE,0x00CF,0x01D7,0x051F,0x0E9F,0x04BF,0x03DE,0x03FF,0x0259,0x00CD,0x0889,0x0869,0x208B,0x288D,0x206B,0x1069,
  0x1048,0x1848,0x1848,0x1827,0x1826,0x2027,0x2827,0x3849,0x486A,0x902C,0xF992,0xFA34,0xD04F,0x604C,0x486B,0x386A,
  0x486C,0x388D,0x18AC,0x10AC,0x10AC,0x10AB,0x108A,0x0889,0x0868,0x1068,0x0846,0x0023,0x0023,0x0025,0x0868,0x088A,
  0x088A,0x08AA,0x08AB,0x08AA,0x08AA,0x08AA,0x08AA,0x08AA,0x08AA,0x08AB,0x08AB,0x08AB,0x08AB,0x10AC,0x10CC,0x10CC,
  0x10CC,0x10CD,0x10CD,0x10CD,0x10CD,0x10CD,0x10AC,0x0868,0x0889,0x210F,0x2110,0x18AB,0x0869,0x91CD,0xFB70,0xA1EE,
  0x18AC,0x20CD,0x18AC,0x10CC,0x10AC,0x10CB,0x10AB,0x10AB,0x08AB,0x08AB,0x08AB,0x08AB,0x08AA,0x08AB,0x08AB,0x08AB,
  0x08AB,0x08AB,0x08AB,0x08AB,0x08CB,0x08CB,0x08CB,0x08CC,0x08CC,0x08CC,0x08CC,0x08CC,0x08AB,0x08AB,0x10CB,0x08AB,
  0x08AA,0x08AA,0x08AA,0x08AA,0x08AA,0x08AA,0x08AA,0x088A,0x088A,0x0889,0x0889,0x0889,0x0889,0x0889,0x0889,0x0889,
  0x0889,0x0889,0x0889,0x0889,0x0889,0x0889,0x0869,0x0889,0x1089,0x1089,0x1089,0x1089,0x1089,0x1089,0x1089,0x1089,
  0x1089,0x1089,0x1089,0x1089,0x0088,0x604B,0xD8AF,0x80CB,0x4806,0x5807,0xE976,0xFB1A,0xE874,0xE812,0xF8D6,0xFAD9,
  0xF438,0xC394,0x918E,0x600A,0x680A,0x602C,0x406B,0x306A,0x286A,0x206A,0x186A,0x188A,0x286A,0x206A,0x612F,0xF877,
  0xE814,0xD012,0xE2F9,0xE9BA,0xF858,0xF99A,0xF917,0xF013,0xF096,0xF815,0xF9B7,0xFD3A,0xD8CE,0x900D,0x606D,0x406D,
  0x40AD,0x814E,0x30EE,0x10A8,0x2067,0x208A,0x91AF,0xF8D4,0xE870,0xF050,0xFBF5,0xF2B3,0x980F,0x58AF,0x488F,0x40AF,
  0x38D0,0x38D1,0x2198,0x25BF,0x5FBF,0x261F,0x1217,0x188A,0x188A,0x188A,0x20A9,0x30AA,0x38AB,0x20AA,0x28CB,0x38CC,
  0x30CD,0x2131,0x30EF,0x40CC,0x48CB,0x40CC,0x40CF,0x48F2,0x40D2,0x48D2,0x40D0,0x286B,0x1848,0x1047,0x1049,0x0976,
  0x0999,0x2850,0x482F,0x402E,0x5031,0xC83D,0xF83F,0xC01D,0xE8BE,0xFADF,0xF8FF,0xF83F,0xF9BF,0xFA9F,0xFA7F,0xF9DF,
  0xF95F,0xF93F,0xFABF,0xF9BF,0xF89F,0xFADF,0xF0FF,0xE85E,0xF9DF,0xE05D,0x500F,0x282B,0x280A,0x1808,0x202A,0x304D,
  0x106D,0x1049,0x0827,0x0849,0x106B,0x008F,0x03FD,0x37DF,0x167F,0x01D8,0x10B5,0x2896,0x282D,0x2809,0x380B,0x480C,
  0x480C,0x480C,0x580D,0x600E,0x680E,0x700F,0x8010,0x8811,0xA012,0xC015,0xD017,0xB814,0x9011,0x8010,0x700F,0x680E,
  0x600E,0x580D,0x480C,0x380A,0x300A,0x380F,0x3834,0x3034,0x3034,0x2854,0x2073,0x1892,0x1091,0x1091,0x1090,0x106D,
  0x088C,0x00AD,0x00F1,0x027B,0x03BF,0x02DD,0x02FC,0x039E,0x0219,0x08EE,0x10CD,0x18AC,0x28CE,0x30AE,0x206A,0x0847,
  0x0826,0x0826,0x1026,0x1826,0x2047,0x306A,0x406B,0x486B,0x588B,0x706C,0xC8AF,0xF8B1,0xA82E,0x506C,0x406B,0x406B,
  0x508D,0x40AD,0x18AC,0x108B,0x0889,0x0867,0x0846,0x0024,0x0025,0x1046,0x1047,0x0867,0x0888,0x08AA,0x08AB,0x08AB,
  0x08AA,0x08AA,0x08AA,0x08AA,0x08AB,0x08AB,0x08AB,0x08AA,0x08AA,0x08AB,0x08AB,0x10AB,0x10AC,0x10AC,0x10CC,0x10CC,
  0x10CD,0x10CD,0x10CD,0x10CD,0x18EE,0x18CD,0x10AC,0x0869,0x1089,0x190F,0x190F,0x108A,0x0869,0x792C,0xF22F,0x814D,
  0x18AC,0x20AD,0x18CC,0x10CC,0x10CC,0x10CC,0x10CB,0x08AB,0x10AB,0x08AB,0x08AB,0x08AB,0x08AB,0x08AB,0x08AB,0x08AB,
  0x08CB,0x08AB,0x08AB,0x08CB,0x08CC,0x08CC,0x08CC,0x08CC,0x08CD,0x08CD,0x08CD,0x08CD,0x08AB,0x08AA,0x08AA,0x08AA,
  0x08AA,0x08AA,0x08AA,0x08AA,0x08AA,0x08AA,0x08AA,0x088A,0x088A,0x088A,0x088A,0x088A,0x0889,0x0889,0x0889,0x0889,
  0x0889,0x0889,0x0889,0x0889,0x0889,0x0889,0x0889,0x0889,0x1089,0x1089,0x1089,0x1089,0x1089,0x1089,0x1089,0x1089,
  0x1089,0x1089,0x1089,0x1089,0x1089,0x0868,0x900B,0xC88D,0xC9D2,0x890C,0x7807,0xF0B7,0xEA17,0xC04F,0xF816,0xF816,
  0xF836,0xF1F5,0xFBF7,0xDC36,0xBA91,0xB86C,0x700B,0x486C,0x386B,0x286A,0x206A,0x186A,0x208A,0x286A,0x412E,0xF117,
  0xD812,0x880C,0xF0F8,0xC3D9,0xE9D9,0xF098,0xE1B8,0xF2D8,0xF957,0xF856,0xF013,0xF176,0xFCD9,0xE88E,0x980D,0x606D,
  0x384C,0x714D,0x38CB,0x20ED,0x2909,0x20EA,0x59AD,0xF995,0xF00F,0xF0F1,0xF0B0,0xFD38,0xE152,0x802F,0x5890,0x4890,
  0x48D1,0x40D2,0x221B,0x2E5F,0x7FFF,0x3EDF,0x227A,0x38AD,0x490C,0x714E,0x716E,0x918E,0x814E,0x40EC,0x490D,0x612D,
  0x48EC,0x28AA,0x1889,0x1889,0x2069,0x288A,0x40CF,0x48F1,0x40D1,0x48D1,0x48D0,0x286B,0x1848,0x1828,0x108D,0x02DE,
  0x037F,0x20F5,0x380D,0x382C,0x5031,0xC03C,0xF83F,0xC81D,0xF0DE,0xFB5F,0xF93F,0xF87F,0xFA7F,0xFB1F,0xFA1F,0xF89F,
  0xF01E,0xF01E,0xFA5F,0xF9DF,0xF87F,0xFADF,0xF91F,0xE85E,0xFA3F,0xE89E,0x5810,0x282B,0x282A,0x1828,0x1829,0x182A,
  0x186D,0x102A,0x0827,0x0828,0x084A,0x008E,0x03BC,0x2FDF,0x169F,0x01F9,0x10B6,0x2896,0x280D,0x2809,0x400C,0x500D,
  0x500D,0x500D,0x600E,0x682E,0x780F,0x8010,0x8811,0x9812,0xD818,0xF93E,0xF9BF,0xF05D,0xB014,0x9011,0x8010,0x700F,
  0x680F,0x600E,0x500D,0x380A,0x300A,0x300D,0x3011,0x3030,0x2830,0x2030,0x202E,0x184D,0x104B,0x084C,0x084C,0x084A,
  0x0849,0x006B,0x0132,0x03BD,0x05DF,0x067F,0x071F,0x0EDF,0x03DF,0x0132,0x10AC,0x108A,0x1069,0x1048,0x0846,0x0826,
  0x1047,0x1048,0x2069,0x286A,0x308B,0x406B,0x486C,0x486B,0x686C,0x784C,0xC02F,0xD00F,0x684C,0x384A,0x3049,0x3049,
  0x306A,0x286A,0x1068,0x0846,0x0024,0x0024,0x0024,0x0846,0x0868,0x10AB,0x10AB,0x08AA,0x08AB,0x08AB,0x08AB,0x08AB,
  0x08AA,0x08AB,0x08AB,0x08AB,0x08AB,0x08AB,0x08AB,0x08AA,0x08AA,0x08AB,0x08AB,0x10AC,0x10CC,0x10CC,0x10CC,0x10CD,
  0x10CD,0x10CD,0x10ED,0x18CE,0x18EE,0x18EE,0x10CC,0x0869,0x0868,0x10AB,0x10AB,0x1069,0x0848,0x710C,0xE9F0,0x792E,
  0x188B,0x20AC,0x10AC,0x10CC,0x10CC,0x10CC,0x10CC,0x10AB,0x10AB,0x10AB,0x08AB,0x08AB,0x08AB,0x08AB,0x08AB,0x10AB,
  0x08AB,0x08AB,0x08CB,0x08CC,0x08CC,0x08CC,0x08CD,0x08CD,0x08EE,0x08EE,0x08EF,0x08CD,0x08AB,0x08AA,0x08AA,0x08AB,
  0x08AA,0x08AA,0x08AA,0x08AA,0x08AA,0x08AA,0x08AA,0x088A,0x088A,0x088A,0x088A,0x088A,0x0889,0x0889,0x0889,0x0889,
  0x0889,0x0889,0x0889,0x0889,0x0889,0x0889,0x0889,0x0889,0x0889,0x1089,0x1089,0x1089,0x1089,0x1089,0x1089,0x1089,
  0x1089,0x1089,0x1089,0x1089,0x1089,0x0889,0x388A,0xB00B,0xB88C,0xD1F2,0xBA30,0xD090,0xF815,0xF238,0xF117,0xF817,
  0xF817,0xD010,0xF015,0xF917,0xFAFA,0xFD3A,0xD96E,0x800B,0x488C,0x306A,0x286A,0x206A,0x206A,0x306B,0x20CB,0xC195,
  0xE813,0x980C,0xE835,0xA315,0xA092,0xF859,0xE09A,0xDA17,0xC192,0xE237,0xF9B8,0xF917,0xFAF8,0xFD9A,0xE8AF,0x982D,
  0x482C,0x58CD,0x50CA,0x28EC,0x312D,0x20AA,0x3129,0xE9B3,0xC80C,0xE890,0xF932,0xF930,0xFCD9,0xC830,0x7870,0x60B1,
  0x58B2,0x48D2,0x3136,0x1B3D,0x2CDE,0x3B5B,0x6993,0x896F,0xA190,0xC211,0xB211,0xA9D0,0x794E,0x38EC,0x40EC,0x50EC,
  0x40AB,0x20AC,0x18AB,0x1868,0x1067,0x1869,0x30AD,0x40D1,0x48D1,0x48D1,0x48D0,0x306C,0x1848,0x1848,0x108E,0x02FE,
  0x037F,0x18D5,0x300B,0x382C,0x5031,0xC83D,0xF85F,0xD01E,0xF0BF,0xFB5F,0xF97F,0xF01F,0xF91F,0xFA7F,0xFABF,0xFA1F,
  0xF0BF,0xF03F,0xF9FF,0xF99F,0xF89F,0xFADF,0xF93F,0xF05F,0xF9BF,0xF07E,0x5810,0x282A,0x2029,0x1026,0x0825,0x0825,
  0x184B,0x184A,0x0827,0x0827,0x0849,0x086C,0x0299,0x0E5F,0x0D5F,0x0178,0x1093,0x2051,0x200B,0x2809,0x400B,0x500D,
  0x580D,0x580D,0x680F,0x7810,0x8810,0x9011,0xA032,0xB013,0xE89C,0xFB7F,0xFBFF,0xF91F,0xC816,0x9812,0x8811,0x7810,
  0x700F,0x600E,0x480C,0x3009,0x2808,0x2009,0x200B,0x200B,0x200C,0x202C,0x182C,0x104D,0x104E,0x1070,0x0892,0x088E,
  0x088D,0x00AF,0x0239,0x061F,0x17FF,0x0F3F,0x063F,0x053F,0x029B,0x00CE,0x088A,0x0869,0x1069,0x1069,0x1069,0x188A,
  0x188A,0x186B,0x208B,0x288B,0x308B,0x406B,0x406B,0x686C,0xC84F,0xD850,0xF071,0xE831,0x702D,0x2849,0x2847,0x1826,
  0x1826,0x1826,0x1026,0x0845,0x0846,0x1068,0x108A,0x10AC,0x10CC,0x18CD,0x10AC,0x08AB,0x08AB,0x08AB,0x08AB,0x08AB,
  0x08AB,0x08AB,0x08AB,0x08AB,0x08AB,0x08AA,0x08AB,0x08AA,0x08AB,0x08AB,0x08AB,0x10AC,0x10CC,0x10CC,0x10CC,0x10CD,
  0x18CD,0x18EE,0x18EE,0x18EE,0x18EE,0x18EE,0x10CC,0x0869,0x0868,0x108A,0x106A,0x1089,0x0869,0x712D,0xF271,0x816E,
  0x108C,0x20CD,0x18CD,0x10CC,0x10CC,0x10CC,0x10CC,0x10AC,0x10CB,0x10CB,0x08AB,0x08AB,0x08AB,0x10AB,0x08AB,0x10AB,
  0x08CB,0x10CB,0x08CC,0x08CC,0x08CC,0x08CC,0x08ED,0x08EE,0x08EE,0x090F,0x08EF,0x08ED,0x08CC,0x08AA,0x08AA,0x10AB,
  0x08AA,0x08AA,0x08AA,0x08AA,0x08AA,0x08AA,0x08AA,0x08AA,0x108A,0x108A,0x108A,0x108A,0x088A,0x0889,0x0889,0x0889,
  0x0889,0x0889,0x0889,0x0889,0x0889,0x0889,0x0889,0x0889,0x1089,0x0889,0x1089,0x1089,0x1089,0x1089,0x1089,0x1089,
  0x1089,0x1089,0x1089,0x1089,0x1089,0x1089,0x0069,0x70AC,0xC80A,0x9008,0xC190,0xE995,0xE833,0xEB5A,0xD296,0xF137,
  0xF818,0xF838,0xF879,0xE012,0xD80F,0xF9B9,0xFDFC,0xE9CF,0x880A,0x488B,0x386A,0x286A,0x206A,0x288B,0x208A,0x89D2,
  0xD872,0xD811,0xE814,0xB9F5,0x88F0,0xB033,0xF039,0xE819,0xE057,0xB070,0xC8B2,0xD914,0xF9B7,0xFB39,0xFCD9,0xD84E,
  0x682C,0x486C,0x68CB,0x20A9,0x398D,0x2069,0x0843,0xDAF6,0xD06F,0xD80D,0xF994,0xF973,0xFB35,0xFB97,0xC011,0x80B2,
  0x68B2,0x58B2,0x40B1,0x28D0,0x28F0,0x50EF,0x898F,0x99AF,0x918F,0x898F,0x716F,0x510D,0x30CB,0x20AA,0x28CC,0x290F,
  0x21D4,0x2B19,0x2A76,0x18CB,0x1867,0x1869,0x30AE,0x48D0,0x48D1,0x48D1,0x48D0,0x306C,0x1848,0x1848,0x106C,0x021C,
  0x023E,0x1891,0x302B,0x382C,0x4830,0xC05D,0xF87F,0xD01E,0xF0BF,0xFB1F,0xF95F,0xE81E,0xF03F,0xF95F,0xFA9F,0xFA7F,
  0xE8BE,0xE01D,0xF97F,0xF95F,0xF85F,0xF9FF,0xF8DF,0xD81C,0xF03E,0xB819,0x380B,0x1827,0x1006,0x0804,0x0804,0x1826,
  0x184B,0x182A,0x0827,0x0828,0x104A,0x086C,0x0155,0x03FF,0x02DE,0x00B2,0x106E,0x202D,0x200A,0x2809,0x380B,0x500D,
  0x600E,0x700F,0x8010,0x9011,0xA012,0xA833,0xB834,0xC815,0xF09C,0xFB7F,0xFBDF,0xF8FE,0xD016,0xB014,0xB814,0xB815,
  0x9011,0x680E,0x500C,0x380A,0x2809,0x280B,0x300F,0x2830,0x2830,0x2832,0x1896,0x10F9,0x10FA,0x091C,0x091C,0x08D5,
  0x08B0,0x00D1,0x0196,0x03BD,0x053F,0x049F,0x049F,0x04BF,0x027B,0x00F1,0x08CD,0x10AD,0x10AD,0x18AC,0x188C,0x188C,
  0x188B,0x188A,0x208A,0x288B,0x388B,0x408B,0x406B,0x906D,0xF8D2,0xF8D2,0xF050,0xD02E,0x602A,0x2026,0x1825,0x1024,
  0x1025,0x1847,0x186A,0x188B,0x18AC,0x18CC,0x18CD,0x10CC,0x10CC,0x18CD,0x10AC,0x10AB,0x08AB,0x08AB,0x08AB,0x08AB,
  0x08AB,0x08AB,0x08AB,0x08AB,0x08AB,0x08AB,0x08AB,0x08AB,0x08AB,0x08AB,0x08AB,0x10CC,0x10CC,0x10CC,0x10CD,0x10CD,
  0x18CE,0x18EE,0x18EE,0x18EE,0x18EE,0x18EE,0x18CC,0x0869,0x0868,0x1089,0x108A,0x18EE,0x10CE,0x81AF,0xFB71,0x91CE,
  0x086B,0x18AC,0x10CD,0x10CD,0x10CC,0x10CC,0x10CC,0x10CC,0x10CC,0x10CB,0x10AB,0x10AB,0x10AB,0x10AB,0x10CB,0x10CB,
  0x10CB,0x10CC,0x08CC,0x08CC,0x10CC,0x10ED,0x08ED,0x090F,0x1153,0x1195,0x1174,0x08EE,0x08AA,0x0889,0x08AA,0x10AB,
  0x10AB,0x08AB,0x08AA,0x10AA,0x10AA,0x10AB,0x10AB,0x108B,0x108B,0x108B,0x108B,0x108A,0x108A,0x108A,0x0889,0x0869,
  0x0889,0x0889,0x0889,0x0889,0x0889,0x0889,0x0889,0x0889,0x1089,0x0889,0x1089,0x1089,0x1089,0x1089,0x1089,0x1089,
  0x1089,0x1089,0x1089,0x1089,0x1089,0x1089,0x1069,0x108A,0xB08D,0x9809,0x6806,0xB0CD,0xD8B2,0xF057,0xE857,0xE956,
  0xF1F9,0xF8D8,0xF818,0xF036,0xE833,0xF877,0xF137,0xFD7B,0xF230,0x880B,0x488C,0x386A,0x288A,0x288A,0x206A,0x51AE,
  0xE174,0xF013,0xF814,0xE196,0xD219,0xA012,0xE018,0xF819,0xF019,0xF018,0xD812,0xC00E,0xF8B5,0xF812,0xFB38,0xFAF4,
  0xA00B,0x486C,0x78AC,0x38CA,0x18AA,0x41EE,0x10C5,0xA2D2,0xF8D5,0xF091,0xE80E,0xF8D3,0xFA76,0xFF5E,0xFA16,0xC012,
  0x8892,0x68B3,0x48D1,0x30AC,0x30AB,0x38CD,0x48EE,0x48CD,0x38CD,0x28EF,0x2131,0x1216,0x11F5,0x194F,0x1A35,0x23BC,
  0x3CFF,0x6E3F,0x4C9F,0x2191,0x1848,0x288B,0x48CF,0x50D1,0x50D1,0x50D1,0x48D0,0x306C,0x1848,0x1847,0x104A,0x0179,
  0x01FD,0x2070,0x302A,0x300B,0x4830,0xC05D,0xF87F,0xD01F,0xE89F,0xFADF,0xF0FF,0xD81D,0xF01E,0xF83F,0xF95F,0xF8BF,
  0xE81D,0xE05D,0xF9DF,0xF95F,0xE81D,0xF05E,0xC839,0x502D,0x582E,0x382B,0x1827,0x1807,0x1806,0x1026,0x2027,0x482B,
  0x202D,0x204B,0x1029,0x0828,0x106A,0x086E,0x02BB,0x0E3F,0x047F,0x0114,0x104C,0x202B,0x2009,0x2809,0x400B,0x580E,
  0x700F,0x8810,0xA013,0xB814,0xC815,0xD016,0xD817,0xE018,0xF09D,0xFB5F,0xFBBF,0xF93F,0xF03C,0xF07D,0xF8FE,0xF8FF,
  0xE03A,0x8811,0x682F,0x480C,0x380B,0x4012,0x4838,0x4039,0x3837,0x2879,0x191E,0x09BF,0x017F,0x013D,0x00D9,0x08B1,
  0x008D,0x008E,0x0114,0x039D,0x163F,0x2EDF,0x477F,0x2F9F,0x04BF,0x0176,0x0910,0x10CE,0x10AD,0x10AC,0x188B,0x188B,
  0x188B,0x188A,0x208B,0x308C,0x388C,0x408B,0x386A,0x704B,0xD84E,0xD04E,0x900A,0x6829,0x2826,0x1805,0x2026,0x2047,
  0x2048,0x208A,0x20AD,0x18CD,0x18CD,0x18CC,0x10CC,0x10CC,0x10CC,0x18CD,0x10AC,0x10AB,0x10AB,0x10AB,0x10AB,0x08AB,
  0x08AB,0x08AB,0x08AB,0x08AB,0x08AB,0x08AB,0x08AB,0x08AB,0x08AB,0x10AB,0x10CB,0x10AC,0x10AC,0x10CD,0x10CD,0x10CD,
  0x18CE,0x18EE,0x18EE,0x18EE,0x18EF,0x18EF,0x18CD,0x1089,0x0868,0x1089,0x10AC,0x2132,0x10F1,0x9210,0xFC32,0x9A0F,
  0x086B,0x10AB,0x10CD,0x10CD,0x10CC,0x10CC,0x10CC,0x10CC,0x10CC,0x10AB,0x10CB,0x10CB,0x10CC,0x10CC,0x10CC,0x10CC,
  0x10CC,0x10CC,0x10CC,0x10CC,0x10CC,0x10ED,0x1172,0x1A3B,0x3B5F,0x74DF,0x541F,0x1195,0x0889,0x0867,0x1068,0x18AA,
  0x108A,0x088A,0x08AA,0x10AA,0x10AA,0x088B,0x108B,0x188C,0x188C,0x188C,0x188B,0x108B,0x108A,0x108A,0x106A,0x1089,
  0x1089,0x1089,0x0889,0x0889,0x0889,0x0889,0x0889,0x1089,0x0889,0x1089,0x1089,0x1089,0x1089,0x1089,0x1069,0x1069,
  0x1069,0x1069,0x1089,0x1089,0x1069,0x1069,0x1089,0x0869,0x488D,0xA84C,0x7828,0xB96F,0x5026,0x884D,0xF8BB,0xF87A,
  0xF27A,0xFA7B,0xF9DA,0xF898,0xF817,0xF8D8,0xF075,0xF096,0xFD3C,0xEAD2,0x880B,0x506B,0x388B,0x288A,0x286A,0x290B,
  0xD235,0xF813,0xF814,0xB050,0xBA76,0xC9D9,0xBA58,0xC1F8,0xB1F7,0xBA99,0xC976,0xF012,0xF833,0xF813,0xF895,0xFD3B,
  0xD08E,0x682C,0x70CD,0x60EC,0x20CC,0x20CB,0x294A,0xA394,0xF996,0xF852,0xF0B1,0xF811,0xF0B4,0xFD7B,0xFF3E,0xF155,
  0xC034,0x80B3,0x50D1,0x30AD,0x288C,0x20EF,0x1932,0x11F6,0x131A,0x133B,0x133B,0x149F,0x0C3F,0x1299,0x12FA,0x1C7F,
  0x2CDE,0x3CBD,0x337A,0x190E,0x1869,0x38AC,0x58F1,0x60F2,0x50D1,0x50D1,0x50D1,0x308C,0x1848,0x1847,0x104A,0x023B,
  0x02FF,0x18F5,0x280A,0x302B,0x4830,0xC05D,0xF87F,0xD01E,0xE87F,0xFADF,0xF0FF,0xD81D,0xF01E,0xF89F,0xF9FF,0xF91F,
  0xF83F,0xF85F,0xF8DF,0xE87D,0x7811,0x580E,0x380A,0x2007,0x7811,0x8012,0x380C,0x282A,0x2029,0x1828,0x2028,0x582C,
  0x3050,0x282E,0x182A,0x1029,0x104B,0x08B1,0x04BE,0x37FF,0x167F,0x01D7,0x106F,0x204D,0x200A,0x300A,0x480D,0x680F,
  0x8810,0xC817,0xE83B,0xF07C,0xF89D,0xF8DD,0xF8FE,0xF93E,0xFA3F,0xFBDF,0xFC1F,0xFAFF,0xFA7F,0xFB1F,0xFB9F,0xFB5F,
  0xF8DE,0xA814,0x7830,0x580E,0x400D,0x4815,0x483B,0x403B,0x3039,0x2859,0x10FB,0x015D,0x00FB,0x0096,0x0073,0x086F,
  0x00AE,0x00D1,0x01F9,0x05FF,0x67FF,0x8FFF,0x8FFF,0x4FFF,0x04FF,0x0176,0x0911,0x10EF,0x10CD,0x10AC,0x108C,0x188C,
  0x188B,0x188A,0x208A,0x286A,0x306A,0x2849,0x2827,0x3027,0x8009,0x900A,0x900A,0x982B,0x5029,0x2848,0x3069,0x2869,
  0x2069,0x206B,0x18AC,0x18AC,0x18CC,0x18CC,0x10CC,0x10CC,0x18CC,0x4131,0x3910,0x10AC,0x10AC,0x10AB,0x10AB,0x10AB,
  0x10AB,0x08AB,0x08AB,0x10AB,0x08AB,0x08AB,0x08AB,0x10AB,0x10AB,0x10AC,0x10CC,0x10CC,0x10CC,0x10CD,0x10CD,0x18CD,
  0x18EE,0x18EE,0x18EE,0x18EF,0x20EF,0x210F,0x18CD,0x1089,0x0869,0x10AC,0x18CD,0x18CF,0x108E,0x798F,0xFB71,0x89D0,
  0x10AD,0x18CE,0x18CE,0x18ED,0x10CD,0x10CC,0x10CC,0x10CC,0x10CC,0x10CC,0x10CC,0x10CC,0x10CC,0x10CC,0x10CC,0x10CC,
  0x08CB,0x08AA,0x088A,0x0889,0x0868,0x0889,0x1152,0x1A5D,0x3B5F,0x647F,0x4BBE,0x1975,0x20ED,0x18CC,0x1089,0x1889,
  0x0868,0x0847,0x0867,0x1089,0x10AA,0x30ED,0x38CF,0x188D,0x188D,0x188C,0x188C,0x188C,0x188B,0x106A,0x108A,0x108A,
  0x1089,0x1089,0x1089,0x0889,0x0889,0x0889,0x1089,0x1089,0x1089,0x1089,0x1089,0x1089,0x108A,0x1089,0x1089,0x1069,
  0x1069,0x1089,0x1089,0x1089,0x1089,0x1069,0x1089,0x1869,0x086A,0x80EE,0xB00A,0xB8AD,0x5827,0x2803,0xB853,0xF91C,
  0xF2BB,0xF818,0xF93B,0xFADB,0xFA59,0xF815,0xF015,0xE813,0xF054,0xFD9C,0xEB74,0x882C,0x486B,0x308A,0x288A,0x1849,
  0x8AB3,0xF896,0xB80E,0x708B,0xA90F,0x598E,0x4270,0x39EE,0x31CE,0x318D,0x7192,0xF8B5,0xF012,0xF013,0xF014,0xFB3A,
  0xFC16,0xA00B,0x708E,0x810D,0x288A,0x28AB,0x0825,0x714C,0xC190,0xE090,0xF873,0xF052,0xF8D4,0xFB17,0xFFDE,0xFEBD,
  0xE834,0x9894,0x58B1,0x388D,0x2193,0x137C,0x0BFD,0x0CFF,0x1DFF,0x0D5F,0x0BFE,0x0C9F,0x0C3E,0x11F5,0x1192,0x11F3,
  0x11B1,0x1150,0x10CC,0x1889,0x1869,0x288B,0x50CF,0x60F2,0x58D2,0x58D1,0x50B1,0x386C,0x1848,0x1827,0x104C,0x0ABD,
  0x13DF,0x1956,0x300B,0x302C,0x4830,0xB83D,0xF85F,0xC81E,0xE87E,0xFB1F,0xF93F,0xF01E,0xF85F,0xF8DF,0xF97F,0xF89E,
  0xC019,0x9014,0xA015,0x8812,0x382A,0x680F,0x7810,0x9814,0xF87F,0xF05D,0x6810,0x282B,0x282A,0x1828,0x2028,0x482C,
  0x3051,0x3030,0x182B,0x1029,0x104B,0x08B0,0x037C,0x16DF,0x055F,0x0196,0x18B3,0x2873,0x282D,0x402C,0x580E,0x702F,
  0xB014,0xF8FF,0xFA9F,0xFAFF,0xFB3F,0xFB7F,0xFB9F,0xFBBF,0xFC1F,0xFC5F,0xFC5F,0xFC3F,0xFC3F,0xFC1F,0xFC3F,0xFB7F,
  0xF0DE,0xA814,0x7811,0x580E,0x400D,0x4012,0x3815,0x3034,0x2832,0x2813,0x1857,0x08BC,0x08BC,0x10FC,0x10FD,0x08B8,
  0x00F4,0x0117,0x023B,0x063F,0x5FFF,0x77DF,0x77FF,0x3FDF,0x04BF,0x0177,0x0912,0x1111,0x18EF,0x10AD,0x18AD,0x188C,
  0x186A,0x1869,0x1848,0x1847,0x1827,0x2027,0x2827,0x7009,0xE06E,0xF08F,0xF830,0xE010,0x704B,0x3049,0x304A,0x2869,
  0x2069,0x206B,0x18AC,0x18AD,0x18AD,0x18CC,0x18CC,0x10AC,0x290F,0x91D9,0x81D8,0x18CE,0x10CC,0x10AC,0x10AB,0x10AB,
  0x10AB,0x10AB,0x10AB,0x10AB,0x10AB,0x10AB,0x10AB,0x10AB,0x10AC,0x10CC,0x10CC,0x10CC,0x10CD,0x10CD,0x18CD,0x18CE,
  0x18EE,0x18EE,0x18EF,0x20EF,0x20EF,0x2110,0x18EE,0x108A,0x108B,0x20F0,0x18EF,0x10AC,0x086B,0x510D,0xBA31,0x6950,
  0x10CE,0x20EF,0x18EF,0x18EE,0x10ED,0x10CC,0x10CC,0x10CC,0x10CC,0x10CC,0x10CC,0x10CC,0x10AB,0x08AA,0x0889,0x0868,
  0x0867,0x0046,0x0045,0x0025,0x0025,0x0025,0x0847,0x108C,0x08CD,0x08EE,0x10CE,0x108B,0x210E,0x290F,0x18AB,0x1089,
  0x0868,0x0867,0x1068,0x1068,0x30CB,0xD1B6,0xD978,0x48B0,0x206D,0x288D,0x286E,0x206D,0x206C,0x186B,0x188B,0x108A,
  0x108A,0x1089,0x1089,0x1089,0x1089,0x1089,0x1089,0x1089,0x1089,0x1089,0x1089,0x108A,0x108A,0x1069,0x1069,0x1069,
  0x1069,0x1069,0x1069,0x1069,0x1069,0x1069,0x1069,0x1889,0x1069,0x28AB,0xB8EE,0xC80B,0x8029,0xA88D,0x886C,0xD1D6,
  0xFB1A,0xF877,0xF818,0xF83A,0xF9FA,0xF33A,0xF116,0xE011,0xE011,0xF8F6,0xFBF5,0xDA70,0x80AC,0x3049,0x288A,0x2049,
  0x4A0F,0xFA18,0xD810,0xA06D,0x806A,0x818E,0x294D,0x316D,0x296D,0x214B,0x41AE,0xB213,0xE872,0xE011,0xE854,0xF014,
  0xFD5B,0xD98F,0x800C,0x912D,0x2826,0x1867,0x0887,0x5849,0xC850,0x9A0C,0xEA13,0xF811,0xF0F3,0xFA98,0xFB98,0xFEDD,
  0xF9B6,0xB033,0x68B1,0x38AF,0x1ABA,0x14DF,0x151F,0x0D1F,0x0D5F,0x03DD,0x0A37,0x0A16,0x09D5,0x10EE,0x188B,0x1889,
  0x188A,0x188A,0x188A,0x1889,0x1869,0x208A,0x30AE,0x58D1,0x58D1,0x50D1,0x50B1,0x386D,0x1849,0x1828,0x184B,0x11FA,
  0x1A9D,0x20D1,0x280A,0x302B,0x402F,0xB83C,0xF83F,0xD01E,0xE03E,0xF9BF,0xF89F,0xE01D,0xF03D,0xC019,0x9815,0x7010,
  0x580E,0x8011,0xC839,0xE07C,0xC017,0xE03C,0xE83C,0xD01B,0xF99F,0xF8DE,0x6810,0x2829,0x282A,0x2028,0x2029,0x404C,
  0x284E,0x302F,0x202C,0x1029,0x106B,0x086E,0x0218,0x057F,0x03FF,0x0114,0x20D6,0x3898,0x3831,0x480F,0x6010,0x7830,
  0xC016,0xF9BF,0xFC3F,0xFC3F,0xFC3F,0xFC3F,0xFBFF,0xFBFF,0xFC3F,0xFC7F,0xFC5F,0xFB7F,0xFA9F,0xFA1F,0xF9DF,0xF91F,
  0xE03B,0x9013,0x7010,0x500D,0x380B,0x300E,0x3012,0x2012,0x2013,0x185A,0x217F,0x2A3F,0x2A5F,0x2ABF,0x223F,0x00FC,
  0x0116,0x015A,0x029D,0x0E7F,0x5FFF,0x7FDF,0x87FF,0x47FF,0x04DF,0x0178,0x0933,0x1111,0x10CE,0x108C,0x106A,0x0848,
  0x1047,0x1026,0x1026,0x1847,0x2848,0x386A,0x486B,0xB82E,0xF9F1,0xFAD1,0xF971,0xF070,0x782C,0x304A,0x304A,0x2869,
  0x2069,0x206A,0x18AC,0x18CD,0x18AC,0x18CC,0x18CD,0x10CC,0x210F,0x823B,0x721A,0x18EE,0x10CC,0x10CC,0x10AC,0x10AC,
  0x10AC,0x10AB,0x10AB,0x10AB,0x10AB,0x08AB,0x10AB,0x10AC,0x10CC,0x10CC,0x10CC,0x10CC,0x10CD,0x10CD,0x18CE,0x18CE,
  0x18EE,0x18EF,0x18EF,0x20F0,0x2110,0x2110,0x18EE,0x108A,0x108B,0x18CE,0x10AC,0x108A,0x086A,0x510D,0xC212,0x7130,
  0x10AD,0x18CE,0x18EE,0x18EE,0x18ED,0x10CD,0x10CC,0x10CC,0x10CC,0x10CB,0x08AA,0x0889,0x0867,0x0046,0x0045,0x0025,
  0x0024,0x0825,0x2029,0x284B,0x1048,0x0846,0x2027,0x2027,0x1047,0x0867,0x0867,0x0868,0x1089,0x10AA,0x1089,0x1068,
  0x1068,0x1069,0x1089,0x1069,0x20AB,0xB194,0xD157,0x488F,0x204D,0x384F,0x306F,0x306F,0x306E,0x286D,0x206C,0x188B,
  0x188A,0x108A,0x1089,0x1089,0x1089,0x1089,0x1089,0x1089,0x1089,0x1089,0x108A,0x108A,0x188B,0x188A,0x186A,0x186A,
  0x186A,0x186A,0x1869,0x1869,0x1869,0x1069,0x1869,0x1889,0x188A,0x1049,0x612F,0xD88E,0xA00A,0x88CC,0x4867,0x50A9,
  0xF216,0xFA59,0xF819,0xF838,0xF818,0xF0F9,0xF2DA,0xF278,0xE0D2,0xA80B,0xF173,0xB96C,0xAA0D,0x68CC,0x306A,0x308B,
  0x28CB,0xA9D3,0xF896,0xF812,0xC00D,0xA92F,0x518D,0x318C,0x318E,0x316D,0x296C,0x696D,0xA10E,0xE093,0xF034,0xF013,
  0xFA18,0xFCF7,0xA80A,0x90AC,0x5088,0x1805,0x1087,0x38C9,0xE872,0xC06C,0x90A9,0xE872,0xF0D3,0xF1B7,0xF816,0xFE9D,
  0xFB78,0xD013,0x70D2,0x40AE,0x21B5,0x12FB,0x0A99,0x0A79,0x0A9A,0x11D6,0x1174,0x1174,0x1173,0x18EE,0x18AB,0x188A,
  0x188A,0x188A,0x188A,0x1889,0x1869,0x208A,0x38AE,0x58D1,0x58D1,0x50B1,0x58B1,0x406D,0x2049,0x1848,0x1849,0x10AF,
  0x10D0,0x204B,0x282A,0x302B,0x404F,0xB03D,0xF03F,0xA81A,0x8015,0xC81B,0x8813,0x482C,0x7010,0x7810,0x9033,0xB837,
  0xE01C,0xF85F,0xFA1F,0xFA5F,0xF87E,0xF8BF,0xF09D,0xD01B,0xF9BF,0xF8FF,0x8812,0x384B,0x284A,0x2029,0x1828,0x1829,
  0x1029,0x202C,0x182B,0x1029,0x106B,0x088F,0x039C,0x1F5F,0x0D9F,0x01B8,0x18D7,0x3077,0x3830,0x5030,0x6811,0x7831,
  0xA814,0xF8BE,0xFA7F,0xFA5F,0xF9FF,0xF9BF,0xF97F,0xFA7F,0xFBFF,0xFC7F,0xFC1F,0xF9DF,0xE83C,0xE03B,0xD81A,0xC818,
  0xA015,0x8012,0x6810,0x480D,0x380D,0x3816,0x387D,0x289D,0x107C,0x115F,0x3B7F,0x4C5F,0x43FF,0x3BFF,0x22FF,0x013D,
  0x0118,0x017C,0x031F,0x271F,0x7FFF,0x87FF,0x97FF,0x4FFF,0x04FF,0x0177,0x08F0,0x08AC,0x086A,0x0848,0x0847,0x0847,
  0x1048,0x1868,0x2069,0x308B,0x408B,0x488C,0x586C,0xC04E,0xFAF1,0xFC71,0xFBF1,0xFA11,0xB02E,0x406B,0x384A,0x2869,
  0x2069,0x206A,0x18AC,0x18CD,0x10CD,0x18CD,0x18CD,0x10CC,0x2110,0x527A,0x4239,0x10EF,0x10CC,0x10CC,0x10AC,0x10AC,
  0x10AC,0x10AC,0x10AB,0x10AB,0x10AB,0x10AB,0x10AB,0x10AC,0x10AC,0x10CC,0x10CC,0x10CD,0x10CD,0x18CD,0x18CE,0x18CE,
  0x20EF,0x20EF,0x20F0,0x20F0,0x2110,0x2110,0x18EE,0x108A,0x0869,0x108B,0x108B,0x108A,0x086A,0x714E,0xFAD3,0x99D2,
  0x10CF,0x18CE,0x18EE,0x18EE,0x18EE,0x10CD,0x10CD,0x10CC,0x10CC,0x1089,0x0847,0x0046,0x0025,0x0024,0x0846,0x1048,
  0x0847,0x1068,0x406E,0x48B1,0x206A,0x1047,0x384A,0x304A,0x1047,0x0867,0x0846,0x0846,0x1047,0x1068,0x1069,0x1869,
  0x1869,0x106A,0x186A,0x186A,0x1869,0x206A,0x286A,0x482C,0xB818,0xC85B,0x9818,0x7014,0x4831,0x306F,0x288D,0x206C,
  0x188B,0x108A,0x1089,0x1089,0x1089,0x1089,0x1089,0x1089,0x1089,0x108A,0x108A,0x188B,0x188B,0x186A,0x188A,0x186A,
  0x186A,0x186A,0x186A,0x186A,0x186A,0x186A,0x186A,0x186A,0x186A,0x186A,0x188B,0xA990,0xC80B,0x9009,0x5807,0x2804,
  0x788B,0xB172,0xF078,0xF018,0xF058,0xF018,0xF017,0xF979,0xEAD8,0xB190,0xD8B0,0xD8F0,0x7066,0x4867,0x386B,0x38CC,
  0x288B,0x588B,0x58A9,0xC193,0xF031,0x982C,0x590C,0x298D,0x218C,0x216C,0x196B,0x7971,0xB810,0x892F,0xF117,0xF013,
  0xF013,0xFC3A,0xD210,0x900A,0x60A9,0x1827,0x1066,0x290B,0xB0AD,0xC80C,0xD04F,0xC8AE,0xF994,0xF175,0xF856,0xFCBB,
  0xFD9B,0xD813,0x78B1,0x40AC,0x288C,0x20AE,0x18F0,0x1974,0x19F7,0x19D6,0x19B6,0x19B6,0x1995,0x1910,0x18AC,0x188A,
  0x188A,0x188A,0x188A,0x1869,0x1869,0x206A,0x38AD,0x58D2,0x60B2,0x58B1,0x60B1,0x406E,0x2049,0x1848,0x1848,0x1048,
  0x1048,0x204A,0x302B,0x302B,0x302C,0x5832,0x7815,0x400D,0x2008,0x8013,0x7010,0x680F,0xC819,0xF87E,0xF89F,0xF85F,
  0xF89F,0xFA1F,0xFB1F,0xFA5F,0xF83E,0xF89F,0xF89E,0xD81C,0xF89F,0xF85E,0x8012,0x384B,0x2028,0x1026,0x0825,0x0825,
  0x1029,0x1049,0x1029,0x1029,0x106B,0x08D1,0x04BE,0x47FF,0x1E9F,0x023B,0x10D7,0x2873,0x302E,0x5031,0x6812,0x7811,
  0x8832,0xC017,0xE01B,0xE01A,0xE01A,0xE81A,0xF01D,0xFA7F,0xFC5F,0xFC7F,0xFBFF,0xF95F,0xD818,0xC016,0xB035,0xA034,
  0x9033,0x7811,0x6010,0x480D,0x4010,0x489D,0x527F,0x3ABF,0x113F,0x097F,0x43DF,0x54BF,0x4C5F,0x443F,0x2B3F,0x015E,
  0x0119,0x019C,0x031F,0x1EDF,0x47FF,0x2F5F,0x2F1F,0x0E1F,0x02FC,0x00F1,0x00AC,0x088C,0x088C,0x10AC,0x10AD,0x18AD,
  0x20AD,0x208C,0x208B,0x308C,0x408C,0x488C,0x586D,0xC86E,0xFBB2,0xFD53,0xFD93,0xFB71,0xB84E,0x486B,0x406B,0x306A,
  0x2869,0x208B,0x18AC,0x18CD,0x18CD,0x18CD,0x18CD,0x10CC,0x2110,0x4A5A,0x4219,0x10EF,0x10CC,0x10CC,0x10CC,0x10AC,
  0x10AC,0x10AC,0x10AC,0x10AC,0x10AB,0x10AC,0x10AC,0x10AC,0x10AC,0x10CC,0x10CC,0x10CD,0x10CD,0x18CD,0x18CE,0x18CE,
  0x20EF,0x20EF,0x20F0,0x20F0,0x2110,0x2111,0x18EF,0x108B,0x108B,0x18CE,0x18CE,0x18CD,0x088C,0x796E,0xFB33,0x9A32,
  0x1910,0x18EF,0x18EE,0x18EE,0x18EE,0x18ED,0x10CD,0x10CC,0x10CC,0x108B,0x1069,0x0847,0x0025,0x0024,0x0846,0x1067,
  0x1047,0x0847,0x1849,0x206A,0x1047,0x0826,0x1847,0x1847,0x1026,0x0846,0x0846,0x1867,0x2889,0x308B,0x30AC,0x28AD,
  0x288D,0x208D,0x288D,0x288D,0x204B,0x182A,0x2029,0xB035,0xFA1F,0xFC3F,0xFADF,0xF17E,0xD09C,0xA818,0x7014,0x384F,
  0x206B,0x188B,0x108A,0x1089,0x1089,0x1089,0x1089,0x1089,0x1089,0x108A,0x188A,0x188B,0x188B,0x186A,0x206B,0x206B,
  0x206A,0x206A,0x186A,0x186A,0x186A,0x186A,0x186A,0x186A,0x186A,0x208A,0x104A,0x494E,0xD92F,0xB00A,0x986B,0x2805,
  0x2025,0xB933,0xFADC,0xF8FA,0xF818,0xF818,0xF818,0xF818,0xF838,0xF9BA,0xE996,0xE213,0xCAF2,0x6046,0x4805,0x4809,
  0x286B,0x60AC,0xA809,0x3886,0xD193,0xB82D,0x790D,0x48CC,0x50ED,0x40EC,0x210A,0x61B0,0xD835,0x806D,0xA10E,0xF8B5,
  0xF814,0xF8B4,0xF416,0xA04A,0x7069,0x1025,0x1046,0x10CA,0x98ED,0xE00E,0xF854,0xD80D,0xE9F2,0xFA77,0xF855,0xFAB9,
  0xFEFD,0xE072,0x8071,0x48AD,0x308B,0x28AC,0x1910,0x1994,0x19B5,0x3A16,0x39D7,0x21B6,0x19B6,0x1952,0x18EF,0x18AC,
  0x18AA,0x18AB,0x18AB,0x188A,0x2069,0x206A,0x38AE,0x60D2,0x68D2,0x60B2,0x68B2,0x488E,0x2049,0x2048,0x1848,0x1848,
  0x1848,0x2049,0x2029,0x2028,0x1827,0x2809,0x480E,0x400D,0x7012,0xF07E,0xE87D,0xE83D,0xF97F,0xF9DF,0xE09D,0xB819,
  0xE83D,0xF9DF,0xFAFF,0xFA1F,0xF01D,0xE83E,0xE83D,0x8815,0xA017,0x8814,0x282A,0x1027,0x0826,0x0825,0x0847,0x0868,
  0x184B,0x1049,0x1028,0x1049,0x186C,0x08B1,0x047D,0x37FF,0x167F,0x023C,0x10F9,0x2873,0x300D,0x5010,0x6811,0x7811,
  0x8812,0x9032,0xA834,0xC035,0xD016,0xE819,0xF99F,0xFBFF,0xFC7F,0xFC7F,0xFBFF,0xF95F,0xD819,0xC016,0xA815,0x9814,
  0x8012,0x7011,0x580F,0x480D,0x4011,0x491E,0x5BBF,0x541F,0x21FF,0x093F,0x337F,0x54DF,0x549F,0x4C7F,0x2B3F,0x017E,
  0x0117,0x0159,0x01BB,0x03DE,0x055F,0x047F,0x045F,0x047F,0x025B,0x0133,0x0910,0x1111,0x1932,0x1932,0x1911,0x20F0,
  0x20CF,0x20AD,0x208B,0x308C,0x408C,0x486C,0x586D,0xC88E,0xFB71,0xFD32,0xFD93,0xFBD1,0xC06E,0x506C,0x486B,0x306A,
  0x2869,0x288B,0x18CD,0x18CD,0x18CD,0x18CD,0x18CD,0x18CC,0x1910,0x4A5A,0x39F9,0x10CF,0x10CD,0x10CD,0x10CC,0x10CC,
  0x10AC,0x10AC,0x10AC,0x10AC,0x10AC,0x10AC,0x10AC,0x10CC,0x10CC,0x10AC,0x10CD,0x10CD,0x18CD,0x18CE,0x18CE,0x20CE,
  0x20CF,0x20EF,0x20F0,0x20F1,0x2111,0x2112,0x20EF,0x108B,0x18CE,0x2953,0x2132,0x18F0,0x10AF,0x89D1,0xFC15,0xAA53,
  0x18EF,0x18EE,0x18EE,0x18EF,0x18EE,0x18EE,0x10CD,0x10CD,0x10CD,0x10CD,0x18CD,0x10AB,0x0868,0x0846,0x0845,0x0826,
  0x0846,0x0845,0x0825,0x0825,0x0825,0x0825,0x0825,0x1847,0x2027,0x1847,0x1868,0x2889,0x388A,0x388A,0x388C,0x388F,
  0x38B1,0x38B1,0x3092,0x3071,0x284E,0x282C,0x382D,0x9836,0xF15E,0xFAFF,0xFBBF,0xFC5F,0xFC3F,0xFB7F,0xFA1F,0xD07A,
  0x5030,0x188B,0x108A,0x108A,0x1089,0x1089,0x1089,0x1089,0x108A,0x188A,0x186A,0x188B,0x206B,0x206A,0x286B,0x286B,
  0x286B,0x206A,0x206A,0x206A,0x206A,0x206A,0x206A,0x206A,0x206A,0x206A,0x206A,0x104A,0x9231,0xC86B,0x982A,0x4827,
  0x30E8,0x69EE,0xD0F6,0xC8B4,0xD833,0xF199,0xF818,0xF838,0xF017,0xF816,0xF817,0xF8D8,0xF917,0xF9F6,0xD372,0xB20C,
  0x912C,0x584A,0xE04F,0xC80C,0x6889,0xC911,0xA16F,0xC1D4,0xA0F1,0x78CF,0x690F,0x492D,0xA051,0xD013,0xD095,0xE915,
  0xF0D4,0xF093,0xFA75,0xCA90,0x9008,0x2004,0x498B,0x318B,0x908E,0xE80E,0xE811,0xE06E,0xE130,0xF994,0xF996,0xF916,
  0xFEFD,0xF1F4,0x9811,0x50AD,0x388C,0x28AD,0x210F,0x2152,0x1933,0x7AB6,0xB298,0x3136,0x29B5,0x2153,0x18EF,0x18AC,
  0x18AB,0x18AC,0x18AB,0x188A,0x206A,0x288B,0x40AE,0x60D1,0x70B2,0x78B3,0x80B3,0x5090,0x284A,0x1848,0x1848,0x1047,
  0x1827,0x1827,0x1827,0x1827,0x2028,0x6833,0xD03C,0xC01C,0xC81C,0xFA3F,0xF97F,0xF03E,0xFA5F,0xFA1F,0xD85C,0xA817,
  0xF05D,0xF9FF,0xFA3F,0xF91F,0xB018,0x6811,0x6811,0x282B,0x202A,0x1829,0x1048,0x1047,0x0847,0x0847,0x0868,0x0868,
  0x306F,0x284D,0x1829,0x1049,0x186C,0x08B1,0x049D,0x3FFF,0x169F,0x021D,0x20D9,0x2853,0x300C,0x400D,0x580F,0x7010,
  0x8011,0x9833,0xB035,0xC836,0xE019,0xF91E,0xFB9F,0xFC9F,0xFBBF,0xFBFF,0xFC1F,0xF95F,0xD819,0xB816,0xA015,0x9013,
  0x7812,0x6810,0x580F,0x480D,0x4011,0x493E,0x5BFF,0x5C3F,0x2A7F,0x095F,0x2AFF,0x43FF,0x3B7F,0x2ADF,0x19BF,0x00D8,
  0x00B1,0x00D3,0x0158,0x03FE,0x0E3F,0x167F,0x2F1F,0x2F7F,0x051F,0x01FA,0x0175,0x1155,0x1176,0x1155,0x1135,0x1135,
  0x20F1,0x20AD,0x208C,0x308C,0x488D,0x508D,0x586D,0xA84D,0xF98F,0xFAF0,0xFBF1,0xFAF1,0xC84F,0x586D,0x486C,0x306A,
  0x2869,0x288B,0x20CD,0x18CD,0x18CD,0x18CD,0x18CD,0x18CD,0x2131,0x72BD,0x5A7B,0x18F0,0x10CD,0x10CD,0x10CD,0x10CC,
  0x10AC,0x10AC,0x10CC,0x10AC,0x10CC,0x10CC,0x10CC,0x10CC,0x10CC,0x10CD,0x18CD,0x18CD,0x18CE,0x18CE,0x18CE,0x20CE,
  0x20CF,0x20F0,0x20F1,0x20F1,0x2111,0x2912,0x20F0,0x10AB,0x10CD,0x2111,0x18EF,0x10CE,0x08AF,0x79B3,0xFAF6,0x91B3,
  0x18CD,0x18CC,0x18EE,0x190F,0x18EF,0x18EE,0x18EE,0x18ED,0x10ED,0x18CD,0x18ED,0x18ED,0x10CC,0x10AB,0x10AA,0x1089,
  0x1068,0x0846,0x0845,0x0846,0x0846,0x0825,0x0825,0x1827,0x2047,0x1847,0x2068,0x306A,0x386A,0x384A,0x302B,0x302F,
  0x4835,0x5039,0x487A,0x4879,0x4056,0x3831,0x380F,0x4831,0x7815,0x9818,0xC03B,0xE8FE,0xFA1F,0xFB5F,0xFBDF,0xF95F,
  0x9815,0x188B,0x188B,0x108A,0x108A,0x1089,0x1089,0x1089,0x108A,0x186A,0x186A,0x206B,0x286B,0x286B,0x386C,0x386B,
  0x306B,0x306B,0x286B,0x286B,0x286B,0x286A,0x206A,0x206A,0x286B,0x286B,0x206B,0x204A,0x28EC,0xB9D0,0x9808,0x996E,
  0x2066,0x31E9,0x492A,0x782C,0xD833,0xE8D6,0xF118,0xF817,0xF017,0xF017,0xF816,0xF817,0xF817,0xF817,0xFA19,0xFCBC,
  0xFE3D,0xDCD7,0xD90F,0xF810,0xC84E,0x808A,0xC1D1,0x78CA,0x4026,0x614C,0x598E,0x6292,0xB358,0xB8B3,0xE0D7,0xE012,
  0xE853,0xF216,0xF011,0xEBB5,0xC08A,0x5805,0x41AB,0x3A0E,0x80AD,0xF830,0xF010,0xD84D,0xEAF5,0xF010,0xF994,0xF9F6,
  0xFD9B,0xFC37,0xB010,0x58AE,0x388C,0x28AD,0x20EE,0x2110,0x2133,0x89B2,0xFC39,0x7917,0x31D5,0x2911,0x20AD,0x20AC,
  0x18CD,0x18CD,0x18CC,0x188A,0x206A,0x288B,0x48AE,0x88B3,0xB894,0xD075,0xC054,0x606E,0x2049,0x1826,0x1026,0x1026,
  0x1849,0x2049,0x2829,0x304A,0x304B,0x9038,0xF87F,0xD83F,0xB81D,0xF9FF,0xF91E,0xF03E,0xFABF,0xFABF,0xF09F,0xB038,
  0xC83A,0xE85D,0xE01E,0xC01B,0x502F,0x1027,0x1828,0x1828,0x1828,0x1828,0x1048,0x1048,0x0826,0x0825,0x0025,0x0024,
  0x4052,0x4051,0x282B,0x1028,0x104A,0x088F,0x041D,0x1FBF,0x0E1F,0x01BB,0x2876,0x3030,0x300B,0x400C,0x580F,0x7810,
  0x8812,0xA013,0xC036,0xE018,0xF8BE,0xFB1F,0xFCBF,0xFBBF,0xFA1F,0xFB7F,0xFC1F,0xF93F,0xD819,0xB016,0xA014,0x8813,
  0x7011,0x6810,0x580F,0x400D,0x4011,0x40FF,0x4ADF,0x42DF,0x213E,0x00BB,0x08FD,0x111F,0x08BE,0x007E,0x007C,0x0094,
  0x00F5,0x0159,0x031E,0x171F,0x7FFF,0x97FF,0x9FFF,0x6FFF,0x05FF,0x023B,0x01B8,0x025B,0x02DD,0x02FD,0x03DE,0x045F,
  0x0A9B,0x20F1,0x28AD,0x38AE,0x58AE,0x68AF,0x688E,0x984D,0xF90F,0xFA0F,0xFA70,0xF990,0xA82E,0x506C,0x486C,0x486C,
  0x408C,0x308C,0x20CE,0x18EE,0x18CD,0x18CD,0x18EE,0x18CD,0x3173,0xAB9F,0x8B5E,0x18F1,0x10CD,0x10CD,0x10CD,0x10CC,
  0x10CC,0x10AC,0x10AC,0x10CC,0x10CC,0x10CC,0x10CC,0x10CD,0x10CD,0x10CD,0x18CD,0x18CD,0x18CE,0x18CE,0x20CF,0x20CF,
  0x20CF,0x20F0,0x20F1,0x2911,0x2912,0x2912,0x28F0,0x108B,0x106A,0x108C,0x108B,0x108B,0x08AF,0x2935,0x7176,0x4932,
  0x18EE,0x10AB,0x18EE,0x2910,0x190F,0x18EE,0x18EE,0x18EE,0x18ED,0x18ED,0x18ED,0x18ED,0x18ED,0x18ED,0x18ED,0x18ED,
  0x10AB,0x0847,0x0825,0x0846,0x0846,0x0825,0x0825,0x3027,0x5008,0x2807,0x1848,0x306A,0x506C,0x704F,0x482F,0x5814,
  0xC07E,0xC95F,0xA07F,0x801F,0x601D,0x481A,0x4014,0x3810,0x382F,0x382F,0x4010,0x5813,0x7016,0x9018,0xC05C,0xB83A,
  0x4870,0x208B,0x188B,0x108A,0x108A,0x108A,0x108A,0x108A,0x108A,0x188A,0x206A,0x286B,0x386C,0x400B,0x582C,0x504C,
  0x486C,0x406C,0x386C,0x386B,0x306B,0x306B,0x306B,0x306B,0x306B,0x306B,0x286B,0x286B,0x182A,0x516D,0xB12C,0x4827,
  0x1067,0x2067,0x29C9,0x68CD,0xF89B,0xF016,0xF0B8,0xF159,0xF818,0xF818,0xF077,0xF837,0xF837,0xF877,0xF116,0xF815,
  0xF896,0xFA98,0xFC19,0xF171,0xF810,0xD172,0x986A,0xD9D3,0x994C,0x60AA,0x20C9,0x5A11,0x8172,0x91D3,0x80AD,0xD812,
  0xD833,0xE9D5,0xE810,0xF1B4,0xF3B4,0xA806,0x3109,0x190B,0x60ED,0xF850,0xF010,0xD00C,0xE932,0xF933,0xF00E,0xFA16,
  0xFD3C,0xFDFA,0xD00F,0x68AE,0x408C,0x28CE,0x20EF,0x28EE,0x2953,0x888E,0xFD37,0xC25A,0x5936,0x38F0,0x288C,0x28AC,
  0x20EE,0x210F,0x18ED,0x20AB,0x2069,0x286A,0x508D,0xA890,0xC850,0xB82F,0xA00E,0x502A,0x2027,0x1826,0x1026,0x188A,
  0x20CF,0x288D,0x384B,0x384C,0x382C,0x8036,0xE83F,0xC01E,0xB01D,0xF95F,0xF8DF,0xF81E,0xF99F,0xF91F,0xC01B,0x7013,
  0x9017,0xB81B,0xC81C,0xB01B,0x5830,0x2028,0x1828,0x1828,0x1828,0x1027,0x1027,0x0826,0x0825,0x0024,0x0023,0x0004,
  0x4853,0x4832,0x300C,0x1828,0x1029,0x104C,0x01F8,0x049F,0x033D,0x10D5,0x2851,0x282C,0x300A,0x400C,0x600F,0x8011,
  0x9813,0xB034,0xD818,0xF8BD,0xFABF,0xFC7F,0xFC3F,0xF9DF,0xF89F,0xFB3F,0xFC1F,0xF93F,0xD019,0xB016,0x9814,0x8012,
  0x7011,0x6010,0x500E,0x380C,0x300D,0x3039,0x309D,0x287D,0x101A,0x0015,0x005A,0x08DE,0x097E,0x09BE,0x097F,0x00FD,
  0x019D,0x023F,0x03BF,0x279F,0x9FFF,0xAFDF,0xAFDF,0x6FFF,0x05FF,0x023C,0x02DC,0x059F,0x0EDF,0x06BF,0x175F,0x17BF,
  0x051F,0x1176,0x28AE,0x40AF,0x60B0,0x88D1,0x90B0,0xD10F,0xFC52,0xFD12,0xFBD0,0xF9B0,0xA02E,0x506B,0x486C,0x588D,
  0x60AE,0x40AE,0x20CE,0x18EE,0x18CD,0x18CD,0x18CD,0x18AC,0x2952,0x933F,0x82FD,0x1911,0x18CD,0x18CD,0x10CD,0x10CD,
  0x10CD,0x10CC,0x10CD,0x10CD,0x10CD,0x10CD,0x10CD,0x10CD,0x10CD,0x18CD,0x18CD,0x18CE,0x18CE,0x20CE,0x20CF,0x28CF,
  0x28CF,0x28F0,0x28F1,0x2912,0x2912,0x3134,0x3113,0x18AD,0x106A,0x108B,0x108C,0x108C,0x10D0,0x0937,0x1135,0x2131,
  0x210F,0x10AB,0x20EF,0x4112,0x2910,0x190E,0x18EE,0x18EE,0x18EE,0x18EE,0x18EE,0x18ED,0x10ED,0x18ED,0x18ED,0x18ED,
  0x10CC,0x0868,0x0847,0x0867,0x1067,0x0846,0x2047,0xB84E,0xF933,0xD0F1,0x902E,0x304A,0x304A,0x584F,0x5013,0xC07D,
  0xFD1F,0xFF9F,0xFDFF,0xF3DF,0xD1DE,0xA87E,0x683C,0x3033,0x282E,0x282D,0x284E,0x3050,0x3071,0x3092,0x3873,0x288F,
  0x188C,0x188B,0x108A,0x108A,0x108A,0x108A,0x108A,0x108A,0x188A,0x188A,0x206A,0x286B,0x584D,0xA970,0xB88F,0x982E,
  0x880D,0x680D,0x580D,0x484D,0x406C,0x406C,0x406C,0x484C,0x406C,0x406C,0x386C,0x306B,0x286B,0x184A,0x510C,0xD86D,
  0x6029,0x0867,0x2908,0x18C5,0xB872,0xF016,0xF017,0xE939,0xE8F8,0xE896,0xF0D7,0xF858,0xF837,0xF817,0xF0F7,0xE051,
  0xF813,0xF814,0xF092,0xF336,0xE1F1,0xF090,0xE994,0xB84D,0xB8F0,0x8991,0x5B36,0x3A50,0x6274,0x99F4,0x690D,0xB830,
  0xC811,0xE1B5,0xF072,0xF010,0xFBF9,0xD9ED,0x50C8,0x190A,0x38CA,0xF0B1,0xF011,0xE04F,0xE891,0xF913,0xF1B3,0xF090,
  0xFB9A,0xFF3D,0xE0B0,0x786E,0x40CE,0x30F0,0x2910,0x28EF,0x2953,0x780A,0xFC54,0xECFC,0x9055,0x48F0,0x388D,0x30CD,
  0x20EE,0x210E,0x18CD,0x208B,0x2048,0x2048,0x3049,0x802B,0xB00C,0xC00D,0xD84F,0xA82D,0x484A,0x2849,0x1849,0x188B,
  0x18CF,0x206C,0x384B,0x384C,0x384C,0x8017,0xF03F,0xD03F,0x901A,0xD85C,0xC85A,0x9818,0xE01E,0xD01D,0xA019,0x9819,
  0xB81C,0xB81B,0x9818,0x7815,0x382D,0x1828,0x1828,0x1027,0x1026,0x1026,0x1026,0x1026,0x0825,0x0024,0x0004,0x0024,
  0x4831,0x4831,0x280B,0x2008,0x1828,0x1049,0x104D,0x08D1,0x10B0,0x2070,0x2850,0x302D,0x300B,0x400C,0x600F,0x9012,
  0xA814,0xD017,0xF07D,0xFA9F,0xFC7F,0xFC7F,0xFA7F,0xF05C,0xF07D,0xFB5F,0xFC1F,0xF95F,0xD018,0xA815,0x9013,0x8012,
  0x6810,0x600F,0x500E,0x380C,0x300B,0x3012,0x305B,0x28BD,0x191D,0x093E,0x0A1F,0x33BF,0x3C7F,0x3C7F,0x233F,0x019F,
  0x017D,0x021E,0x03DF,0x279F,0x9FFF,0xAFFF,0xAFFF,0x77FF,0x063F,0x025D,0x03DE,0x1F7F,0x57FF,0x47FF,0x4FFF,0x3FFF,
  0x05BF,0x09B8,0x28F0,0x38AE,0x50AF,0x80D1,0xB0B2,0xF1B1,0xFDF4,0xFEB5,0xFDF3,0xFB72,0xC06F,0x606C,0x588C,0x488C,
  0x508E,0x40AE,0x28CE,0x18CE,0x18AC,0x18AB,0x108B,0x108A,0x10AC,0x3996,0x49B7,0x2910,0x18CE,0x18CD,0x18CD,0x18CD,
  0x10CD,0x10CD,0x10CD,0x10CD,0x10CD,0x10CD,0x10CD,0x18CD,0x18CD,0x18CD,0x18CE,0x18CE,0x20CE,0x20CF,0x28CF,0x28D0,
  0x28D0,0x28F1,0x30F2,0x30F2,0x3112,0x3113,0x2912,0x18AD,0x106A,0x108C,0x08B1,0x08D4,0x08F5,0x09DC,0x1199,0x2111,
  0x20EE,0x108B,0x20AD,0x38D0,0x20EF,0x18EE,0x18EE,0x18EE,0x18EE,0x18EE,0x18EE,0x18ED,0x18ED,0x18ED,0x18ED,0x18ED,
  0x10CC,0x10CB,0x10CB,0x10CB,0x10CB,0x10AB,0x308C,0xC0B3,0xFA37,0xF9F7,0xF053,0x502C,0x1029,0x202C,0x4033,0xB07E,
  0xFCFF,0xFFDF,0xFFFF,0xFFFF,0xFFDF,0xFE1F,0xD9DF,0x4879,0x20B2,0x20B1,0x20B1,0x28B1,0x28B2,0x30B2,0x28B0,0x20AD,
  0x188C,0x108B,0x108A,0x108A,0x108A,0x108A,0x108A,0x108A,0x188A,0x206A,0x286B,0x306B,0x580D,0xE397,0xFD3A,0xFB98,
  0xF356,0xDA13,0xC0F0,0xA00E,0x800D,0x680D,0x682D,0x704E,0x686E,0x586D,0x504D,0x384C,0x304B,0x306B,0x184B,0x78AC,
  0xF02B,0x804A,0x18AA,0x3A2D,0x3025,0xD834,0xF037,0xE816,0xF078,0xB050,0xE094,0xE1B6,0xF016,0xF816,0xF817,0xE053,
  0xC80E,0xD031,0xF012,0xE00E,0xFAB8,0xEA53,0xF873,0xD871,0xA8F0,0x9A33,0x612E,0x414D,0x298D,0x6271,0x9953,0xB070,
  0xB890,0xE113,0xF0B2,0xE850,0xF851,0xFBF5,0x7169,0x20EA,0x28CA,0xD8B1,0xF810,0xE02F,0xE02E,0xF8B2,0xFA56,0xF1D3,
  0xF9D5,0xFF5F,0xF232,0x882E,0x48EF,0x30F1,0x2910,0x28CE,0x2910,0x6007,0xFA71,0xFEFE,0xC074,0x6891,0x488D,0x30AD,
  0x20AC,0x20AA,0x1869,0x1847,0x2047,0x2048,0x582A,0xD84F,0xF932,0xF9D2,0xFA54,0xF8B2,0x684C,0x286A,0x2049,0x186A,
  0x188B,0x286B,0x404C,0x484D,0x382B,0x6834,0xC03D,0x9039,0x300E,0x6813,0x9819,0xA83B,0xC83E,0xC03D,0xA039,0x8036,
  0x6013,0x482E,0x202A,0x1828,0x1027,0x1827,0x1827,0x1026,0x0826,0x0825,0x1026,0x1827,0x0825,0x0024,0x0024,0x0024,
  0x302D,0x382E,0x280B,0x2009,0x1808,0x1027,0x1049,0x1049,0x184A,0x286F,0x3050,0x302D,0x300A,0x400C,0x7010,0xA033,
  0xC817,0xF89D,0xFA9F,0xFC5F,0xFC9F,0xFA9F,0xF07C,0xD816,0xF07C,0xFB5F,0xFC1F,0xF93F,0xD018,0xA014,0x9013,0x7811,
  0x6810,0x6010,0x580F,0x380D,0x380E,0x387B,0x3A3F,0x4B9F,0x43BF,0x131F,0x0B1F,0x44FF,0x557F,0x4D3F,0x33BF,0x01BF,
  0x015C,0x01FE,0x03FF,0x27BF,0x9FFF,0xAFFF,0xAFFF,0x6FFF,0x063E,0x025D,0x03DE,0x27BF,0x77FF,0x6FDF,0x77DF,0x4FFF,
  0x059F,0x11B8,0x28F0,0x30AE,0x48AE,0x60AF,0x80B0,0xD0D0,0xFBB2,0xFD33,0xFD73,0xFBD2,0xC88F,0x686C,0x588C,0x386B,
  0x386C,0x388E,0x28CF,0x18CD,0x108A,0x1069,0x0868,0x1068,0x0868,0x18AB,0x5111,0x5912,0x20EF,0x18CE,0x18CE,0x18CE,
  0x18CD,0x10CD,0x10CD,0x10CD,0x10CD,0x10CD,0x18CD,0x18CD,0x18CD,0x18CE,0x18CE,0x20CE,0x20CF,0x28CF,0x28D0,0x30D1,
  0x30D1,0x30F2,0x30F3,0x30F3,0x30F2,0x20CF,0x18AD,0x18AD,0x18CF,0x10B1,0x09BB,0x0ABF,0x0AFF,0x241F,0x1ABE,0x18F1,
  0x18AC,0x108A,0x108A,0x188B,0x10AB,0x18ED,0x190E,0x18EE,0x18EE,0x18EE,0x18EE,0x18EE,0x18EE,0x18EE,0x18ED,0x18ED,
  0x18ED,0x18ED,0x18ED,0x18ED,0x18ED,0x18EE,0x190F,0x30F0,0x58D1,0x90D3,0x7891,0x288C,0x186A,0x184B,0x284F,0x4858,
  0x90FF,0xCABF,0xE43F,0xFDBF,0xFF1F,0xFE9F,0xEA1F,0x4879,0x20F4,0x20F3,0x20D2,0x20D1,0x20B0,0x20B0,0x18AE,0x188C,
  0x108B,0x108A,0x108A,0x108A,0x108A,0x108A,0x108A,0x108A,0x188A,0x206A,0x206B,0x306B,0x482C,0x9931,0xFAB7,0xFADA,
  0xF99A,0xFADC,0xFBBB,0xFB99,0xF336,0xDA14,0xC0D0,0xC00F,0xB80E,0xA80F,0x800E,0x584D,0x406C,0x386C,0x306B,0x106A,
  0x88AB,0xE029,0xA88B,0x38EB,0x00E8,0x88D0,0xC0B4,0x902D,0xF817,0xF816,0xF837,0xC892,0xD174,0xF898,0xF016,0xF816,
  0xD010,0x902A,0xF834,0xE831,0xF00F,0xFA77,0xFA76,0xF812,0xB00D,0x712D,0x80AB,0x4807,0x3808,0x2908,0x496D,0xA870,
  0xC152,0xE215,0xE933,0xD02E,0xE830,0xFA32,0xB36F,0x1848,0x10AA,0xC112,0xF833,0xE070,0xC88D,0xF872,0xF933,0xF892,
  0xF255,0xFE9D,0xFBF5,0xA00D,0x50CE,0x38CF,0x28CE,0x28AD,0x30CE,0x5005,0xF0F0,0xFFDE,0xE274,0x880E,0x508B,0x3069,
  0x2047,0x1847,0x1848,0x1847,0x2848,0x308A,0x884E,0xF933,0xFAF5,0xFAB4,0xFAB5,0xF0B2,0x604C,0x286A,0x204A,0x18AC,
  0x20CE,0x288D,0x384C,0x384B,0x2029,0x282C,0x5033,0x382F,0x202A,0x5833,0xA81C,0xA83B,0x8817,0x6012,0x382D,0x2029,
  0x1828,0x1827,0x1827,0x1827,0x1027,0x1027,0x1027,0x1026,0x0825,0x0825,0x1026,0x1026,0x0826,0x0825,0x0825,0x0825,
  0x1828,0x202A,0x200A,0x2009,0x1808,0x1027,0x1027,0x1048,0x184A,0x304F,0x382F,0x300B,0x300A,0x482C,0x7831,0xB015,
  0xF07D,0xFAFF,0xFC9F,0xFC9F,0xFADF,0xF89D,0xE81B,0xE83B,0xF8BE,0xFB7F,0xFC3F,0xF95F,0xD018,0xA014,0x9013,0x7811,
  0x6810,0x6010,0x580F,0x380C,0x380F,0x38BD,0x4B7F,0x5CBF,0x54BF,0x135F,0x029F,0x345F,0x555F,0x4D3F,0x33DF,0x01DF,
  0x015D,0x01DE,0x03BF,0x279F,0x9FFF,0xAFFF,0xAFFF,0x5FFF,0x05BF,0x021D,0x03FE,0x27BF,0x6FFF,0x4FFF,0x47FF,0x3FFF,
  0x05BF,0x11B7,0x28CF,0x38CF,0x50D0,0x60B0,0x588E,0xA04E,0xF911,0xFA10,0xFAD1,0xF9F1,0xA82E,0x506C,0x486C,0x386B,
  0x386C,0x40AE,0x28CF,0x18AD,0x106A,0x1068,0x1068,0x1068,0x1068,0x188A,0x58F1,0x6133,0x20EF,0x18CE,0x18CE,0x18CE,
  0x18CE,0x18CE,0x18CE,0x18CE,0x18CD,0x18CE,0x18CE,0x18CE,0x18CE,0x18CE,0x18CE,0x20CF,0x28CF,0x28D0,0x30D1,0x38B1,
  0x40B2,0x40D3,0x38F4,0x3914,0x38F3,0x20AE,0x108C,0x2114,0x2999,0x2158,0x22FF,0x351F,0x2D3F,0x45DF,0x1B9E,0x10F1,
  0x10AB,0x108A,0x1089,0x1069,0x10AA,0x18EE,0x210F,0x190F,0x190F,0x190F,0x18EE,0x18EE,0x18EE,0x18EE,0x18EE,0x18ED,
  0x18ED,0x18ED,0x18ED,0x18ED,0x18EE,0x18EE,0x190F,0x190F,0x190F,0x190F,0x190F,0x18EF,0x18CF,0x18CF,0x20B1,0x30D6,
  0x393D,0x495F,0x613F,0x797F,0x99DF,0xB17F,0x689C,0x20B4,0x20D1,0x18D1,0x18D0,0x18CF,0x18CE,0x18CE,0x18AE,0x108C,
  0x108B,0x108A,0x108A,0x108A,0x108A,0x108A,0x108A,0x108A,0x108A,0x188A,0x206B,0x286B,0x384C,0x60EF,0xE935,0xF997,
  0xF29A,0xF019,0xF01A,0xF09B,0xF9FB,0xFC7B,0xFC5B,0xFC5B,0xFBD8,0xFB36,0xE0F0,0xB00D,0x784E,0x508D,0x386B,0x286B,
  0x30AC,0xA0EC,0x5845,0x48A8,0x214C,0x210A,0xA02F,0xD116,0xF158,0xC850,0xF076,0xC072,0xD831,0xE8F6,0xF0D7,0xF836,
  0xF816,0xE832,0xF032,0xE832,0xC00E,0xD00F,0xE172,0xFA97,0xC88E,0x98CE,0x5889,0x2804,0x4828,0x1042,0x1106,0x8131,
  0xD012,0xD295,0xD9F4,0xE010,0xD871,0xF00E,0xCA0E,0x20A7,0x0888,0xB8D2,0xF8F5,0xE8F3,0x8868,0xD82E,0xF975,0xF811,
  0xF8D2,0xFE3C,0xFDB9,0xB80C,0x588D,0x388C,0x30AC,0x28CD,0x38CD,0x7006,0xE08E,0xFF9E,0xFD37,0x980A,0x5069,0x3847,
  0x2869,0x20AC,0x20ED,0x28AB,0x308B,0x38AC,0x786E,0xF0D2,0xFA13,0xF9F3,0xF9F4,0xF0B1,0x684C,0x306B,0x286A,0x188B,
  0x18AC,0x1869,0x1847,0x1827,0x1026,0x202B,0x4030,0x382E,0x202A,0x384E,0x402F,0x282C,0x2009,0x2029,0x2829,0x2028,
  0x1827,0x1827,0x1827,0x1027,0x1026,0x1027,0x1827,0x1027,0x1027,0x0826,0x0826,0x1027,0x0827,0x0846,0x0825,0x0025,
  0x1049,0x1028,0x1807,0x2008,0x2008,0x1027,0x1027,0x1027,0x1849,0x302E,0x382E,0x300B,0x302A,0x482C,0x8031,0xB815,
  0xF09E,0xFB9F,0xFC9F,0xFABF,0xF89E,0xE81A,0xF91F,0xFA9F,0xFAFF,0xFC3F,0xFC3F,0xF95F,0xC818,0xA014,0x8813,0x7811,
  0x6810,0x6010,0x500F,0x380C,0x300F,0x38BD,0x433F,0x54BF,0x4C9F,0x135F,0x029F,0x3C7F,0x555F,0x555F,0x33FF,0x01DF,
  0x017D,0x01DE,0x039F,0x179F,0x8FFF,0xA7FF,0xAFDF,0x67FF,0x05DF,0x01FD,0x037E,0x0EDF,0x1F9F,0x06DF,0x067F,0x067F,
  0x03FE,0x1934,0x28CE,0x38AE,0x50D0,0x58AF,0x508D,0x984E,0xF891,0xF911,0xF951,0xF890,0x902D,0x486C,0x506D,0x406C,
  0x388C,0x38AE,0x20CE,0x18AD,0x106A,0x1068,0x1068,0x1069,0x1069,0x188A,0x48F0,0x4911,0x18EF,0x18EE,0x18EE,0x18CE,
  0x18CE,0x18CE,0x18EE,0x18EE,0x18EE,0x18CE,0x18CE,0x18CE,0x18CE,0x20CF,0x20CF,0x28CF,0x28D0,0x30D1,0x38B2,0x40B3,
  0x4893,0x48D4,0x38D4,0x48D5,0x58D6,0x3091,0x188E,0x2157,0x29DB,0x2137,0x231E,0x351F,0x34BF,0x3D5F,0x1B3E,0x10F1,
  0x10AC,0x10AC,0x18AC,0x108A,0x10AB,0x18EE,0x2110,0x210F,0x190F,0x190F,0x18EE,0x18EE,0x18EE,0x18EE,0x18EE,0x18EE,
  0x18ED,0x18ED,0x18ED,0x18EE,0x18EE,0x18EE,0x190F,0x190F,0x190F,0x210F,0x210F,0x190F,0x1910,0x1911,0x2113,0x2116,
  0x293B,0x315D,0x317E,0x39BE,0x315D,0x28FA,0x20F6,0x20D2,0x18CF,0x18AE,0x18AD,0x18AD,0x18AD,0x18AD,0x18AD,0x10AC,
  0x108B,0x108A,0x108A,0x108A,0x108A,0x108A,0x108A,0x108A,0x108A,0x188A,0x208B,0x208B,0x308C,0x386C,0xB174,0xF814,
  0xF1B6,0xFB1A,0xF87A,0xF819,0xF81A,0xF815,0xE031,0xF15A,0xF9FC,0xFBFD,0xFE3D,0xFBB6,0xD80E,0x900D,0x586C,0x40AC,
  0x306C,0x58CD,0x792C,0x1025,0x1004,0x0885,0x806E,0xF8B8,0xE135,0xE8F6,0xE8F8,0xB131,0xD8D4,0xD851,0xD070,0xE9F6,
  0xF855,0xF075,0xB86E,0xE810,0xC00E,0xD850,0xC00C,0xF8D4,0xEA36,0x68C9,0x0801,0x3805,0x606C,0x2086,0x2988,0x516E,
  0xC811,0xD832,0xC951,0xF0F4,0xF053,0xF010,0x9009,0x10A7,0x1067,0xA0F0,0xF234,0xE870,0xA8AC,0xA82B,0xF915,0xF810,
  0xF811,0xF0F3,0xFE5B,0xD8AF,0x704D,0x406B,0x308B,0x288B,0x488C,0x8005,0xD0AD,0xFEDC,0xFE38,0xC8EC,0x680A,0x486A,
  0x38CD,0x3131,0x2952,0x290F,0x308C,0x38AC,0x786F,0xF8F3,0xFA94,0xFA54,0xF9B4,0xF071,0x684C,0x286A,0x1848,0x1047,
  0x1047,0x0846,0x0846,0x1046,0x1046,0x1849,0x284B,0x1828,0x1026,0x1027,0x1027,0x1827,0x2028,0x2829,0x282A,0x1828,
  0x1027,0x1027,0x1827,0x1027,0x1026,0x1027,0x1849,0x1049,0x1048,0x1047,0x0826,0x0826,0x0847,0x0847,0x0847,0x0867,
  0x306F,0x202B,0x1807,0x1808,0x2008,0x1026,0x1026,0x1027,0x1848,0x302C,0x300C,0x300A,0x300A,0x480C,0x7811,0xA013,
  0xD019,0xF97F,0xFA3F,0xF87D,0xD818,0xD818,0xF9BF,0xFC3F,0xFC5F,0xFC9F,0xFC3F,0xF95F,0xC017,0x9013,0x8012,0x7011,
  0x6010,0x580F,0x502F,0x380D,0x3010,0x38BD,0x433F,0x54BF,0x4CBF,0x239F,0x0ABF,0x2BDF,0x347F,0x345F,0x235F,0x01BF,
  0x019D,0x021E,0x02BE,0x053F,0x1F1F,0x3FBF,0x5FFF,0x4FFF,0x061F,0x021C,0x01FA,0x039E,0x043E,0x031D,0x027B,0x029C,
  0x09B7,0x20F0,0x28CD,0x30AD,0x40AE,0x488D,0x506D,0xA04E,0xF911,0xFA11,0xFA52,0xF952,0xA02E,0x506D,0x586E,0x408D,
  0x308B,0x28AC,0x20CE,0x18CD,0x108A,0x1068,0x1069,0x1089,0x1069,0x20AB,0x6111,0x5911,0x18EF,0x18EE,0x18EE,0x18EE,
  0x18CE,0x18EE,0x18EE,0x18EE,0x18EF,0x18EF,0x18EF,0x18CE,0x18CF,0x20EF,0x20D0,0x28D0,0x30D1,0x40B2,0x7856,0x9018,
  0xB01A,0xB03A,0x5073,0x4072,0x5875,0x4072,0x188E,0x18F2,0x18F2,0x18D2,0x1A9D,0x2C7F,0x347F,0x451F,0x231E,0x10D1,
  0x10AC,0x18CD,0x18CD,0x18AC,0x18AB,0x210F,0x2130,0x210F,0x210F,0x190F,0x190F,0x18EE,0x18EE,0x18EE,0x18EE,0x18EE,
  0x18EE,0x18EE,0x18EE,0x18EE,0x18EE,0x18EE,0x18EF,0x190F,0x190F,0x18EF,0x190F,0x18EF,0x18EF,0x18F0,0x1912,0x1914,
  0x2117,0x2139,0x295A,0x295A,0x2959,0x2916,0x20F3,0x20F2,0x18CF,0x18AD,0x10AC,0x10AC,0x10AC,0x10AC,0x10AC,0x10AB,
  0x10AB,0x10AA,0x10AA,0x10AA,0x108A,0x108A,0x108A,0x108A,0x188A,0x188B,0x188B,0x188B,0x288B,0x304C,0x68D0,0xF875,
  0xF014,0xF1B4,0xD212,0xF859,0xF81A,0xF838,0xC872,0xE879,0xF818,0xF818,0xF8DA,0xFD1D,0xFD7A,0xEA74,0xB82E,0x680D,
  0x484D,0x306B,0x710F,0xA0ED,0x0802,0x10C8,0x1066,0xA130,0xF279,0xE855,0xE895,0xD8D3,0xE975,0xEA76,0xEA55,0xE973,
  0xF0D4,0xF095,0xF0B5,0xF094,0xB06D,0xF031,0xF833,0xF011,0xF812,0xD153,0x696C,0x5009,0x8871,0x7890,0x4869,0x412D,
  0xB831,0xE874,0xD0B1,0xB10F,0xB0AF,0xF811,0xA82B,0x0064,0x10E7,0x89B1,0xE851,0xD00E,0xC80D,0x9829,0xFA16,0xF80F,
  0xF851,0xF012,0xFD7B,0xEA52,0x880C,0x484A,0x3049,0x2049,0x706C,0xD009,0xD8AD,0xFDDA,0xFDB9,0xF332,0x980B,0x608C,
  0x40CE,0x3110,0x2931,0x30EF,0x30AC,0x38AC,0x806F,0xF0B2,0xF993,0xF0F2,0xF051,0xA82F,0x384A,0x1848,0x1047,0x1046,
  0x1047,0x1047,0x1046,0x1026,0x1026,0x1026,0x1026,0x1026,0x1026,0x1827,0x1827,0x1827,0x1828,0x1828,0x2029,0x1827,
  0x1026,0x1026,0x1027,0x1027,0x1026,0x1027,0x1048,0x0848,0x0848,0x0847,0x0846,0x0848,0x08AA,0x08AB,0x088A,0x088A,
  0x5095,0x4831,0x280A,0x2008,0x1827,0x1026,0x1026,0x1027,0x1828,0x302C,0x382C,0x300A,0x3009,0x400B,0x7010,0x8812,
  0x9813,0xD019,0xE01B,0xC817,0xB835,0xC816,0xF8DE,0xFB7F,0xFC1F,0xFC1F,0xFAFF,0xF07D,0xB015,0x9013,0x8012,0x7011,
  0x6010,0x580F,0x500F,0x400D,0x3810,0x38BE,0x3AFF,0x443F,0x3C3F,0x1B1F,0x01FF,0x021F,0x021F,0x01FF,0x019E,0x00FA,
  0x0159,0x01BB,0x01BC,0x02FE,0x045F,0x04DF,0x063F,0x073F,0x051F,0x01FA,0x0176,0x0176,0x0176,0x0155,0x0155,0x1155,
  0x1932,0x20CF,0x28AD,0x30AC,0x388C,0x408C,0x506D,0xB86F,0xFA51,0xFBB2,0xFBD3,0xFA33,0xB82F,0x486D,0x508E,0x408D,
  0x308B,0x288C,0x20CE,0x18CD,0x108A,0x1069,0x108A,0x18AB,0x108A,0x28AB,0x7933,0x7133,0x20EF,0x18EF,0x18EE,0x18EE,
  0x18EE,0x18EE,0x18EF,0x18EF,0x20EF,0x20EF,0x20EF,0x20EF,0x20EF,0x20F0,0x28F0,0x30D1,0x38D2,0x8077,0xF03E,0xF8FF,
  0xF99F,0xF8BF,0x9817,0x302F,0x3850,0x284E,0x206C,0x188C,0x188D,0x18B2,0x22DE,0x44FF,0x44FF,0x553F,0x3AFE,0x18D1,
  0x10AB,0x18CD,0x18EE,0x10AC,0x10AB,0x190E,0x2130,0x2110,0x210F,0x210F,0x210F,0x190F,0x190F,0x190F,0x190E,0x18EE,
  0x18EE,0x18EE,0x18EE,0x18EE,0x18EE,0x18EE,0x18EE,0x18EF,0x190F,0x190F,0x18EF,0x18EF,0x18EF,0x18F0,0x1911,0x1912,
  0x1914,0x2136,0x2136,0x2136,0x2136,0x2114,0x18F2,0x18D0,0x18CF,0x18CD,0x10AC,0x10AC,0x10AC,0x10AB,0x10AB,0x10AB,
  0x10AB,0x10AA,0x10AA,0x10AA,0x108A,0x108A,0x108A,0x108A,0x188A,0x188B,0x188A,0x188A,0x208B,0x306C,0x308C,0xD074,
  0xF836,0xF815,0xE0F2,0xF37A,0xF97C,0xF85C,0xF81C,0xF81D,0xC834,0xF058,0xF81A,0xF818,0xFADC,0xFDFF,0xFDBB,0xE316,
  0x9910,0x580C,0x2809,0x990F,0xC06B,0x1845,0x0065,0x2907,0xE8F5,0xE812,0xF055,0xF075,0xE873,0xF156,0xF215,0xE952,
  0xFAF9,0xEA16,0xE813,0xE032,0xE974,0xD090,0xF812,0xF011,0xF011,0xF813,0xF1B7,0x61EB,0x3027,0x9112,0xA80F,0x592D,
  0xB0D3,0xD833,0xC912,0xB88E,0x8009,0xC86F,0xA80A,0x21A9,0x3475,0x72B3,0xE04F,0xC80D,0xD00E,0xB00B,0xF194,0xF82F,
  0xF82F,0xF011,0xFC3A,0xF3B2,0x8809,0x4849,0x3829,0x308C,0x906D,0xF80C,0xF84E,0xFCF9,0xFC99,0xFD98,0xC80D,0x708E,
  0x48EF,0x3131,0x3110,0x30CD,0x308B,0x308B,0x488D,0x984F,0xD031,0xD030,0xC010,0x704E,0x2869,0x1848,0x1047,0x1046,
  0x1047,0x1047,0x1026,0x1026,0x1026,0x1026,0x1026,0x1026,0x1026,0x1026,0x1026,0x1026,0x1026,0x1027,0x1827,0x1828,
  0x1048,0x1048,0x1048,0x1069,0x1048,0x1047,0x0848,0x0889,0x088A,0x088A,0x0869,0x08AC,0x10EF,0x08CD,0x088A,0x0869,
  0x5875,0x5833,0x400D,0x2829,0x2028,0x1826,0x1027,0x1027,0x1849,0x382E,0x402E,0x300A,0x2809,0x400B,0x600F,0x7811,
  0x8031,0x9012,0x9813,0xA033,0xA814,0xB014,0xE03A,0xF8FF,0xF95F,0xF91E,0xF07D,0xC017,0x9813,0x8813,0x7811,0x6810,
  0x600F,0x580F,0x480D,0x380C,0x300F,0x305B,0x195F,0x11BF,0x09BF,0x015F,0x00BE,0x00DE,0x011E,0x017F,0x013E,0x00F8,
  0x0158,0x019B,0x025D,0x055F,0x06BF,0x059F,0x051F,0x04DF,0x02DE,0x0199,0x0175,0x0132,0x0931,0x0931,0x1131,0x1931,
  0x18EF,0x18AD,0x20AC,0x28AC,0x308C,0x388C,0x486D,0xC06F,0xFAF2,0xF473,0xFC53,0xFA93,0xB82F,0x408C,0x408C,0x386C,
  0x286B,0x208C,0x20CD,0x18AC,0x108A,0x1069,0x188A,0x18AB,0x188A,0x20AB,0x6911,0x6133,0x20EF,0x18EF,0x18EF,0x18EF,
  0x18EF,0x18EF,0x18EF,0x2110,0x2110,0x20F0,0x20F0,0x20F0,0x20F0,0x20F0,0x28F1,0x38D2,0x40D3,0xB05B,0xF99F,0xFB9F,
  0xFC1F,0xF9DF,0xA819,0x4031,0x382F,0x284D,0x204C,0x186B,0x186B,0x18B0,0x225D,0x2B7F,0x2AFE,0x52DE,0x81B9,0x48D0,
  0x18AC,0x18EF,0x1910,0x10CC,0x18CC,0x210F,0x2130,0x2130,0x2110,0x2110,0x2110,0x210F,0x190F,0x190F,0x190F,0x18EF,
  0x18EE,0x18EE,0x18EE,0x18EE,0x18EE,0x18EE,0x18EE,0x18EE,0x18EF,0x18EF,0x18EF,0x18EF,0x18EF,0x18EF,0x18F0,0x1911,
  0x1913,0x1914,0x1913,0x1914,0x1934,0x1912,0x18F1,0x18EF,0x10CE,0x10CD,0x10AC,0x10AC,0x10AC,0x10AB,0x10AB,0x10AB,
  0x10AB,0x10AB,0x10AA,0x10AA,0x10AA,0x108A,0x108A,0x108A,0x108A,0x188A,0x188A,0x188A,0x188B,0x288B,0x208B,0x9071,
  0xF837,0xF858,0xF817,0xF2BA,0xFBDC,0xFA9C,0xF25C,0xF21D,0xF95C,0xF89A,0xF8B9,0xF098,0xF016,0xF91A,0xFB9D,0xFBFC,
  0xFCDC,0xCB97,0x7990,0x402A,0xC84E,0xC82C,0x2066,0x0022,0x780B,0xF834,0xE813,0xF014,0xE812,0xE033,0xC9D3,0xEA97,
  0xE0F2,0xE934,0xF959,0xF116,0xF073,0xC04D,0xD80F,0xF893,0xF0B4,0xF813,0xF012,0xF935,0x8B11,0x39A9,0xA02E,0x6849,
  0x50AA,0xC873,0x6888,0xB911,0xE012,0xB86E,0xB00B,0x4311,0x02AF,0x41CC,0xC970,0xD8D0,0xD00D,0xA80A,0xF0D2,0xF82F,
  0xF82F,0xF00E,0xFA56,0xFCF5,0xA008,0x504A,0x486C,0x40CF,0xB070,0xF00C,0xF02E,0xFC58,0xFBB7,0xFEFC,0xE970,0x982F,
  0x5911,0x3932,0x30EF,0x288B,0x2069,0x208A,0x288B,0x586D,0xA850,0xB851,0x904F,0x506B,0x2048,0x1827,0x1026,0x1046,
  0x1026,0x1026,0x1827,0x1026,0x1026,0x1026,0x1026,0x1026,0x1026,0x1026,0x1026,0x1026,0x1047,0x1049,0x184A,0x204A,
  0x1869,0x108A,0x108A,0x106A,0x1069,0x108A,0x08CC,0x10EE,0x110E,0x10CD,0x088B,0x08AC,0x08AC,0x088A,0x0846,0x0025,
  0x5053,0x6033,0x480E,0x300A,0x2027,0x1827,0x1848,0x1069,0x18AE,0x4073,0x4810,0x300B,0x2808,0x380A,0x580E,0x7010,
  0x7810,0x8011,0x8811,0x9012,0x9813,0x9813,0xA033,0xB816,0xB816,0xA814,0x9812,0x8030,0x7810,0x700F,0x600F,0x580E,
  0x500D,0x480D,0x400C,0x300C,0x300D,0x2834,0x105C,0x089F,0x113F,0x097F,0x017F,0x025F,0x033F,0x039F,0x02FF,0x01BE,
  0x01FD,0x023E,0x033F,0x06FF,0x07FF,0x07FF,0x079F,0x065F,0x037E,0x0199,0x0175,0x0932,0x10F1,0x10EF,0x18CE,0x18CE,
  0x18CD,0x20CE,0x28CE,0x28AD,0x308C,0x388C,0x388C,0xB04F,0xF9D2,0xFB32,0xFBD3,0xFA93,0xB850,0x408C,0x388C,0x306B,
  0x286B,0x28AD,0x2932,0x2110,0x188B,0x106A,0x108A,0x188A,0x1069,0x188A,0x48CF,0x4911,0x2110,0x190F,0x18EF,0x18EF,
  0x20EF,0x2110,0x2110,0x2111,0x2111,0x2111,0x20F0,0x20F0,0x20F0,0x20F0,0x28F1,0x40F3,0x48D5,0xB85B,0xF9FF,0xFC3F,
  0xFC3F,0xF9BF,0xB01A,0x5033,0x4030,0x284D,0x204C,0x206B,0x186B,0x288E,0x28F3,0x1933,0x10D0,0x40F1,0x8952,0x7110,
  0x30AC,0x18CD,0x18CD,0x10AA,0x18AB,0x210F,0x2931,0x2131,0x2131,0x2130,0x210F,0x210F,0x2110,0x2110,0x190F,0x190F,
  0x190F,0x190F,0x18EE,0x18EE,0x18EE,0x18EE,0x18EE,0x18EE,0x18EE,0x190E,0x18EF,0x18EF,0x18EF,0x18EF,0x18EF,0x18F0,
  0x1911,0x1912,0x1912,0x1912,0x1912,0x1911,0x18F0,0x18EF,0x10CE,0x10CC,0x10AC,0x10AC,0x10AB,0x10AB,0x10AB,0x10AB,
  0x10AB,0x10AB,0x10AB,0x10AA,0x10AA,0x10AA,0x108A,0x108B,0x108B,0x108A,0x108A,0x188A,0x188B,0x208B,0x288B,0x508D,
  0xF054,0xF014,0xF016,0xF0D9,0xF9B9,0xFA1B,0xFA1B,0xF9BB,0xFA7C,0xF29C,0xF99B,0xF95A,0xF8F9,0xF839,0xF91A,0xF158,
  0xF878,0xF939,0xFB7B,0xC3D8,0xA211,0xD8AD,0x9808,0x2046,0x0021,0xC831,0xE853,0xE812,0xF814,0xE012,0x980A,0xD8D2,
  0xE133,0xEA16,0xE193,0xD8D0,0xF196,0xD090,0xC82D,0xF874,0xF895,0xF833,0xF833,0xF812,0xFA7A,0xAA51,0x80CC,0xA00D,
  0x514B,0xB830,0xA02C,0xB952,0xA82D,0xA80B,0xC00E,0x2169,0x01CB,0x318B,0x91ED,0xD2D3,0xD80D,0xB00A,0xE912,0xF02F,
  0xF80F,0xF972,0xF151,0xFC96,0xB08A,0x5009,0x506C,0x48F1,0xD0D2,0xF04E,0xE80C,0xFC37,0xFBB7,0xFE9C,0xF3F5,0xA80C,
  0x58AD,0x40AD,0x308C,0x2869,0x2069,0x20AB,0x288B,0x386B,0x504C,0x404A,0x2048,0x1847,0x1826,0x1827,0x1047,0x1047,
  0x1047,0x1026,0x1827,0x1827,0x1026,0x1026,0x1026,0x1047,0x1069,0x186A,0x1069,0x1049,0x1049,0x106A,0x186A,0x1869,
  0x1069,0x108A,0x10AB,0x188B,0x106B,0x10AD,0x110F,0x10EF,0x08CD,0x088A,0x0847,0x0847,0x0826,0x0025,0x0024,0x0024,
  0x5854,0x6033,0x480E,0x300A,0x1807,0x1828,0x188C,0x110E,0x19B8,0x495A,0x5031,0x300B,0x2808,0x3009,0x480C,0x600E,
  0x680F,0x700F,0x8010,0x8811,0x8811,0x9011,0x8811,0x8811,0x8010,0x8010,0x8010,0x8010,0x7810,0x7010,0x7010,0x680F,
  0x600F,0x580F,0x500E,0x400D,0x300E,0x305A,0x215F,0x2AFF,0x3BDF,0x2B9F,0x135F,0x043F,0x04DF,0x04FF,0x03DF,0x021F,
  0x023F,0x02BF,0x037F,0x06FF,0x07FF,0x07DF,0x07FF,0x07BF,0x049F,0x01B9,0x0176,0x1155,0x1913,0x18CF,0x18AD,0x18AD,
  0x20CD,0x4930,0x5951,0x38EE,0x288C,0x308C,0x308C,0x686D,0xD070,0xF0D1,0xF9D2,0xF973,0xA870,0x408C,0x386C,0x306B,
  0x286A,0x28EF,0x3197,0x2976,0x18CE,0x108A,0x108A,0x108A,0x108A,0x208B,0x58F0,0x5112,0x2110,0x2110,0x190F,0x18EE,
  0x2110,0x2911,0x2912,0x2912,0x2911,0x2111,0x2111,0x2111,0x20F1,0x28F1,0x30F2,0x40F4,0x50D6,0xB83B,0xF9BF,0xFBBF,
  0xFB7F,0xF93F,0xB01B,0x5834,0x4031,0x304E,0x284C,0x204B,0x204B,0x288E,0x308E,0x208C,0x186A,0x208C,0x40EE,0x48CE,
  0x30AB,0x188A,0x108A,0x1089,0x18CC,0x210F,0x2951,0x2931,0x2130,0x2110,0x190F,0x2110,0x2130,0x2130,0x2110,0x210F,
  0x190F,0x190F,0x18EF,0x18EF,0x190E,0x190F,0x190E,0x18EE,0x18EE,0x18EE,0x18EF,0x18EF,0x18EF,0x18EF,0x18EF,0x1910,
  0x1910,0x1910,0x1911,0x1911,0x1911,0x18F0,0x10EF,0x10EE,0x10CD,0x10CC,0x10CC,0x10AC,0x10AB,0x10AB,0x10AB,0x10AB,
  0x10AB,0x10AB,0x10AB,0x10AB,0x10AB,0x10AA,0x10AB,0x10AB,0x108B,0x108A,0x108A,0x188B,0x188B,0x208B,0x288C,0x20AC,
  0xB872,0xF013,0xE014,0xF036,0xFB1B,0xF95A,0xF97B,0xF219,0xF097,0xF018,0xE819,0xF019,0xF819,0xF819,0xE016,0xE836,
  0xF178,0xF0D7,0xF815,0xF8F8,0xFA99,0xE335,0xDA2E,0x914D,0x0001,0x3805,0xF013,0xA00C,0x880A,0xE812,0xD010,0xC00D,
  0xD851,0xE0F3,0xE974,0xE914,0xE0D2,0xE114,0xD8F2,0xE0D1,0xF856,0xF834,0xF813,0xF833,0xF094,0xF853,0xF1F6,0xB151,
  0x414A,0xA04E,0xC831,0xA84E,0x912D,0x888A,0xD80E,0x492A,0x0169,0x1928,0x89CD,0xD292,0xD80E,0xB80A,0xE8F2,0xF030,
  0xF80E,0xF273,0xF02D,0xFC16,0xC1CC,0x5008,0x486B,0x58AE,0xE82F,0xF910,0xE9F0,0xFC77,0xFB97,0xFD9A,0xFDD8,0xB00A,
  0x684A,0x486A,0x3869,0x2848,0x2068,0x2089,0x2068,0x2048,0x1847,0x1847,0x1847,0x1826,0x1826,0x1847,0x1848,0x1048,
  0x1847,0x1826,0x1026,0x1827,0x1027,0x1048,0x108B,0x18AD,0x18CE,0x18AD,0x108A,0x1068,0x1069,0x1069,0x106A,0x1069,
  0x1069,0x10AC,0x18CE,0x18AD,0x108B,0x108A,0x108B,0x0869,0x0847,0x0826,0x0825,0x0825,0x0825,0x0825,0x0025,0x0024,
  0x5855,0x6033,0x480E,0x300A,0x2007,0x2049,0x18EE,0x1151,0x21FA,0x497B,0x5031,0x300A,0x2808,0x3009,0x400B,0x500C,
  0x580D,0x680F,0x8010,0xA013,0xA013,0x9812,0xA833,0xA814,0xA814,0xA013,0xA814,0xA034,0xA034,0xA034,0x9033,0x9033,
  0x8813,0x7012,0x6010,0x400D,0x380F,0x309D,0x3ADF,0x445F,0x4CDF,0x341F,0x0B5F,0x041F,0x049F,0x04BF,0x03BF,0x01FF,
  0x01FE,0x027F,0x035F,0x06FF,0x07FF,0x07FF,0x07FF,0x07BF,0x04BF,0x01B9,0x0176,0x1956,0x1913,0x18CF,0x18AC,0x18AC,
  0x28CD,0x6971,0x91B3,0x50EF,0x30AD,0x388D,0x306C,0x388B,0x786D,0xA82F,0xD871,0xD051,0x686E,0x388C,0x388C,0x306B,
  0x286A,0x28AF,0x3158,0x2957,0x18CE,0x108A,0x188B,0x188B,0x108A,0x20AB,0x58F1,0x5912,0x20EF,0x210F,0x190F,0x190F,
  0x2110,0x3113,0x3113,0x2912,0x2912,0x2912,0x2912,0x2911,0x2911,0x2912,0x30F3,0x48F4,0x50D6,0xB83B,0xF93F,0xFADF,
  0xFA5F,0xF87F,0x9819,0x5014,0x4011,0x382F,0x284C,0x204B,0x204B,0x206C,0x206C,0x186A,0x186A,0x186A,0x106A,0x186A,
  0x186A,0x1069,0x1069,0x208B,0x28CE,0x2910,0x210F,0x18EE,0x18CD,0x18EE,0x210F,0x2130,0x2130,0x2130,0x2130,0x2110,
  0x190F,0x190F,0x190F,0x190F,0x190F,0x190F,0x190E,0x18EE,0x18EE,0x190E,0x190F,0x18EF,0x18EF,0x10EF,0x18EF,0x18EF,
  0x1110,0x1910,0x1110,0x1910,0x18F0,0x10EF,0x10EE,0x10CE,0x10CD,0x10CC,0x10CC,0x10AB,0x10AB,0x10AB,0x10AB,0x10AB,
  0x10AB,0x10AB,0x10AB,0x10AB,0x10AB,0x10AB,0x10AB,0x10AB,0x10AB,0x108A,0x108A,0x18AB,0x188B,0x188B,0x208C,0x188B,
  0x68F0,0xF855,0xF014,0xF816,0xFA79,0xF29B,0xF819,0xF91B,0xB110,0xB80F,0xF059,0xE017,0xE017,0xE037,0xC813,0xD014,
  0xD813,0xE996,0xF9D7,0xF813,0xF014,0xF075,0xF1B3,0xEAD5,0xAAF3,0x2966,0xA04D,0xD00F,0x8006,0x7808,0xD010,0x882A,
  0xD00F,0xE00F,0xD870,0xD153,0xE8F4,0xF0D6,0xE0F3,0xC9B2,0xF074,0xF834,0xF834,0xF833,0xF0F5,0xF875,0xE812,0xA98F,
  0x528C,0x4005,0xD012,0xD053,0xD892,0x6887,0xD0AF,0x78EB,0x0108,0x10A6,0x79EC,0xC291,0xD00D,0xB00A,0xE091,0xF810,
  0xF82F,0xF254,0xF14F,0xFB73,0xC1EB,0x5007,0x4049,0x604B,0xF00F,0xF80F,0xF970,0xFD18,0xFB98,0xFC79,0xFEBB,0xD12C,
  0x800A,0x586A,0x4049,0x3047,0x2047,0x2047,0x1847,0x2027,0x2047,0x2027,0x1826,0x1026,0x1026,0x1847,0x1048,0x1047,
  0x1827,0x1828,0x2029,0x204B,0x186A,0x10AB,0x18EE,0x18EE,0x18CD,0x108B,0x1068,0x106A,0x10AC,0x18AD,0x18AC,0x106A,
  0x1069,0x108B,0x188B,0x106A,0x1048,0x1047,0x1027,0x0826,0x0826,0x0825,0x0825,0x0825,0x0825,0x0826,0x0825,0x0025,
  0x6075,0x6033,0x480E,0x300A,0x2007,0x2049,0x18CF,0x1110,0x1954,0x38B5,0x400D,0x2809,0x2808,0x3009,0x480B,0x580D,
  0x682E,0x8811,0xC818,0xF8DE,0xF0BD,0xE019,0xD817,0xD037,0xC837,0xC016,0xB015,0xB015,0xB036,0xB816,0xC818,0xC018,
  0xA035,0x8814,0x6811,0x480E,0x380F,0x307C,0x3A9F,0x3BFF,0x447F,0x2BBF,0x031F,0x03BF,0x043F,0x047F,0x039F,0x01DF,
  0x01BE,0x01FE,0x031E,0x06DF,0x07FF,0x07FF,0x07FF,0x07DF,0x049F,0x0198,0x0954,0x1913,0x18F0,0x18CE,0x18AD,0x18AD,
  0x20CD,0x6151,0x8172,0x50EF,0x38CE,0x38AD,0x306B,0x386B,0x686D,0x986F,0xB070,0x9070,0x488D,0x306B,0x308B,0x308B,
  0x286A,0x2113,0x32DE,0x2A5C,0x18AF,0x108A,0x188B,0x188B,0x188A,0x188B,0x40CF,0x38EF,0x18CD,0x18ED,0x18ED,0x18EE,
  0x2110,0x3113,0x3113,0x2912,0x2912,0x2913,0x2933,0x2912,0x2912,0x3113,0x38F3,0x40F4,0x48D4,0x9859,0xF87F,0xFA3F,
  0xFA9F,0xF8BF,0x9819,0x5013,0x4831,0x402F,0x302D,0x204B,0x204B,0x186A,0x186A,0x186A,0x186A,0x186A,0x186A,0x1069,
  0x1069,0x1068,0x1069,0x208B,0x30AD,0x20AC,0x18AB,0x1089,0x1069,0x18AB,0x18CD,0x210F,0x2131,0x2131,0x2130,0x210F,
  0x210F,0x210F,0x190F,0x190F,0x190F,0x190F,0x18EF,0x18EE,0x190F,0x190F,0x190F,0x190F,0x190F,0x190F,0x190F,0x10EF,
  0x110F,0x110F,0x10EF,0x1110,0x10F0,0x10EF,0x10CD,0x10CD,0x10CD,0x10CC,0x10CC,0x10AB,0x10AB,0x10AB,0x10AB,0x10AB,
  0x10AB,0x10AB,0x10AB,0x10AB,0x10AB,0x10AB,0x10AB,0x10AB,0x10AB,0x108B,0x108B,0x10AB,0x18AB,0x18AB,0x208B,0x206B,
  0x30ED,0xD914,0xD80F,0xD811,0xF8F6,0xFB9C,0xF89A,0xF019,0xD814,0xCAB2,0xFB38,0xE8F6,0xD835,0xC012,0xC012,0xC833,
  0xC812,0xC812,0xD9B5,0xF1B6,0xE011,0xE854,0xF115,0xF811,0xF8B3,0xE9F4,0xA98E,0x6806,0xC80C,0xA008,0x980B,0x5825,
  0x9009,0xE010,0xD80F,0xC00C,0xC931,0xE8F5,0xF137,0xB82D,0xD913,0xF836,0xF834,0xF814,0xF894,0xF8B4,0xE811,0xE010,
  0xF257,0x720C,0xA82E,0xA911,0xB00D,0xC070,0xC08D,0x7869,0x00A6,0x0886,0x720D,0xC231,0xB80B,0xA84A,0xE9D4,0xF810,
  0xF891,0xF993,0xF04E,0xFBF4,0xD149,0x5006,0x3047,0x984C,0xF851,0xF82F,0xF84F,0xF9CF,0xFB76,0xFBB8,0xFE9C,0xEB70,
  0x9807,0x6849,0x4027,0x3027,0x2026,0x2026,0x2026,0x2047,0x2048,0x2048,0x1827,0x1026,0x1026,0x1026,0x1047,0x1047,
  0x1848,0x206B,0x306E,0x288E,0x106A,0x108A,0x18CE,0x18CF,0x20AF,0x206B,0x186A,0x10AC,0x18CE,0x18AD,0x106A,0x1048,
  0x1047,0x1047,0x1047,0x1026,0x1027,0x1027,0x1027,0x1027,0x1026,0x0826,0x0825,0x0825,0x0825,0x0825,0x0825,0x0825,
  0x5874,0x6033,0x480E,0x300A,0x2007,0x1828,0x18AD,0x110F,0x2154,0x38F6,0x402F,0x300A,0x2808,0x380A,0x500D,0x680E,
  0x7830,0xB014,0xF8DE,0xFBBF,0xFBFF,0xF9FF,0xF87D,0xE81A,0xD018,0xC016,0xB816,0xB836,0xC017,0xE03A,0xF93F,0xF93F,
  0xD81A,0x9815,0x7812,0x480F,0x3810,0x387C,0x3A7F,0x3BBF,0x445F,0x343F,0x2C3F,0x143F,0x03DF,0x041F,0x037F,0x01DF,
  0x019C,0x019C,0x02FE,0x06FF,0x07FF,0x07FF,0x07FF,0x07DF,0x04BF,0x0178,0x0932,0x1111,0x1110,0x18F0,0x18F0,0x18EF,
  0x20CE,0x410F,0x5930,0x40EE,0x38CE,0x38AD,0x308C,0x486C,0x884F,0x902F,0x884E,0x786E,0x486D,0x306B,0x286B,0x288C,
  0x286B,0x2996,0x447F,0x3BFF,0x1113,0x188A,0x188B,0x188A,0x108A,0x20AC,0x40F0,0x38F0,0x18CD,0x18CD,0x18AC,0x18CC,
  0x18EF,0x2111,0x2912,0x2912,0x2912,0x2912,0x3133,0x2913,0x3113,0x3914,0x4114,0x40F4,0x40B3,0x7056,0xF07E,0xFABF,
  0xFBFF,0xF9BF,0xB01A,0x5013,0x5833,0x4831,0x302D,0x284B,0x206B,0x206A,0x186A,0x186A,0x186A,0x186A,0x1869,0x1069,
  0x1069,0x1069,0x1069,0x1869,0x1869,0x1069,0x1068,0x1068,0x1848,0x186A,0x188A,0x18AC,0x210F,0x2131,0x2130,0x2110,
  0x2110,0x2110,0x2110,0x210F,0x190F,0x190F,0x190F,0x190F,0x190F,0x190F,0x190F,0x18EF,0x190F,0x190F,0x18EF,0x10EF,
  0x10EF,0x10EF,0x10EF,0x10EF,0x10EF,0x10EE,0x10CD,0x10CD,0x10CD,0x10CC,0x10CC,0x10AC,0x10AB,0x10AB,0x10AB,0x10AB,
  0x10AB,0x10AB,0x10AB,0x10AB,0x10AB,0x10AB,0x10AB,0x10AB,0x10AB,0x10AB,0x10AB,0x10AB,0x10AB,0x18AB,0x188B,0x288C,
  0x208B,0xA1F4,0xF875,0xE012,0xF014,0xB192,0xD998,0xF8DB,0xF819,0xF8F9,0xFBD8,0xFB57,0xE956,0xD054,0xC813,0xC813,
  0xC833,0xB811,0xB010,0xC132,0xE0F4,0xC00E,0xD8F4,0xF156,0xF812,0xF011,0xE00F,0x9029,0xA10D,0xD151,0xC84E,0xE031,
  0xA00A,0xA00A,0xE010,0xE811,0xB82C,0xC06C,0xE070,0xF033,0xA86C,0xD80F,0xF813,0xF813,0xF854,0xF0B4,0xF012,0xE832,
  0xE832,0xF0F3,0xB1D0,0x5825,0x5804,0xA0D0,0x986B,0x8807,0x00A6,0x00C7,0x81AE,0x798B,0x8007,0xB02A,0x8088,0xE82F,
  0xF892,0xF992,0xF80E,0xF9F2,0xE9A9,0x6007,0x4048,0xD84F,0xF830,0xF850,0xF890,0xD84B,0xF0ED,0xFC98,0xFDFB,0xF597,
  0xB006,0x7028,0x4827,0x3027,0x2827,0x2027,0x2047,0x2048,0x2049,0x2069,0x1849,0x1869,0x1849,0x1047,0x1046,0x1047,
  0x108B,0x20AE,0x28B0,0x20AF,0x106B,0x18AD,0x20F1,0x20D1,0x20AF,0x186B,0x1069,0x108A,0x1069,0x1047,0x0826,0x0826,
  0x0826,0x0826,0x0826,0x0826,0x1026,0x1027,0x1027,0x1027,0x1027,0x0826,0x0825,0x0825,0x0825,0x0826,0x0826,0x0825,
  0x304D,0x402F,0x400D,0x380B,0x2808,0x1828,0x20AC,0x192F,0x29B9,0x497D,0x5052,0x300A,0x3009,0x400B,0x600E,0x7010,
  0x8031,0xC838,0xFA1F,0xFCFF,0xFD1F,0xFC9F,0xFB5F,0xF99F,0xE83C,0xD017,0xC817,0xD038,0xE019,0xF91E,0xFC7F,0xFC7F,
  0xF99F,0xC019,0x8014,0x5810,0x4012,0x407D,0x3A9F,0x3B9F,0x443F,0x44BF,0x44FF,0x245F,0x037F,0x03BF,0x033F,0x01BF,
  0x017B,0x019B,0x031E,0x06FF,0x0FFF,0x07FF,0x07FF,0x07FF,0x04FF,0x0199,0x0915,0x0916,0x08F4,0x00D4,0x08F3,0x08B2,
  0x086E,0x186C,0x286D,0x204D,0x202C,0x282B,0x282B,0x802E,0xE052,0xD091,0xA84F,0x886F,0x508D,0x308B,0x286B,0x288C,
  0x286C,0x2135,0x339F,0x2B5E,0x10F2,0x188C,0x18AC,0x188B,0x108A,0x20AD,0x5912,0x5112,0x2110,0x210F,0x18CD,0x18AC,
  0x18EF,0x2111,0x2932,0x2933,0x2933,0x2913,0x3133,0x3133,0x3134,0x3914,0x4114,0x40F4,0x38B3,0x8057,0xF91F,0xFB5F,
  0xFC1F,0xF9BF,0xB01A,0x6014,0x7035,0x6032,0x382D,0x284B,0x206B,0x206B,0x206B,0x186B,0x186A,0x186A,0x188A,0x188A,
  0x1069,0x1869,0x186A,0x1869,0x1869,0x1068,0x1069,0x1869,0x186A,0x206B,0x186A,0x188A,0x20EE,0x2951,0x2931,0x2110,
  0x2110,0x2110,0x2110,0x2110,0x210F,0x190F,0x190F,0x190F,0x190F,0x190F,0x190F,0x190F,0x190F,0x190F,0x110F,0x10EF,
  0x10EF,0x10EF,0x110F,0x110F,0x10EF,0x10EE,0x10ED,0x10CD,0x10CD,0x10CC,0x10CC,0x10CC,0x10AC,0x10CB,0x10CB,0x10AB,
  0x10CB,0x10AB,0x10AB,0x10AB,0x10AB,0x10AB,0x10AB,0x10AB,0x10AB,0x10AB,0x10AB,0x10AB,0x18AB,0x18AB,0x188B,0x20AC,
  0x204B,0x5A10,0xF956,0xF814,0xE012,0x980B,0xCAB5,0xF89A,0xF89B,0xE817,0xE156,0xF357,0xC80D,0xE155,0xE0F7,0xD034,
  0xD014,0xB811,0xA00F,0x880D,0x988F,0xB890,0xB80D,0xC870,0xD954,0xF116,0xE872,0xE810,0xA80B,0xA0ED,0xD974,0xD194,
  0xB0CD,0xA80B,0xC00D,0xE010,0xE811,0xD00D,0xE9D7,0xF137,0xD030,0xD130,0xF875,0xF813,0xF033,0xF0B4,0xF012,0xF012,
  0xE832,0xF013,0xC08C,0xB1B0,0x5044,0x3864,0x60E8,0x8006,0x00A7,0x00C8,0x790D,0xC1F0,0x4803,0xB80A,0xC02B,0xD80D,
  0xF172,0xF972,0xF80F,0xF82F,0xFCB3,0x9109,0x7829,0xF871,0xF830,0xF810,0xF870,0xE0CE,0xF00C,0xFA33,0xFDFB,0xFF1C,
  0xD0E9,0x7807,0x5027,0x3827,0x3047,0x2848,0x2049,0x206A,0x208B,0x208B,0x208C,0x208D,0x186B,0x1048,0x1048,0x108A,
  0x18CE,0x18F0,0x20D1,0x20AE,0x188B,0x188C,0x188D,0x188B,0x1069,0x1047,0x1047,0x1026,0x0826,0x0826,0x0826,0x0826,
  0x0826,0x1026,0x0826,0x0826,0x1027,0x1027,0x1027,0x1027,0x1026,0x0826,0x0826,0x0826,0x1047,0x1048,0x1047,0x1047,
  0x1027,0x2029,0x302A,0x380B,0x2809,0x2829,0x510D,0x516F,0x3196,0x493A,0x5032,0x302A,0x2829,0x400C,0x6830,0x8011,
  0x8832,0xC037,0xF91F,0xFB1F,0xFC5F,0xFCFF,0xFD5F,0xFC3F,0xF91F,0xE019,0xD838,0xE019,0xF01C,0xFABF,0xFD9F,0xFDBF,
  0xFABF,0xD01B,0x9035,0x6813,0x4813,0x409E,0x3A9F,0x3B3F,0x337F,0x341F,0x3C9F,0x241F,0x035F,0x03DF,0x035F,0x01BE,
  0x0159,0x017A,0x02BE,0x065F,0x07FF,0x07BF,0x079F,0x07BF,0x051F,0x021B,0x0239,0x0ABB,0x1ADA,0x2ADA,0x52DB,0x6AFA,
  0x6AF7,0x6AF4,0x7313,0x7AF2,0x7AB1,0x7A70,0x7231,0xB171,0xF953,0xF953,0xF852,0xD011,0x580E,0x202B,0x284B,0x288C,
  0x308D,0x2914,0x2A5D,0x221C,0x18B1,0x20AD,0x18AD,0x188B,0x108A,0x20AC,0x48D0,0x40F0,0x20EF,0x20EE,0x18CD,0x18AC,
  0x2110,0x2932,0x2933,0x2933,0x3133,0x3133,0x3133,0x3134,0x3934,0x3914,0x3914,0x40F4,0x40D4,0x9058,0xF8DF,0xF9FF,
  0xF9BF,0xF07E,0x9018,0x6815,0x8816,0x7814,0x384E,0x306D,0x286D,0x206B,0x206B,0x206B,0x186B,0x186A,0x188A,0x18AB,
  0x188B,0x188A,0x208B,0x208A,0x1869,0x1869,0x1869,0x1869,0x186A,0x206B,0x206A,0x186A,0x20ED,0x2931,0x2931,0x2931,
  0x2131,0x2130,0x2110,0x2110,0x2110,0x210F,0x210F,0x190F,0x190F,0x190F,0x190F,0x190F,0x190F,0x190F,0x190F,0x110F,
  0x110F,0x110F,0x110F,0x110F,0x10EE,0x10EE,0x10EE,0x10CD,0x10CD,0x10CC,0x10CC,0x10CC,0x10CC,0x10CC,0x10CC,0x10AB,
  0x10AB,0x10AB,0x10AB,0x10CB,0x10AB,0x10AB,0x10AB,0x10AB,0x10AB,0x10AB,0x10AB,0x10AB,0x10AB,0x18AB,0x18AB,0x20AB,
  0x288C,0x290D,0xD236,0xE812,0xD811,0xF095,0xF47A,0xF97A,0xF819,0xF059,0xE015,0xD973,0xDA52,0xC952,0xA8D0,0x98AF,
  0xC8D4,0xA830,0x900E,0x900E,0x780C,0x90AE,0xC0D1,0xA00B,0x980B,0xA8AE,0xD174,0xE956,0xE872,0x8808,0xC00D,0xD8B2,
  0xC191,0xA9AE,0xA0EA,0xB80B,0xD00E,0xD80E,0xD02F,0xC02E,0xE831,0xB12E,0xC8CF,0xE812,0xE813,0xF8B7,0xF033,0xF813,
  0xF072,0xF896,0xD00D,0xD06E,0xC191,0x1863,0x2063,0x7806,0x0887,0x00E8,0x790D,0xD16F,0x912B,0xB84B,0xD84E,0xC80C,
  0xD1B0,0xF972,0xF80F,0xF80F,0xFCF8,0xD452,0xC82D,0xF8B2,0xF80F,0xF810,0xE02D,0xE82E,0xF88F,0xF8F1,0xF213,0xFFFE,
  0xE2CE,0x9007,0x6048,0x4048,0x386A,0x308B,0x288B,0x20CD,0x20CE,0x18CD,0x20CE,0x20AE,0x206B,0x188A,0x10AC,0x10CD,
  0x18EF,0x18EF,0x18AD,0x186A,0x1047,0x1047,0x1047,0x0826,0x0826,0x0826,0x0826,0x0826,0x0826,0x0826,0x0826,0x0826,
  0x1047,0x1027,0x1027,0x1027,0x1047,0x1027,0x1027,0x1028,0x1048,0x1048,0x1047,0x1047,0x1048,0x1048,0x1047,0x0847,
  0x1027,0x1027,0x1828,0x2029,0x2008,0x3049,0x696D,0x71CF,0x4195,0x40D8,0x5031,0x302A,0x2829,0x400C,0x7031,0x8812,
  0x8032,0x9032,0xC017,0xF05C,0xF9BF,0xFB9F,0xFCFF,0xFB9F,0xF8BD,0xE819,0xE83A,0xF01C,0xF8FE,0xFC5F,0xFDBF,0xFCDF,
  0xF97F,0xD01A,0x9836,0x7013,0x5014,0x48FE,0x4B1F,0x43DF,0x43DF,0x3C1F,0x3CDF,0x451F,0x249F,0x1CFF,0x0C1F,0x01DE,
  0x0138,0x0159,0x0A1C,0x151F,0x1F5F,0x279F,0x37DF,0x4FFF,0x5FBF,0x5F7F,0x6FBF,0x6FFF,0x6FFF,0x6FBF,0x6EBF,0x755F,
  0x7C1F,0x931F,0xAB1F,0xA33F,0xA39E,0xAC5B,0xC4D9,0xDD37,0xF5D7,0xFE18,0xFD77,0xFC34,0xBB11,0x6A0E,0x514D,0x38CD,
  0x284C,0x18D4,0x431F,0x3ABE,0x20F2,0x20AD,0x20AE,0x188B,0x188A,0x208B,0x48D0,0x48D0,0x20AD,0x18AC,0x188B,0x188B,
  0x20CF,0x2932,0x3133,0x3134,0x3134,0x3134,0x3134,0x3134,0x3134,0x3134,0x3914,0x4115,0x48D5,0x8058,0xE01E,0xF8FF,
  0xF93F,0xF03E,0x9018,0x6015,0x6814,0x5831,0x384E,0x3890,0x40B2,0x286E,0x206B,0x206B,0x206B,0x206A,0x20AB,0x20AC,
  0x208B,0x208B,0x288B,0x288B,0x206A,0x186A,0x186A,0x1869,0x1869,0x186A,0x1869,0x28AA,0x4930,0x7194,0x7193,0x5951,
  0x3130,0x2110,0x2130,0x2110,0x2110,0x210F,0x210F,0x18EE,0x190F,0x190F,0x190F,0x190F,0x190F,0x190F,0x190F,0x110F,
  0x110F,0x190F,0x110F,0x10EE,0x10EE,0x10EE,0x10EE,0x10ED,0x10CD,0x10CC,0x10CC,0x10CC,0x10CC,0x10CC,0x10CC,0x10AB,
  0x10CC,0x10CB,0x10CB,0x10AB,0x10CB,0x10AB,0x10AB,0x10AB,0x10AB,0x10AB,0x10AB,0x18AB,0x10AB,0x10AB,0x18AB,0x18AB,
  0x28AC,0x206C,0x8A73,0xF8B7,0xF817,0xF817,0xE9B6,0xFB1C,0xF81A,0xE817,0xE035,0xC031,0xE315,0xC0F0,0x800A,0x9970,
  0xC155,0xB0D3,0xA172,0xA8B2,0xB0F3,0xA1D1,0x824F,0x786B,0x900B,0xA80D,0xA80B,0xB04D,0xD091,0xC8B0,0x902A,0xC80D,
  0xC80D,0xD06F,0xDA33,0xE255,0xC0CE,0xD00E,0xA80B,0xC850,0xD80F,0xD00F,0xB8CE,0xE9F7,0xD830,0xD852,0xF834,0xF834,
  0xF033,0xF834,0xE8B3,0xB00A,0xD02E,0xA16E,0x38E6,0x3803,0x10A8,0x0023,0x792C,0xE930,0xA069,0x8048,0xA86B,0xD00C,
  0xD950,0xF931,0xF80F,0xF890,0xF950,0xFE5A,0xF192,0xF810,0xF02F,0xF811,0x9007,0xA849,0xF86F,0xF1F2,0xF80F,0xFCF9,
  0xFD74,0xD048,0x882C,0x586B,0x388B,0x308B,0x288B,0x28CE,0x20F0,0x20F0,0x20F0,0x28CF,0x208C,0x188B,0x18CD,0x18AC,
  0x108A,0x1069,0x1047,0x1026,0x1026,0x0826,0x0825,0x0826,0x0826,0x0826,0x1026,0x1026,0x1026,0x1026,0x0826,0x1027,
  0x1047,0x1027,0x1027,0x1048,0x1048,0x1048,0x1849,0x1849,0x184A,0x1849,0x1048,0x1047,0x1047,0x0847,0x0826,0x0826,
  0x1849,0x1828,0x1027,0x1827,0x1827,0x2048,0x40EB,0x496F,0x3156,0x40D9,0x4831,0x302A,0x2829,0x400B,0x7010,0x8012,
  0x7831,0x8831,0x9832,0xB015,0xE01A,0xF8FE,0xFA7F,0xF99F,0xF01B,0xF039,0xF03B,0xF83E,0xFAFF,0xFD7F,0xFD9F,0xFB7F,
  0xF05D,0xC819,0x9837,0x7013,0x5014,0x517E,0x5C3F,0x5D1F,0x5D1F,0x449F,0x451F,0x55DF,0x2D3F,0x2D5F,0x0C3F,0x01DE,
  0x00D7,0x29B7,0x325A,0x1ABD,0x1B5D,0x1B9D,0x23FE,0x349F,0x459E,0x46BE,0x4F1F,0x4E5F,0x45DF,0x4DDF,0x4DFF,0x45BF,
  0x249E,0x10F6,0x4870,0x70B4,0x78F6,0x6137,0x4138,0x3918,0x5176,0x7236,0x9336,0xAC36,0xB436,0xB3F6,0xA3B5,0x8B33,
  0x9311,0x72F6,0x5C1F,0x437F,0x10B2,0x188D,0x20AE,0x188C,0x188B,0x28AC,0x8113,0x8114,0x30CF,0x20AD,0x188B,0x186A,
  0x20AD,0x2912,0x2933,0x3154,0x3154,0x3154,0x3134,0x3134,0x3934,0x3934,0x3915,0x4915,0x48F6,0x7878,0xE87E,0xFA5F,
  0xFB3F,0xF8FF,0xB81B,0x6035,0x5833,0x4030,0x304D,0x4071,0x48B4,0x306F,0x206B,0x286C,0x386D,0x38AD,0x38EE,0x38EE,
  0x28AC,0x208B,0x288B,0x30AD,0x50ED,0x58ED,0x40EC,0x40CC,0x50AC,0x306B,0x206A,0x38CC,0x7152,0xA1B6,0x9192,0x612F,
  0x28EE,0x20EF,0x2130,0x2130,0x2110,0x2110,0x210F,0x18EE,0x190F,0x190F,0x190F,0x190F,0x190F,0x190F,0x190F,0x190F,
  0x110F,0x110F,0x110F,0x110E,0x10EE,0x10EE,0x10EE,0x10ED,0x10CD,0x10CC,0x10CC,0x10CC,0x10CC,0x10CC,0x10CC,0x10AC,
  0x10CC,0x10CC,0x10CC,0x10CC,0x10CC,0x10AB,0x10AB,0x10AB,0x10AB,0x10AB,0x10AB,0x18AB,0x18AB,0x18AB,0x18AB,0x18AB,
  0x20AC,0x204C,0x41CF,0xEA57,0xF015,0xF817,0xF036,0xE2D8,0xF0FA,0xFA5A,0xF21A,0xE035,0xC092,0xD2B5,0xF177,0x900D,
  0x4807,0xA051,0xA091,0x606A,0x90EF,0x80AC,0x1002,0x38C7,0x5047,0x788A,0xA84C,0xB00C,0x980A,0x980B,0x8029,0x8048,
  0xC00D,0xB00B,0xC8CF,0xE9F6,0xE132,0xD9B4,0xC88E,0xC00D,0xF836,0xF839,0xE032,0xD0AF,0xF998,0xB84D,0xF013,0xF855,
  0xD830,0xC82F,0xF032,0xB00B,0xA80B,0xC02E,0xA90F,0x3885,0x6370,0x00C6,0x78AB,0xF1B2,0xC92E,0xA84A,0x5845,0xB82B,
  0xE111,0xF0B1,0xF80F,0xF911,0xF10F,0xFB13,0xF931,0xF80F,0xF830,0xF830,0xF04E,0xF88F,0xF82E,0xF191,0xF050,0xF8F1,
  0xFE57,0xF3D2,0xB00D,0x706E,0x488D,0x388C,0x308D,0x30CF,0x28F1,0x28F0,0x20CF,0x208D,0x1869,0x1868,0x1068,0x1047,
  0x1026,0x1026,0x1026,0x1026,0x1026,0x1026,0x1026,0x0826,0x0826,0x0826,0x1026,0x1027,0x1047,0x1047,0x1047,0x1027,
  0x1047,0x1047,0x1048,0x1849,0x1048,0x1849,0x1849,0x1849,0x1848,0x1048,0x1047,0x0827,0x0826,0x0826,0x0826,0x0826,
  0x1849,0x1849,0x1827,0x1026,0x1026,0x1827,0x1869,0x188A,0x20D2,0x40B6,0x402F,0x300A,0x2829,0x400B,0x680F,0x7831,
  0x7030,0x7831,0x9012,0xA034,0xB836,0xD018,0xF03C,0xF01B,0xE81A,0xF03A,0xF81D,0xF99F,0xFD1F,0xFE1F,0xFD3F,0xF9BF,
  0xE81C,0xC039,0x9817,0x7013,0x4814,0x497E,0x647F,0x657F,0x657F,0x4CBF,0x3CBF,0x3D5F,0x1C9F,0x1CBF,0x0BDF,0x01BE,
  0x08D7,0x10D5,0x08B5,0x0117,0x01FB,0x027D,0x027E,0x023D,0x0158,0x0115,0x01D9,0x01FC,0x019D,0x0096,0x0053,0x0053,
  0x0071,0x008D,0x0069,0x0046,0x0025,0x1046,0x188A,0x186B,0x104A,0x0809,0x180B,0x180C,0x204D,0x410E,0x5170,0x7251,
  0xB415,0xED78,0xE5BA,0xBD1D,0x7AD5,0x412F,0x188D,0x106B,0x108A,0x28AD,0x8914,0x9915,0x38D0,0x28CE,0x208D,0x188B,
  0x28AE,0x2912,0x3154,0x3154,0x3154,0x3154,0x3154,0x3135,0x3935,0x3935,0x4135,0x4915,0x48F5,0x7878,0xF07F,0xFAFF,
  0xFC1F,0xF9DF,0xC01C,0x7037,0x6034,0x402F,0x304E,0x3870,0x4072,0x306E,0x204B,0x386D,0x58B1,0x60F1,0x8992,0xA9F3,
  0x7130,0x48AD,0x48CE,0x6930,0xC1F2,0xE252,0x9990,0x790F,0x80CF,0x508D,0x286B,0x308C,0x40AE,0x48CF,0x40AD,0x288C,
  0x206B,0x20CD,0x210F,0x2930,0x2130,0x2130,0x210F,0x18EE,0x190F,0x190F,0x190F,0x190F,0x190F,0x190F,0x190F,0x190F,
  0x190F,0x110F,0x110F,0x110E,0x10EE,0x10EE,0x10EE,0x10ED,0x10CD,0x10CC,0x10CC,0x10CC,0x10CC,0x10CC,0x10CC,0x10CC,
  0x10CC,0x10CC,0x10CC,0x10CC,0x10CC,0x10AC,0x10AB,0x10AB,0x10AB,0x10AB,0x10AB,0x18AB,0x18AB,0x18AB,0x18AB,0x18AC,
  0x18AC,0x288C,0x28AC,0xB335,0xF815,0xF816,0xF817,0xA890,0xC8F4,0xF097,0xF818,0xF858,0xE815,0xB010,0xA1D0,0xC173,
  0x906D,0x4005,0x800D,0xA0F2,0x510B,0x68AC,0x80CD,0x4806,0x6068,0x61ED,0x594B,0x7809,0xA00B,0x980B,0x980A,0x6806,
  0x980A,0xB80C,0xC02E,0xE1B4,0xD80D,0xF072,0xE236,0xB92E,0xE853,0xB00E,0xA009,0xF074,0xE154,0xE935,0xE114,0xF856,
  0xF813,0xE0D4,0xF854,0xC80D,0xB00B,0xC00D,0xC80D,0xA86C,0x50E8,0x1085,0x904D,0xD930,0x4064,0xA029,0xA96E,0xB8AC,
  0xE151,0xF8B1,0xF80F,0xF810,0xF82F,0xE80B,0xF850,0xF8F2,0xF0B1,0xF04E,0xF82F,0xF151,0xF90F,0xF8F0,0xF0B1,0xF993,
  0xFD96,0xFD16,0xD06F,0x884F,0x588F,0x488E,0x386D,0x308C,0x288C,0x206A,0x1848,0x1847,0x1026,0x1026,0x1026,0x1026,
  0x1026,0x1026,0x1026,0x1026,0x1026,0x1026,0x1026,0x1026,0x1026,0x1026,0x1047,0x1047,0x1848,0x1849,0x1048,0x1048,
  0x1848,0x1848,0x1849,0x1849,0x1048,0x1048,0x1048,0x1047,0x1047,0x1048,0x1048,0x1047,0x0826,0x0846,0x0826,0x0826,
  0x204A,0x2049,0x1827,0x1026,0x1026,0x1827,0x186A,0x1069,0x186C,0x304F,0x302C,0x2829,0x2829,0x400B,0x600F,0x7010,
  0x7030,0x7831,0x8812,0xA013,0xB035,0xC036,0xD038,0xE039,0xE83A,0xF81C,0xF87E,0xFBFF,0xFE1F,0xFE3F,0xFBFF,0xF87D,
  0xE01A,0xB818,0x9016,0x6813,0x4813,0x493D,0x645F,0x6DBF,0x6DDF,0x4CBF,0x2C1F,0x249F,0x0BFF,0x1C7F,0x13FF,0x01DE,
  0x10D6,0x18D4,0x18D2,0x18D1,0x10F3,0x0915,0x0935,0x0956,0x1113,0x20D0,0x20D3,0x1936,0x1956,0x1934,0x18D0,0x106A,
  0x0824,0x0001,0x0005,0x0807,0x1028,0x1828,0x2008,0x2808,0x502B,0x7830,0x682F,0x6810,0x500E,0x1007,0x1007,0x2009,
  0x2009,0x1827,0x30A8,0x596A,0x722C,0x79CB,0x79F0,0x61B0,0x188C,0x100D,0x70B3,0x88F5,0x38D0,0x28CF,0x20AD,0x208C,
  0x28CF,0x3113,0x3154,0x3154,0x3155,0x3155,0x3155,0x3135,0x3955,0x3935,0x3935,0x40F5,0x40D4,0x9039,0xF91F,0xFBBF,
  0xFC7F,0xFA3F,0xC01B,0x6816,0x6034,0x4830,0x384F,0x3870,0x4071,0x304E,0x284C,0x386E,0x58B1,0x78F2,0xD214,0xFA95,
  0xB9B3,0x70F1,0x60F0,0x7111,0xA9B2,0xC9D2,0x810F,0x50AE,0x508D,0x306C,0x284B,0x284C,0x204B,0x204B,0x204B,0x204A,
  0x204A,0x188B,0x310F,0x6172,0x4151,0x210F,0x18CD,0x18CC,0x18EE,0x190F,0x190F,0x190F,0x190F,0x190F,0x190F,0x190F,
  0x190F,0x190F,0x110F,0x110E,0x10EE,0x10EE,0x10EE,0x10ED,0x10ED,0x10CD,0x10CD,0x10CC,0x10CC,0x10CC,0x10CC,0x10CC,
  0x10CC,0x10CC,0x10CC,0x10CC,0x18CC,0x10CC,0x10AC,0x10AC,0x10AC,0x10AC,0x10CC,0x18AC,0x18AC,0x18AC,0x18AC,0x18AC,
  0x18AC,0x28CC,0x284C,0x7A92,0xF9D7,0xE013,0xB00F,0x806C,0xE138,0xF899,0xF015,0xE076,0xE156,0xE136,0xA00D,0x888C,
  0xA9B1,0x78CC,0x6008,0x610B,0x2106,0x1064,0x7A30,0x9991,0x882B,0x30C6,0x20A4,0x89ED,0xBAB3,0x8089,0x982A,0x980A,
  0x4804,0xB00C,0xD80E,0xE993,0xF133,0xE00D,0xD871,0xD0D0,0xC08E,0x8048,0x9028,0xD830,0xB02B,0xE8B3,0xC132,0xB0F0,
  0xF8D8,0xD955,0xE052,0xF012,0xA80A,0xC80E,0xC80D,0x7807,0xC810,0x4807,0xA16F,0xE0AF,0x8808,0xA00B,0xA00B,0xB80B,
  0xE9F3,0xF131,0xF830,0xF850,0xE84F,0xB008,0xF8B0,0xF091,0xF00F,0xE04C,0xF82F,0xF850,0xF1F1,0xF0EE,0xF971,0xF991,
  0xFD96,0xFEBA,0xE950,0x880E,0x588D,0x404B,0x3049,0x2848,0x2047,0x1826,0x1826,0x1826,0x1026,0x1047,0x1047,0x1026,
  0x1026,0x1026,0x1026,0x1046,0x1046,0x1047,0x1047,0x1047,0x1046,0x1047,0x1048,0x1848,0x1849,0x1849,0x1048,0x1048,
  0x1848,0x1848,0x1849,0x1848,0x1027,0x1027,0x1047,0x1047,0x1047,0x1047,0x1048,0x1048,0x1047,0x1848,0x1848,0x1848,
  0x284B,0x284A,0x1827,0x1026,0x1027,0x206B,0x2911,0x2171,0x20EF,0x286E,0x302A,0x2809,0x3029,0x400B,0x580E,0x6810,
  0x7010,0x8031,0x9032,0x9813,0xB035,0xC036,0xD038,0xE039,0xF03B,0xF81E,0xFABF,0xFDDF,0xFE5F,0xFD7F,0xF9DF,0xF01B,
  0xD019,0xA817,0x8815,0x6011,0x4813,0x413D,0x543F,0x5D1F,0x5D3F,0x3C1F,0x133F,0x0B7F,0x033F,0x0BDF,0x0B7F,0x01BE,
  0x10B4,0x18B1,0x18B0,0x18AF,0x18AF,0x18D0,0x18D0,0x18D0,0x18CF,0x20CF,0x20F1,0x1933,0x1934,0x1934,0x2134,0x2914,
  0x30F1,0x206B,0x508F,0x9117,0x9075,0x7813,0x7012,0xC815,0xD816,0xC015,0xA815,0xA016,0x8815,0x6031,0x282B,0x200B,
  0x200B,0x200A,0x0806,0x0004,0x0002,0x1022,0x5124,0x9A69,0xC34D,0x92D0,0x9154,0x7874,0x3090,0x28CF,0x28AD,0x208C,
  0x30D0,0x3934,0x3155,0x3154,0x3155,0x3155,0x3155,0x3155,0x3955,0x3935,0x3935,0x40F4,0x40B3,0xA81A,0xF9BF,0xFC3F,
  0xFC5F,0xFA1F,0xB81B,0x8816,0x8015,0x5031,0x4851,0x7075,0x8076,0x5071,0x306E,0x306E,0x4090,0x58B0,0x9112,0xA973,
  0x7912,0x50AF,0x488F,0x408E,0x408F,0x506F,0x406D,0x284C,0x284C,0x304D,0x384D,0x304D,0x284C,0x304C,0x284C,0x284B,
  0x204B,0x188B,0x492E,0xA1B1,0x8170,0x20CC,0x108A,0x1089,0x10CB,0x190E,0x1930,0x1930,0x1910,0x1930,0x190F,0x190F,
  0x190F,0x190F,0x110F,0x10EE,0x10EE,0x10EE,0x10EE,0x10EE,0x10ED,0x10CD,0x10CD,0x10CD,0x10CC,0x10CC,0x10CC,0x10CC,
  0x10CC,0x10CC,0x10CC,0x10CC,0x18CC,0x10CC,0x10CC,0x10CC,0x10CC,0x10CC,0x18CC,0x18AC,0x18AC,0x18AC,0x18AC,0x18AC,
  0x18AC,0x18AC,0x208C,0x312D,0xC190,0xA008,0x5025,0x3803,0x5868,0xD0F7,0xF89C,0xF818,0xA06F,0x798C,0xB870,0x980C,
  0x800A,0x91F0,0x894E,0x3929,0x3128,0x28C6,0x1804,0x594C,0xAA32,0x6808,0x4004,0x68C9,0x4147,0x4824,0x7869,0xB931,
  0xA06A,0x8006,0x6026,0xA86C,0xFA17,0xA848,0xB8AD,0xF0F6,0xE011,0xE011,0xD871,0xE050,0xF9BA,0xF979,0xF013,0xC0D1,
  0x906B,0x982B,0xC870,0xF856,0xC00D,0x8028,0xC00D,0x8007,0xC82F,0xD00F,0x81CD,0xC10E,0xC00C,0xA80C,0xA00B,0xC02C,
  0xF214,0xE0EE,0xF8B2,0xF80F,0xE80E,0x9808,0x9849,0xF011,0xF0F2,0xF84E,0xF850,0xF82F,0xF06F,0xF1D0,0xF9AF,0xFA10,
  0xFD97,0xFF7B,0xEA8F,0x9009,0x5849,0x4028,0x3027,0x2847,0x2026,0x2026,0x1827,0x1827,0x1827,0x1847,0x1848,0x1848,
  0x1047,0x1046,0x1026,0x1046,0x1047,0x1047,0x1047,0x1047,0x1047,0x1048,0x1849,0x1849,0x1849,0x1848,0x1048,0x1027,
  0x1027,0x1848,0x1828,0x1828,0x1027,0x1047,0x1047,0x1848,0x1848,0x1848,0x1848,0x1848,0x2049,0x204A,0x2049,0x2049,
  0x284A,0x284A,0x1827,0x1026,0x1827,0x308E,0x3975,0x29D5,0x2995,0x30B1,0x302B,0x2809,0x3009,0x400B,0x580E,0x6810,
  0x7010,0x8031,0x9813,0xA034,0xB035,0xC837,0xD838,0xF03A,0xF81D,0xFA1F,0xFD5F,0xFE5F,0xFE3F,0xFB5F,0xF83D,0xE01A,
  0xC018,0xA016,0x8014,0x5810,0x4012,0x391E,0x433F,0x3B7F,0x2ADF,0x1A5F,0x01BF,0x01BF,0x01BF,0x01DF,0x01BF,0x00FA,
  0x1091,0x1890,0x208F,0x188E,0x188E,0x18AE,0x18AE,0x18AE,0x18AE,0x20AE,0x20CF,0x2112,0x2133,0x2113,0x2112,0x2912,
  0x28D1,0x30B1,0x40D1,0x7135,0xA25B,0x9A7B,0x7157,0xE93A,0xFB7E,0xFD1E,0xF41C,0xFA3D,0xE09B,0xC018,0x7813,0x380D,
  0x202B,0x200B,0x200A,0x1028,0x0825,0x0002,0x0002,0x0001,0x2082,0x6A25,0xA36A,0xBB30,0x61AF,0x208D,0x186C,0x208C,
  0x30D0,0x3915,0x3155,0x3154,0x3155,0x3155,0x3155,0x3155,0x3956,0x3936,0x4136,0x4115,0x48D5,0xA83B,0xF9FF,0xFC5F,
  0xFC7F,0xFA9F,0xE83D,0xF07B,0xE07A,0x7034,0x6053,0x9057,0x9877,0x5872,0x386E,0x304E,0x306E,0x386E,0x406E,0x406E,
  0x386E,0x306E,0x306E,0x304D,0x384E,0x5050,0x6050,0x504E,0x404E,0x5050,0x6051,0x484F,0x304D,0x304D,0x284C,0x284C,
  0x284C,0x208C,0x38EC,0x896F,0x712D,0x20AA,0x1068,0x1067,0x1089,0x18EE,0x1930,0x1930,0x1930,0x1930,0x1930,0x190F,
  0x190F,0x190F,0x110F,0x110F,0x10EE,0x10EE,0x10EE,0x10EE,0x10ED,0x10CD,0x10CD,0x10CD,0x10CD,0x10CC,0x10CC,0x10CC,
  0x10CC,0x10CC,0x10CC,0x10CC,0x10CC,0x10CC,0x10CC,0x10CC,0x18CC,0x18CC,0x18CC,0x18CC,0x18CC,0x18CC,0x18CC,0x18AC,
  0x18AC,0x18AC,0x18CC,0x18AC,0x286B,0x6849,0x8827,0x906B,0x7829,0x3805,0x682B,0xE077,0xE816,0x986D,0xA84E,0x980D,
  0xA00D,0x6849,0x510A,0x412A,0x3949,0x2086,0x586B,0x70AD,0x690B,0x808B,0x7829,0x880A,0x6847,0x8869,0x8008,0x8008,
  0xB0CE,0xB8CD,0x4803,0x9049,0xE8D1,0xE995,0xE955,0xF0F5,0xF177,0xF033,0xD84F,0xD8D2,0xF259,0xF95A,0xF9D9,0xF979,
  0xE956,0xE855,0xA82C,0xC192,0xF959,0xB00D,0x8027,0xB80C,0xB00D,0xF812,0x5806,0xA80B,0xC00C,0xA0EC,0xA0CC,0xC02C,
  0xE9D3,0xE06E,0xF193,0xF932,0xD80D,0x9029,0xE872,0xE82F,0xE9B3,0xF84F,0xF80F,0xF890,0xF80F,0xF0EF,0xF92D,0xFA70,
  0xFD55,0xFF9B,0xFBF1,0xA806,0x6048,0x4027,0x3027,0x2847,0x2046,0x2046,0x1827,0x1827,0x1826,0x1026,0x1847,0x1848,
  0x1848,0x1848,0x1047,0x1027,0x1047,0x1048,0x1848,0x1848,0x1848,0x1848,0x1849,0x1849,0x1848,0x1848,0x1848,0x1848,
  0x1028,0x1028,0x1028,0x1828,0x2029,0x284A,0x384B,0x384C,0x384C,0x304A,0x2049,0x2049,0x284A,0x2049,0x1828,0x1027,
  0x2029,0x2049,0x1827,0x1827,0x2028,0x386D,0x30AF,0x20EF,0x2912,0x30B2,0x302B,0x3009,0x302A,0x400B,0x600E,0x7010,
  0x8031,0x9032,0xA014,0xB035,0xC836,0xE038,0xF03A,0xF81C,0xF9FF,0xFD1F,0xFE3F,0xFE5F,0xFC7F,0xF8DE,0xE81B,0xD019,
  0xB017,0x9815,0x7814,0x5011,0x4011,0x387B,0x319F,0x21BF,0x193F,0x111F,0x091E,0x09BF,0x123F,0x0A1F,0x099F,0x08BA,
  0x18B3,0x20B2,0x2091,0x2090,0x20AF,0x188E,0x18AE,0x18CF,0x20AE,0x20AE,0x20AE,0x20CF,0x20F0,0x20F0,0x20CF,0x20CF,
  0x28AF,0x28AF,0x308F,0x286E,0x3871,0x4937,0x2176,0x5A18,0xC3DD,0xFC5F,0xFD1F,0xFEFF,0xFF5F,0xFD9F,0xE21C,0xA817,
  0x5811,0x280C,0x200A,0x1009,0x1029,0x1869,0x0825,0x0004,0x0003,0x0002,0x0001,0x3123,0x7AA8,0x8ACC,0x518D,0x184B,
  0x28AF,0x3914,0x3135,0x3155,0x3156,0x3155,0x3155,0x3155,0x3956,0x3956,0x4136,0x4936,0x50F7,0xB07D,0xFABF,0xFC5F,
  0xFC3F,0xFADF,0xF89E,0xF97D,0xF0DC,0x7015,0x4030,0x5851,0x5051,0x384F,0x304E,0x304E,0x304E,0x384E,0x384E,0x404F,
  0x5050,0x6072,0x5871,0x4850,0x4850,0x7872,0x9873,0x7851,0x5050,0x6852,0x8835,0x6032,0x4830,0x4830,0x5030,0x5812,
  0x4050,0x208D,0x208B,0x30CB,0x38CB,0x188A,0x1889,0x1068,0x108A,0x18EF,0x2131,0x1930,0x1930,0x1930,0x1930,0x1910,
  0x190F,0x110F,0x110F,0x190F,0x190F,0x10EE,0x10EE,0x10EE,0x10EE,0x10ED,0x10CD,0x10ED,0x10ED,0x10CD,0x10CD,0x10CD,
  0x10CC,0x10CC,0x10CC,0x10CC,0x10CC,0x10CC,0x10CC,0x18CC,0x18CC,0x18CC,0x18CC,0x18CC,0x18CC,0x18CC,0x18CC,0x18CC,
  0x18CC,0x18CC,0x18CC,0x18CC,0x18CC,0x18CD,0x3869,0x5804,0x6827,0x706B,0x4828,0x2024,0x802E,0xF198,0xD9F4,0xA00C,
  0x900C,0x880B,0x598A,0x3106,0x28A6,0x3868,0x606C,0x60AB,0x70EA,0x824C,0x3045,0x7006,0x9847,0xC289,0xD50F,0x9209,
  0x8847,0xB04B,0xB02B,0x4802,0x7007,0xC00D,0xC00C,0xF811,0xE0D2,0xE134,0xE852,0xD831,0xA84A,0xE855,0xF879,0xF077,
  0xF1B9,0xF9FD,0xE0B3,0xC992,0xF999,0xF817,0xF8D7,0xD9B3,0xA86C,0xF855,0xE133,0xE152,0xC00D,0x2083,0x7828,0xD02D,
  0xD9F2,0xD80C,0xD88D,0xF912,0xD80C,0xA80B,0xF813,0xC80B,0xF0B0,0xF1B2,0xF82F,0xF890,0xF80E,0xF84E,0xF1CE,0xF96D,
  0xFD34,0xFFDB,0xFDD6,0xB805,0x6848,0x4827,0x3027,0x2846,0x2047,0x2047,0x2047,0x1827,0x1826,0x1026,0x1046,0x1047,
  0x1848,0x1848,0x1848,0x1048,0x1047,0x1848,0x1848,0x1848,0x1848,0x1848,0x1848,0x1848,0x1828,0x1048,0x1848,0x1849,
  0x284A,0x382B,0x482D,0x602F,0x602F,0x600F,0x6830,0x582F,0x404D,0x284A,0x2049,0x2049,0x284A,0x2048,0x1027,0x1026,
  0x2028,0x2028,0x1827,0x1827,0x1828,0x284A,0x204A,0x1849,0x288F,0x3090,0x382C,0x302A,0x302A,0x400B,0x600E,0x7811,
  0x8832,0xA033,0xB035,0xC036,0xE018,0xF01A,0xF83C,0xFA1F,0xFD1F,0xFE3F,0xFE3F,0xFD3F,0xF99F,0xF01B,0xD819,0xC018,
  0xA016,0x9015,0x7813,0x5010,0x4010,0x405A,0x39BF,0x2A7F,0x2A9F,0x1A3F,0x1A9F,0x2C1F,0x347F,0x345F,0x235F,0x115E,
  0x18B6,0x20B4,0x28B4,0x5199,0x4A5B,0x19D7,0x19B7,0x1934,0x20D0,0x20AE,0x20AD,0x20AE,0x20CE,0x20CE,0x20CE,0x20AE,
  0x28AE,0x40D1,0x58D1,0x40AF,0x40AF,0x5090,0x50B1,0x08B3,0x0095,0x3057,0x787B,0xC0FD,0xF2BE,0xFD1F,0xFEDF,0xFDFF,
  0xEADD,0x8814,0x280C,0x182A,0x1009,0x102A,0x1047,0x0002,0x0003,0x0023,0x0023,0x0003,0x0002,0x20A3,0x7248,0x82CC,
  0x5930,0x6978,0x3936,0x3115,0x3976,0x3156,0x3155,0x3135,0x3156,0x3936,0x4136,0x5137,0x6119,0xB89D,0xFA3F,0xFB7F,
  0xFAFF,0xF99F,0xD01C,0xB05A,0xA038,0x6013,0x382F,0x284D,0x284D,0x304E,0x384E,0x384F,0x384F,0x4050,0x5051,0x6852,
  0x9874,0xA876,0x9056,0x6053,0x4850,0x7052,0x9835,0xA816,0x9036,0xA038,0xC83B,0xB83A,0xB83A,0xC81B,0xD01C,0xD83D,
  0xA07A,0x3890,0x20AB,0x188B,0x188A,0x188A,0x1889,0x1889,0x18AB,0x2110,0x2131,0x1931,0x1931,0x1931,0x1930,0x1930,
  0x1910,0x1910,0x110F,0x190F,0x190F,0x10EE,0x10EE,0x10EE,0x10EE,0x10ED,0x10ED,0x10ED,0x10ED,0x10ED,0x10CD,0x10CD,
  0x10CD,0x10CD,0x10CC,0x10CC,0x10CC,0x10CC,0x18CC,0x18CC,0x18CC,0x10CC,0x18CC,0x18CC,0x18CC,0x18CC,0x18CC,0x18CC,
  0x18CC,0x18CC,0x18CC,0x18CC,0x18CC,0x18CC,0x18CD,0x38AB,0x5825,0x4002,0x5808,0x4827,0x0883,0x40ED,0xAA98,0xD1B2,
  0xA04B,0x780A,0x58A9,0x51EB,0x496B,0x506A,0x588B,0x58CB,0x58E9,0x0821,0x3126,0x8087,0x7802,0x8083,0x9347,0x62A6,
  0x6946,0xA92C,0xE2B6,0xA8EA,0x4800,0x6005,0x9008,0xB80A,0xF051,0xB930,0xD093,0xF89C,0xD050,0xE032,0xF819,0xF017,
  0xF859,0xF057,0xFA1C,0xD131,0xE095,0xF8BA,0xF89A,0xE875,0x9029,0xA930,0xF8B7,0xE832,0xE011,0x984B,0xC0EE,0xE06F,
  0xB8CD,0xD80D,0xD80B,0xF8B0,0xE8AF,0xD02D,0xD82F,0xF00F,0xF132,0xF0AF,0xF870,0xF86F,0xF82D,0xF82E,0xF1EF,0xF18B,
  0xFCD3,0xFFFC,0xFD35,0xD087,0x7027,0x4827,0x3027,0x2826,0x2847,0x2047,0x2047,0x2047,0x1847,0x1847,0x1847,0x1047,
  0x1027,0x1047,0x1848,0x1048,0x1047,0x1048,0x1048,0x1847,0x1847,0x1847,0x1848,0x2049,0x282A,0x382C,0x404D,0x6050,
  0x8832,0x8833,0x8812,0x8812,0x680F,0x500E,0x402D,0x302B,0x2029,0x2029,0x204A,0x284A,0x284A,0x2049,0x1848,0x1027,
  0x2049,0x2049,0x1828,0x1827,0x1828,0x2048,0x1849,0x1849,0x288E,0x3870,0x382D,0x302A,0x3029,0x400B,0x600E,0x8011,
  0x9833,0xB035,0xC836,0xE018,0xF81B,0xF8DE,0xFADF,0xFD3F,0xFE1F,0xFE3F,0xFD5F,0xFA3F,0xF01D,0xD81A,0xC018,0xA816,
  0x9015,0x8014,0x7013,0x5010,0x4012,0x493E,0x4B9F,0x54BF,0x54FF,0x341F,0x2C1F,0x4D7F,0x4DBF,0x4D7F,0x3C7F,0x1A1F,
  0x18B8,0x20B4,0x30B4,0x61FC,0x6BBF,0x2C1F,0x23FF,0x2A5C,0x20D1,0x20AE,0x28AE,0x30D0,0x30F1,0x30F0,0x28F0,0x28CF,
  0x28CF,0x6913,0x8114,0x50D0,0x388F,0x38AF,0x388E,0x8072,0x5958,0x0198,0x0116,0x1158,0x40DA,0x7819,0xA859,0xE2BC,
  0xFD7F,0xFD7F,0xB9F8,0x380C,0x0808,0x0808,0x0806,0x0024,0x0002,0x0003,0x0003,0x0003,0x0023,0x0003,0x0003,0x28E3,
  0x7A2A,0xB9F2,0x8BBB,0x3A39,0x28D7,0x3177,0x2956,0x3156,0x3956,0x3936,0x4136,0x5938,0x691A,0x987B,0xF09F,0xF99F,
  0xF93F,0xF01F,0x9019,0x6015,0x6815,0x6014,0x4830,0x304E,0x304E,0x384E,0x384F,0x384F,0x4050,0x4851,0x5832,0x7834,
  0xA836,0xC838,0xC01A,0xA819,0xA018,0xC83B,0xE85D,0xF89F,0xF8BF,0xF8BF,0xF89F,0xF85F,0xF03F,0xF03F,0xE01E,0xF89F,
  0xC8BE,0x48B3,0x20CD,0x20AC,0x188A,0x1089,0x1069,0x1069,0x18AB,0x210F,0x2151,0x2131,0x1931,0x1931,0x1931,0x1930,
  0x1930,0x1930,0x1910,0x190F,0x190F,0x190F,0x190F,0x10EE,0x10EE,0x10EE,0x10EE,0x10ED,0x10ED,0x10ED,0x10ED,0x10CD,
  0x10CD,0x10CD,0x10CD,0x10CD,0x10CD,0x18CD,0x18CD,0x18CD,0x18CD,0x18CC,0x18CC,0x18CC,0x18CC,0x18CC,0x18CC,0x18CC,
  0x18CC,0x18CC,0x18CC,0x18CC,0x18CC,0x18CC,0x18CC,0x10ED,0x18AD,0x594A,0x7044,0xAB11,0x934F,0x0001,0x08EA,0x4A55,
  0xB214,0xC8AF,0x8809,0x4006,0x40A8,0x48E9,0x48C9,0x68EB,0x3865,0x0820,0x91EB,0xCA6F,0x8147,0x3822,0x5083,0x2801,
  0x6022,0x3801,0x7887,0xE255,0xC12D,0x5803,0x6806,0xA009,0xA009,0xC84E,0xA80C,0xD853,0xF8BA,0xB02D,0xD833,0xD033,
  0xF058,0xF8DB,0xF89A,0xE094,0xA06C,0xF0B8,0xF8BA,0xF85A,0xE814,0x5846,0xB871,0xF837,0xF835,0xF833,0xA98D,0xC8ED,
  0xF2F6,0xD80D,0xD00B,0xD1D0,0xD950,0xB84B,0xB029,0xF830,0xE090,0xF00E,0xF84F,0xF10F,0xF8CF,0xF82E,0xF82D,0xF28E,
  0xFCB2,0xFC15,0xFD39,0xE22C,0x7806,0x4847,0x3847,0x3047,0x2847,0x2848,0x2048,0x2048,0x2048,0x1848,0x1848,0x1848,
  0x1848,0x1848,0x1848,0x1848,0x1047,0x1047,0x1047,0x1847,0x1848,0x304A,0x404D,0x7051,0x8833,0x8032,0x7852,0x8832,
  0x8832,0x6830,0x500D,0x380B,0x280A,0x282A,0x282A,0x2029,0x2029,0x2029,0x284A,0x284A,0x284A,0x284A,0x284A,0x304B,
  0x284A,0x284A,0x2028,0x1827,0x2028,0x2049,0x204A,0x204A,0x286D,0x384F,0x382D,0x302A,0x302A,0x480B,0x680E,0x8831,
  0xA034,0xC816,0xE81A,0xF8BD,0xFA3F,0xFC3F,0xFD9F,0xFDFF,0xFE1F,0xFD1F,0xFA1F,0xF81D,0xE01B,0xC818,0xA816,0x9815,
  0x8013,0x7813,0x7013,0x5010,0x4013,0x419E,0x5C7F,0x655F,0x657F,0x449F,0x3C5F,0x4D7F,0x457F,0x455F,0x345F,0x1A1F,
  0x18B8,0x20B3,0x2090,0x38D3,0x3997,0x22FB,0x2B9F,0x2A1A,0x28D1,0x20AE,0x28CE,0x38F1,0x3912,0x30F1,0x28F0,0x28CF,
  0x28AE,0x48D0,0x58F1,0x38AE,0x308D,0x38AE,0x30AD,0x9830,0xF875,0x8158,0x0957,0x2113,0x1996,0x1239,0x0915,0x2856,
  0x701A,0xB93D,0xFBFF,0xEB1C,0x588E,0x0006,0x0827,0x0026,0x0026,0x0026,0x0866,0x0023,0x0003,0x0024,0x0024,0x0003,
  0x0002,0x40A7,0x71AD,0x5E3D,0x539D,0x18F9,0x2978,0x3179,0x3959,0x3937,0x3915,0x4916,0x50F6,0x7898,0xE83E,0xF97F,
  0xFA1F,0xF8BF,0xA81A,0x6034,0x6033,0x5833,0x4830,0x304F,0x3850,0x4031,0x5032,0x5833,0x7035,0x8838,0x9819,0xC01C,
  0xE81D,0xF85E,0xF87F,0xF85F,0xF87F,0xF89F,0xF8BF,0xF91F,0xF8DF,0xF07F,0xE03E,0xC01C,0xA03A,0x8838,0x7056,0xA09C,
  0x98BC,0x40B2,0x20CE,0x20CD,0x108A,0x1069,0x1069,0x1069,0x108A,0x18ED,0x1930,0x2131,0x1931,0x1931,0x1931,0x1931,
  0x1930,0x1930,0x1910,0x1910,0x190F,0x190F,0x190F,0x190F,0x10EE,0x10EE,0x10EE,0x10EE,0x10EE,0x10ED,0x10ED,0x10ED,
  0x10ED,0x10ED,0x10CD,0x18CD,0x18CD,0x18CD,0x18CD,0x18CD,0x18CD,0x18CD,0x18CD,0x18CD,0x18CC,0x18CC,0x18CC,0x18CC,
  0x18CC,0x18CC,0x18CC,0x18CC,0x18CC,0x18CC,0x18CC,0x18CD,0x10AC,0x41CF,0xD9CF,0xE1AE,0x8887,0x3003,0x1041,0x0149,
  0x1273,0x6191,0xB0F1,0xC06E,0x6007,0x28A5,0x4107,0x3886,0x0801,0x0000,0x3000,0x9147,0x38C4,0x0000,0x3003,0x2002,
  0x2802,0x5003,0x3001,0x2801,0x90EC,0x8828,0x6005,0x8009,0xB80C,0x9808,0x980B,0xA00C,0xD013,0xB850,0x8809,0xB00E,
  0x980B,0xD8B4,0xF97C,0xF8FE,0xE8D9,0xD937,0xD074,0xE8B8,0xF85A,0xA80D,0x4005,0xF118,0xFABB,0xF855,0xB80B,0x990C,
  0xB92E,0xC80C,0xC00B,0xB80A,0xD00C,0x8828,0xC82D,0xD84E,0xE02E,0xF82F,0xF86F,0xF88E,0xF86F,0xF82F,0xF82D,0xFCD6,
  0xFB54,0xF9D3,0xFD59,0xF30E,0x8806,0x5048,0x4048,0x3048,0x3048,0x2849,0x2048,0x2048,0x1848,0x1848,0x1848,0x1848,
  0x1848,0x1848,0x1849,0x1848,0x1848,0x1848,0x1848,0x1848,0x384B,0x6030,0x7832,0x9033,0x9013,0x6830,0x402D,0x382B,
  0x302A,0x2029,0x2029,0x2029,0x2829,0x282A,0x282A,0x202A,0x282A,0x402B,0x402C,0x384B,0x404C,0x584D,0x7850,0x9852,
  0x284A,0x284A,0x2028,0x2028,0x2049,0x284A,0x286B,0x284B,0x284C,0x384F,0x382D,0x382A,0x382A,0x480C,0x700F,0x9032,
  0xB815,0xF07C,0xFA3F,0xFBDF,0xFD3F,0xFDDF,0xFDFF,0xFDBF,0xFC3F,0xF99F,0xF01D,0xE81B,0xD019,0xB017,0x9815,0x8813,
  0x7812,0x7012,0x6812,0x5010,0x4013,0x417E,0x545F,0x5D3F,0x5D3F,0x33FF,0x235F,0x44DF,0x4D7F,0x4D7F,0x347F,0x121F,
  0x18B7,0x18B1,0x188F,0x186F,0x2090,0x18F3,0x1935,0x18D2,0x208E,0x186D,0x186D,0x208F,0x20AF,0x20AF,0x20CE,0x28AE,
  0x28AD,0x30CE,0x30AE,0x308D,0x388D,0x388E,0x408F,0xA851,0xF9F4,0xFAF6,0x79F6,0x0152,0x10CF,0x18F2,0x19B7,0x1A9C,
  0x1BDD,0x32DD,0x401B,0x707B,0xC11C,0x6850,0x0007,0x0047,0x0047,0x0047,0x0847,0x0847,0x0045,0x0003,0x0003,0x0024,
  0x0004,0x0026,0x0005,0x01ED,0x5F9F,0x6C7E,0x195C,0x297B,0x319A,0x3137,0x30F4,0x38D3,0x38D3,0x9099,0xF8DF,0xFA1F,
  0xFA9F,0xF93F,0xB81B,0x5834,0x5032,0x4831,0x4030,0x5833,0x8038,0x981B,0xB01C,0xC81D,0xD81E,0xE81F,0xF03F,0xF87F,
  0xF8BF,0xF8BF,0xF89F,0xE87F,0xE05E,0xD83D,0xC81D,0xB81C,0x981A,0x7818,0x6015,0x4833,0x3851,0x3050,0x3071,0x5876,
  0x6878,0x3090,0x20CD,0x20CD,0x188A,0x1089,0x188A,0x1089,0x1089,0x18CC,0x1930,0x2151,0x2151,0x2151,0x1931,0x1931,
  0x1930,0x1930,0x1930,0x1910,0x1910,0x190F,0x190F,0x190F,0x190E,0x190E,0x18EE,0x18EE,0x18EE,0x18EE,0x10ED,0x10ED,
  0x10ED,0x10ED,0x18CD,0x18CD,0x18ED,0x18CD,0x18ED,0x18ED,0x18CD,0x18CD,0x18CD,0x18CD,0x18CD,0x18CD,0x18CD,0x18CD,
  0x18CD,0x18CD,0x18CD,0x18CD,0x18CD,0x18CD,0x18CD,0x18CD,0x18ED,0x108C,0x316F,0xC24F,0xA806,0x6005,0x3804,0x1800,
  0x2127,0x09CA,0x0149,0x6AB5,0xC0D1,0x900A,0x4044,0x1000,0x1822,0x0800,0x50C5,0x60E6,0x4002,0x4863,0x1823,0x2803,
  0x2002,0x1801,0x4003,0x2802,0x0000,0x2803,0x3004,0x5005,0x6807,0xB06D,0x906C,0x908C,0xA02C,0xC00C,0x9008,0x900B,
  0xC80F,0xB009,0xC811,0xC054,0xF8BD,0xF8FB,0xC813,0xD053,0xE0B6,0xF878,0x5006,0x7029,0xE137,0xD0D2,0xF855,0xC8B1,
  0x8007,0xD00C,0xB80B,0xC80C,0xE00D,0x8007,0xD0B1,0xD82C,0xF00E,0xF02F,0xF8B0,0xF84E,0xF84E,0xF80D,0xFA71,0xF92E,
  0xF80E,0xFA53,0xFC76,0xFC93,0xA006,0x5849,0x4849,0x3849,0x3069,0x2869,0x2069,0x2068,0x2048,0x1848,0x1847,0x1827,
  0x1847,0x2049,0x284A,0x284A,0x2049,0x1849,0x2049,0x204A,0x384B,0x502E,0x482E,0x402C,0x302B,0x282A,0x2029,0x2029,
  0x2829,0x282A,0x282A,0x282A,0x302A,0x400C,0x580D,0x700E,0xA011,0xC834,0xC033,0x7850,0x686F,0x9032,0xA833,0xA053,
  0x284B,0x282A,0x2029,0x2028,0x2849,0x306C,0x386D,0x306D,0x386E,0x4050,0x402D,0x382A,0x382A,0x500C,0x7810,0x9812,
  0xC817,0xF9BF,0xFCFF,0xFD9F,0xFDBF,0xFDBF,0xFCFF,0xFAFF,0xF8DE,0xF01C,0xE01A,0xC819,0xB817,0xA015,0x8813,0x7812,
  0x7012,0x7011,0x6011,0x480F,0x4014,0x41BF,0x547F,0x5D5F,0x551F,0x237F,0x0A3F,0x2C3F,0x3D5F,0x3D9F,0x2CBF,0x0A3F,
  0x18B8,0x28B3,0x30B3,0x38F6,0x28F4,0x2891,0x4174,0x4995,0x4993,0x49B1,0x49B1,0x49B2,0x4172,0x3911,0x28CF,0x208D,
  0x184C,0x204D,0x284D,0x306E,0x408E,0x48AF,0x5090,0xB892,0xFA34,0xFB36,0xFA35,0x7977,0x125A,0x19D7,0x2197,0x219A,
  0x19FC,0x34BF,0x4E1F,0x235D,0x009B,0x405D,0x3093,0x0047,0x0047,0x0068,0x0068,0x0027,0x0047,0x0847,0x0045,0x0004,
  0x0025,0x0026,0x0889,0x0005,0x0333,0x3F7F,0x7D7F,0x2A7E,0x217C,0x3157,0x2914,0x38F3,0x40B4,0x985B,0xF91F,0xFA7F,
  0xFABF,0xF95F,0xB81B,0x6035,0x5833,0x4831,0x4831,0x8859,0xD83F,0xD81F,0xE01F,0xF01F,0xF01F,0xE01F,0xD83E,0xD83E,
  0xD03E,0xB01C,0x981A,0x8819,0x7819,0x7018,0x6817,0x5816,0x4814,0x4013,0x4032,0x3831,0x3850,0x3050,0x3851,0x5856,
  0x6858,0x3071,0x188C,0x18AC,0x108A,0x188A,0x188A,0x188A,0x108A,0x18CD,0x2131,0x2152,0x2152,0x2151,0x2131,0x1931,
  0x1931,0x1930,0x1930,0x1910,0x1910,0x190F,0x190F,0x190F,0x190F,0x190E,0x18EE,0x18EE,0x18EE,0x18EE,0x18EE,0x18ED,
  0x18ED,0x18ED,0x18ED,0x18ED,0x18ED,0x18ED,0x18ED,0x18ED,0x18ED,0x18ED,0x18ED,0x18CD,0x18CD,0x18CD,0x18CD,0x18CD,
  0x18CD,0x18CD,0x18CD,0x18CD,0x18CD,0x18CD,0x18CD,0x18ED,0x18CD,0x20ED,0x10AD,0x320F,0xD313,0xE84C,0x9808,0x6006,
  0x5004,0x2002,0x126E,0x02AE,0x1A0D,0x78CE,0xB06F,0x7849,0x6068,0x5025,0x58C7,0x1822,0x5106,0x71EA,0x0001,0x1043,
  0x1022,0x3845,0x4065,0x5867,0x1822,0x0001,0x0802,0x1802,0x2023,0x3066,0x40A9,0x492E,0x71F3,0xA9D6,0xD134,0x88AA,
  0x70AB,0x818F,0xB891,0x7808,0x3805,0x9995,0xDA5C,0xD8B8,0xA80D,0xB80F,0xC031,0x3002,0x8009,0xB8F0,0xF979,0xD873,
  0x908B,0xD0CF,0xB009,0xD00B,0xE00D,0x7007,0xD0CF,0xF02E,0xF00E,0xF04F,0xF0EF,0xF84E,0xF80C,0xF1F0,0xF351,0xF80A,
  0xF0EE,0xF92E,0xFCD7,0xFDB7,0xB806,0x602A,0x4849,0x3849,0x3048,0x2848,0x2048,0x2048,0x2048,0x2049,0x2049,0x2049,
  0x286A,0x386C,0x486E,0x406D,0x286A,0x2049,0x284A,0x284A,0x2049,0x282A,0x282A,0x282A,0x282A,0x302A,0x282A,0x284A,
  0x282A,0x282A,0x282A,0x582D,0xB032,0xD876,0xE8B7,0xF8F8,0xF9B9,0xFA1A,0xF878,0xB012,0x684F,0x604F,0x582E,0x404C,
  0x404E,0x384C,0x2829,0x2829,0x384A,0x406D,0x406F,0x406F,0x4070,0x4850,0x402D,0x382A,0x382A,0x480C,0x7810,0x9832,
  0xB815,0xF91E,0xFC7F,0xFD9F,0xFCFF,0xFB9F,0xF97F,0xF03D,0xE01A,0xD039,0xC818,0xB817,0xA016,0x9014,0x7812,0x7011,
  0x6811,0x6811,0x6010,0x480E,0x4013,0x419F,0x4C5F,0x551F,0x44DF,0x237F,0x09FF,0x333F,0x53DF,0x535E,0x5A3C,0x58B9,
  0x6034,0x6872,0x6070,0x5215,0x345C,0x11F2,0x1844,0x20A4,0x2908,0x398B,0x49ED,0x5A6F,0x72F2,0x7B33,0x8335,0x82F5,
  0x7AD4,0x7274,0x61B2,0x58F0,0x5090,0x486F,0x404E,0x802F,0xE8B3,0xF954,0xF0F5,0xE013,0x68F6,0x223B,0x21FA,0x21D8,
  0x19B9,0x097B,0x12DD,0x4E1F,0x6EBF,0x23FE,0x017E,0x00D6,0x008B,0x0048,0x006A,0x008B,0x0049,0x006A,0x18EA,0x0025,
  0x0025,0x0026,0x0047,0x0068,0x0006,0x053A,0x2E9F,0x96BF,0x4AFF,0x211A,0x3136,0x38F5,0x40D5,0x983B,0xF99F,0xFBDF,
  0xFC1F,0xFA7F,0xC81C,0x7016,0x6034,0x5032,0x5032,0x7837,0xB03D,0xA81C,0x981B,0x901B,0x8019,0x7018,0x6818,0x7019,
  0x8039,0x8039,0x7017,0x6817,0x7819,0x901A,0x7818,0x6016,0x5815,0x5015,0x4813,0x4032,0x3851,0x3050,0x3051,0x6057,
  0x785B,0x3892,0x188C,0x188B,0x108A,0x188B,0x18AB,0x188A,0x1889,0x18CD,0x2131,0x2952,0x2152,0x2152,0x2151,0x2131,
  0x1931,0x1931,0x1930,0x1930,0x1910,0x190F,0x190F,0x190F,0x190F,0x190F,0x190E,0x190E,0x18EE,0x18EE,0x18EE,0x18EE,
  0x18EE,0x18EE,0x18EE,0x18EE,0x18EE,0x18ED,0x18ED,0x18ED,0x18ED,0x18ED,0x18ED,0x18ED,0x18ED,0x18ED,0x18CD,0x18CD,
  0x18CD,0x18CD,0x18CD,0x18CD,0x18CD,0x18ED,0x18CD,0x18CD,0x18ED,0x18ED,0x20ED,0x188C,0x218E,0xCAD4,0xF86D,0x8007,
  0xC00B,0x6027,0x2024,0x1003,0x08C5,0x09EB,0x20C8,0x78AE,0xA86D,0x4826,0x2003,0x3003,0x3845,0x0021,0x0822,0x1844,
  0x0822,0x1043,0x690B,0x6869,0x6006,0x0800,0x0800,0x0800,0x0000,0x0000,0x0000,0x0000,0x0021,0x00C7,0x212A,0x498D,
  0x38EB,0x3290,0x661C,0x8CDA,0x43B1,0x32EC,0x7455,0xA65D,0xBD1C,0xAA12,0x982C,0x5805,0x1800,0x7007,0xD8D3,0xE892,
  0x9009,0xC1F4,0xD0AF,0xC80A,0xE00D,0x7006,0xD8F0,0xF04F,0xF00D,0xF130,0xF291,0xF80D,0xF84E,0xF372,0xF0CC,0xF80C,
  0xF10E,0xF06C,0xFCD7,0xFEDA,0xD007,0x700A,0x4848,0x3848,0x3048,0x2848,0x2869,0x2869,0x306A,0x386C,0x386C,0x306B,
  0x306B,0x386C,0x404C,0x384C,0x304B,0x284A,0x304B,0x284A,0x2829,0x284A,0x304B,0x302B,0x302B,0x382C,0x480D,0x680E,
  0x9011,0x700F,0x402D,0xA012,0xF8F9,0xFA3B,0xF9DB,0xF97A,0xF959,0xF0F8,0xC034,0x602E,0x384B,0x282A,0x1848,0x1027,
  0x6052,0x5050,0x382B,0x384A,0x486B,0x508E,0x5870,0x5090,0x5091,0x5051,0x482F,0x382B,0x382A,0x480B,0x7010,0x9012,
  0xA033,0xD819,0xF9FF,0xFB5F,0xF9BF,0xF05C,0xE01A,0xD819,0xC038,0xB817,0xB017,0xA016,0x9014,0x8012,0x7011,0x6810,
  0x6010,0x6010,0x580F,0x400D,0x3811,0x291F,0x3B9F,0x545F,0x5B9F,0x621C,0x58D7,0x5892,0x404C,0x2008,0x1806,0x1005,
  0x0825,0x0026,0x0004,0x010A,0x1312,0x1C9A,0x2A93,0x1824,0x0000,0x0004,0x0005,0x0005,0x0005,0x0005,0x0846,0x20C8,
  0x3129,0x49CC,0x628F,0x69AE,0x818E,0x8A51,0x71D0,0x80D0,0xE012,0xF874,0xF094,0xB833,0x7832,0x6134,0x21B6,0x19D7,
  0x19F9,0x19FA,0x11DC,0x01DC,0x245E,0x7F5F,0x869F,0x233E,0x00F9,0x0155,0x00AE,0x004A,0x006A,0x006A,0x0049,0x0027,
  0x0048,0x0026,0x0026,0x0088,0x0027,0x016C,0x05BF,0x151F,0x9F3F,0x5B1D,0x20B9,0x4137,0x48D7,0x985C,0xF9DF,0xFC5F,
  0xFC9F,0xFADF,0xD03D,0x7818,0x6034,0x5032,0x4832,0x4853,0x5054,0x4834,0x4834,0x4815,0x5015,0x5816,0x6017,0x801A,
  0xC81D,0xF01F,0xD81D,0x981B,0xC03D,0xF8BF,0xD03D,0x7818,0x6817,0x6016,0x5815,0x4834,0x4033,0x3852,0x3852,0x7059,
  0x887C,0x4093,0x18CE,0x18AC,0x108A,0x18AB,0x18AC,0x188A,0x1869,0x28CD,0x3132,0x2953,0x2153,0x2152,0x2152,0x2151,
  0x1931,0x1931,0x1931,0x1930,0x1930,0x1910,0x190F,0x190F,0x190F,0x190F,0x190F,0x190E,0x190E,0x190E,0x190E,0x18EE,
  0x18EE,0x18EE,0x18EE,0x18EE,0x18EE,0x18EE,0x18EE,0x18EE,0x18EE,0x18EE,0x18EE,0x18ED,0x18ED,0x18ED,0x18CD,0x18CD,
  0x18CD,0x18CD,0x18CD,0x18CD,0x18CD,0x18ED,0x18CD,0x18ED,0x18ED,0x18ED,0x18ED,0x20ED,0x188D,0x214E,0x812C,0xE82E,
  0xF810,0xE80D,0x9048,0x6088,0x2023,0x0042,0x0022,0x00C7,0x48EB,0x8028,0x6807,0x6808,0x3004,0x2823,0x4087,0x0843,
  0x1022,0x0000,0x0844,0x18E9,0x20C8,0x18A5,0x0883,0x1124,0x29E6,0x4A89,0x8B0E,0x88AC,0x980E,0xA811,0x9011,0x6074,
  0x4956,0x51F6,0x445A,0x6F7F,0x9F7F,0x671F,0x3D9C,0x4E3D,0x5E5C,0x765F,0x7C9A,0x514B,0x1800,0x0800,0x5806,0xD893,
  0xD853,0x6047,0xE957,0xD86E,0xC00A,0x5825,0xB009,0xF80E,0xF86F,0xE9EF,0xF0EE,0xF82E,0xF06D,0xE8AA,0xF80D,0xF80C,
  0xF0CD,0xF8CD,0xFCF6,0xFF5B,0xE0EA,0x8009,0x5049,0x4049,0x386A,0x386A,0x306A,0x308A,0x388B,0x386B,0x306A,0x2849,
  0x2048,0x2048,0x2049,0x304A,0x384B,0x304B,0x304B,0x304B,0x282A,0x384C,0x502D,0x680E,0x8810,0xB014,0xD857,0xF0D9,
  0xF97B,0xF098,0x9011,0x8031,0xD855,0xE8B7,0xD035,0xA812,0x8811,0x680F,0x402D,0x302B,0x282A,0x2029,0x1828,0x1027,
  0x6833,0x6032,0x404D,0x484B,0x606D,0x9051,0xA834,0x9013,0x6854,0x6074,0x5832,0x480E,0x382A,0x400B,0x680F,0x8011,
  0x8832,0xA033,0xD819,0xE83B,0xD018,0xC017,0xB836,0xB036,0xA816,0xA816,0xA015,0x9014,0x8813,0x7011,0x6810,0x6010,
  0x6010,0x5810,0x500F,0x400E,0x5033,0x58BC,0x5178,0x48D0,0x382B,0x2008,0x0826,0x0026,0x0027,0x0047,0x0046,0x0847,
  0x1048,0x1028,0x1048,0x0807,0x0004,0x0005,0x214C,0x492F,0x1003,0x0824,0x0846,0x0066,0x0866,0x0046,0x0046,0x0025,
  0x0004,0x0003,0x0004,0x0024,0x0044,0x18A6,0x4189,0x722D,0xC233,0xD913,0xF115,0xF8B5,0x6050,0x488F,0x490F,0x1150,
  0x1110,0x1196,0x1A1A,0x11FA,0x01DB,0x031E,0x55DF,0xAFDF,0x4C7C,0x01FE,0x029E,0x0176,0x00CE,0x006B,0x00AD,0x008C,
  0x006A,0x00CD,0x0889,0x0047,0x0089,0x0007,0x0355,0x055F,0x0CDE,0xAF9F,0x731C,0x3899,0x48D8,0x985C,0xF97F,0xFBDF,
  0xFC3F,0xFABF,0xD03D,0x7018,0x5834,0x4832,0x4051,0x4052,0x4052,0x4033,0x4834,0x5836,0x6838,0x6818,0x881A,0xE09F,
  0xF9DF,0xFA7F,0xF9FF,0xE87F,0xF0FF,0xFB5F,0xFA9F,0xD83E,0x881A,0x6817,0x6016,0x5815,0x4834,0x4033,0x4053,0x785A,
  0x905C,0x40B3,0x2131,0x20EF,0x106A,0x188B,0x18AB,0x108A,0x30AB,0x9111,0x9176,0x3154,0x2173,0x2153,0x2152,0x2151,
  0x1931,0x1931,0x1931,0x1930,0x1930,0x1910,0x1910,0x190F,0x190F,0x190F,0x190F,0x190F,0x190F,0x190F,0x190E,0x18EE,
  0x18EE,0x18EE,0x18EE,0x18EE,0x18EE,0x18EE,0x18EE,0x18EE,0x18EE,0x18EE,0x18EE,0x18EE,0x18EE,0x18EE,0x18EE,0x18EE,
  0x18EE,0x18CE,0x18EE,0x18ED,0x18ED,0x18ED,0x18ED,0x18ED,0x18ED,0x18ED,0x20ED,0x20ED,0x20EE,0x20CD,0x10CC,0xB314,
  0xF8F1,0xF00E,0xC82B,0x5024,0xB80A,0x6005,0x1002,0x0002,0x198C,0x498E,0x884B,0xA80C,0x1001,0x3064,0x50C8,0x1001,
  0x1022,0x0000,0x0821,0x0864,0x0023,0x08E6,0x2AAB,0x4A6C,0x9A92,0xD9F5,0xF0D8,0xF87B,0xF8DE,0xF1DD,0xE31F,0xCC7F,
  0xD5DF,0xBC5F,0x6955,0x4B13,0x971F,0xA77F,0x8F9F,0x4F7F,0x2D7B,0x4BD8,0x4C7E,0x4C9F,0x4A93,0x0842,0x1063,0x4846,
  0xD030,0x5005,0xB913,0xF0F4,0x6803,0x7005,0xA80A,0xF80F,0xB0A9,0xD88A,0xF80E,0xF88F,0xE1AD,0xE82A,0xF80E,0xF08C,
  0xF14F,0xF82C,0xFCB6,0xFF9B,0xF22E,0x9809,0x686B,0x506B,0x406B,0x406A,0x3069,0x2869,0x2848,0x2048,0x2048,0x2048,
  0x2048,0x2048,0x2048,0x2849,0x304A,0x304A,0x304B,0x304B,0x502D,0xA813,0xD837,0xF098,0xF8FA,0xF99C,0xF9FC,0xFA1C,
  0xF9FC,0xF8B9,0x9012,0x482D,0x582E,0x600E,0x482C,0x304C,0x402D,0x502E,0x482D,0x302B,0x282A,0x2029,0x1829,0x1028,
  0x5030,0x5830,0x484D,0x584C,0x986F,0xFA14,0xFBF9,0xFAFA,0xD0D9,0x8058,0x6856,0x5810,0x402B,0x482B,0x600F,0x7010,
  0x7810,0x8031,0x9032,0xA014,0xA034,0xA034,0xA034,0x9814,0x9814,0x9815,0x9014,0x8013,0x7812,0x7011,0x6810,0x6010,
  0x6812,0x7833,0x7853,0x682F,0x502A,0x2024,0x0803,0x0005,0x0025,0x0026,0x0847,0x0827,0x0826,0x0826,0x0826,0x0825,
  0x0826,0x0826,0x1889,0x1069,0x0848,0x0827,0x0004,0x0004,0x0024,0x0802,0x0803,0x0025,0x0044,0x0045,0x0045,0x0045,
  0x0045,0x0845,0x0845,0x0846,0x0846,0x0025,0x0006,0x0005,0x0887,0x1046,0x3025,0x988D,0xA8B0,0x4890,0x30F2,0x29F8,
  0x19B4,0x110E,0x1153,0x19B7,0x11F9,0x09FA,0x025C,0x149F,0x773F,0x4D9F,0x75FF,0x1C1F,0x02DD,0x01B5,0x00CF,0x00AE,
  0x00CF,0x006C,0x2993,0x212E,0x0048,0x0069,0x0049,0x04FC,0x03FE,0x1D9E,0xB7DF,0x8B5D,0x483A,0x983C,0xF9BF,0xFBDF,
  0xFC1F,0xFA7F,0xC81D,0x6837,0x5834,0x4852,0x4051,0x4052,0x4853,0x4834,0x5816,0x6018,0x781B,0x881C,0xB01E,0xF91F,
  0xFB9F,0xFC1F,0xFBFF,0xFB3F,0xFA9F,0xFBFF,0xFBFF,0xFA3F,0xD03E,0x981B,0x8819,0x6016,0x5015,0x4034,0x4034,0x803C,
  0x985D,0x4893,0x20EF,0x20CD,0x106A,0x108A,0x188A,0x108A,0x38AB,0xC914,0xC198,0x3974,0x2173,0x2173,0x2152,0x2152,
  0x1931,0x1931,0x1931,0x1930,0x1930,0x1930,0x1930,0x1910,0x190F,0x190F,0x190F,0x190F,0x190F,0x190F,0x190F,0x190F,
  0x18EF,0x18EE,0x18EE,0x18EE,0x18EE,0x18EE,0x18EE,0x18EE,0x18EE,0x18EE,0x18EE,0x18EE,0x18EE,0x18EE,0x18EE,0x18EE,
  0x18EE,0x18EE,0x18EE,0x18EE,0x18EE,0x18EE,0x18EE,0x18EE,0x18EE,0x18EE,0x20EE,0x20EE,0x20EE,0x20EE,0x20CE,0x216F,
  0xABB6,0xF931,0xD80B,0x8806,0xF02E,0xF04F,0xC82A,0x6805,0x0002,0x014B,0x0149,0x2021,0x6845,0x6003,0x3001,0x2022,
  0x2883,0x0000,0x0800,0x0801,0x2163,0x5A48,0x98CE,0xD815,0xF838,0xF8BA,0xE17A,0xC958,0xA196,0x9BB5,0xAB13,0x8BDD,
  0x749F,0x7C7E,0x8CFE,0x4B37,0x12B5,0x3CFD,0x5DDE,0x665E,0x3E5F,0x761E,0x6CBC,0x4BDC,0x43FF,0x433A,0x29D0,0x41EE,
  0x68C9,0x6005,0x5005,0xD892,0x9008,0x1801,0x9809,0xE80D,0x9805,0xF82D,0xF130,0xF0AE,0xF0AD,0xF82D,0xF80D,0xF0EE,
  0xF06D,0xF80C,0xFD37,0xFFFE,0xFC74,0xA808,0x606B,0x484A,0x3849,0x3048,0x2847,0x2047,0x2048,0x2048,0x2048,0x2849,
  0x2049,0x2048,0x2048,0x2869,0x306A,0x486D,0x7050,0x6850,0xB033,0xF8BA,0xFA3C,0xFA3C,0xF99B,0xF91A,0xE898,0xD056,
  0xB034,0x8831,0x504E,0x482D,0x482D,0x402C,0x502E,0x8813,0xB017,0xD81A,0xC819,0x6030,0x282B,0x282B,0x2029,0x1028,
  0x304C,0x404E,0x504D,0x684D,0xC0F0,0xFD38,0xFFFE,0xFFBF,0xFC3E,0xB89C,0x7838,0x6032,0x402C,0x400B,0x580E,0x680F,
  0x680F,0x6810,0x7831,0x8031,0x8832,0x8812,0x8012,0x8813,0x8814,0x9815,0x8813,0x7011,0x7011,0x7011,0x7011,0x7852,
  0x7890,0x508B,0x2024,0x0000,0x0000,0x0804,0x1028,0x0827,0x0826,0x0826,0x0827,0x0828,0x0827,0x0826,0x0805,0x0805,
  0x0804,0x0803,0x0804,0x0826,0x0827,0x0826,0x0845,0x0845,0x0846,0x0024,0x0002,0x0802,0x0024,0x0045,0x0045,0x0046,
  0x0024,0x0003,0x0024,0x0024,0x0045,0x0846,0x0846,0x0867,0x0847,0x0046,0x0024,0x0002,0x3065,0x3046,0x206B,0x38D1,
  0x29FA,0x1A19,0x19B6,0x1174,0x1174,0x11B7,0x121A,0x025C,0x033E,0x14DF,0x3D1E,0xAF9F,0x5D9F,0x03FF,0x02DC,0x0173,
  0x00D1,0x0112,0x004C,0x18F2,0x2911,0x088B,0x0007,0x01AF,0x051F,0x031E,0x4EFF,0x8E3F,0x92DC,0x901C,0xF91F,0xFA3F,
  0xF9FF,0xF8BF,0xA01B,0x5856,0x5054,0x4051,0x3850,0x4052,0x4834,0x5836,0x6818,0x981C,0xD03F,0xF0FF,0xF0FF,0xF9FF,
  0xFBFF,0xFAFF,0xFA7F,0xFB5F,0xFBFF,0xFAFF,0xFA7F,0xFB9F,0xF9BF,0xF85F,0xE83E,0x8019,0x5835,0x4834,0x4034,0x783A,
  0x883C,0x3871,0x18AB,0x188B,0x108A,0x108A,0x108A,0x108A,0x188A,0x50CE,0x5133,0x2973,0x2174,0x2173,0x2153,0x2152,
  0x1952,0x1931,0x1931,0x1931,0x1930,0x1930,0x1930,0x1910,0x1910,0x1910,0x190F,0x190F,0x190F,0x190F,0x190F,0x190F,
  0x190F,0x18EF,0x18EF,0x18EF,0x190F,0x190F,0x190F,0x190F,0x18EE,0x18EE,0x18EE,0x18EE,0x18EE,0x18EE,0x18EE,0x18EE,
  0x18EE,0x18EE,0x18EE,0x18EE,0x18EE,0x18EE,0x18EE,0x18EE,0x20EE,0x20EE,0x20EE,0x20EE,0x20EE,0x20EE,0x20EE,0x20CD,
  0x312E,0xBB96,0xF90F,0xF831,0xE86F,0xD80C,0xF00D,0xF80D,0x7805,0x0000,0x1022,0x0021,0x1821,0x6025,0x9847,0x9827,
  0x3802,0x20C3,0x4248,0x6B6C,0xB3B1,0xF1B6,0xF89A,0xE998,0xC256,0xDB1B,0x9319,0x735A,0x535A,0x431A,0x3278,0x12DC,
  0x0B5E,0x13BF,0x13BE,0x0B5B,0x088B,0x1AB5,0x137E,0x347D,0x349D,0x243D,0x447E,0x42D7,0x5B36,0x3B3C,0x3B1C,0x3257,
  0x52B6,0x4887,0x1800,0x880B,0x902A,0x1800,0x9808,0xD00B,0xB808,0xF933,0xB14B,0xF02C,0xF82E,0xE910,0xF08E,0xF06C,
  0xF0AC,0xF88B,0xFDB8,0xFD56,0xFD15,0xA007,0x5049,0x4048,0x3048,0x2847,0x2847,0x2848,0x2848,0x2868,0x2849,0x286A,
  0x306A,0x306A,0x406B,0x508D,0x586E,0x9873,0xD037,0xB054,0xB034,0xF058,0xF0FB,0xE879,0xC015,0x9812,0x680F,0x482D,
  0x484D,0x584F,0x7031,0x8012,0xA014,0xA815,0xC819,0xF83E,0xF8FF,0xF9DF,0xF8DF,0x9816,0x302D,0x282C,0x202A,0x1828,
  0x284B,0x384C,0x504D,0x784E,0xC111,0xFDDA,0xFFFF,0xFFFF,0xFE1F,0xC11D,0x803A,0x6833,0x402C,0x400B,0x580E,0x600F,
  0x580E,0x602F,0x682F,0x7010,0x7831,0x7811,0x8012,0x8833,0x9034,0xA016,0x9015,0x7812,0x7812,0x8013,0x8854,0x7050,
  0x480C,0x480C,0x6830,0x6810,0x4009,0x402E,0x386E,0x0824,0x0002,0x0002,0x0024,0x0826,0x1026,0x1007,0x1807,0x2007,
  0x2007,0x1806,0x1805,0x1805,0x1026,0x0826,0x0846,0x0025,0x0004,0x0024,0x0024,0x0002,0x0001,0x0044,0x0045,0x0025,
  0x0024,0x0023,0x0002,0x0023,0x0023,0x0022,0x0024,0x0847,0x0867,0x0866,0x0846,0x0846,0x0024,0x0022,0x0001,0x0803,
  0x384C,0x595A,0x2219,0x19FA,0x19B7,0x1974,0x0996,0x0A1A,0x0A5C,0x02BD,0x029D,0x255E,0xDFFF,0xB6FF,0x251F,0x039F,
  0x0259,0x0196,0x0132,0x006D,0x08B0,0x28F2,0x108C,0x0005,0x03F7,0x03FF,0x13FE,0x3D1F,0x6BFE,0xBB3D,0xB01C,0xC03D,
  0xB01C,0x981A,0x6036,0x5055,0x4853,0x4051,0x3871,0x4053,0x5836,0x6038,0x903C,0xE81F,0xF99F,0xFBDF,0xFBBF,0xFB5F,
  0xFC5F,0xFBDF,0xF95F,0xF0DF,0xFA9F,0xF9BF,0xF07F,0xFA9F,0xFB3F,0xFADF,0xF99F,0xA81C,0x6037,0x5015,0x4834,0x783A,
  0x801B,0x3871,0x18AC,0x188B,0x188B,0x18AC,0x18AC,0x188A,0x1089,0x108A,0x18EE,0x2152,0x2174,0x2173,0x2173,0x2152,
  0x2152,0x2152,0x2151,0x1931,0x1931,0x1930,0x1930,0x1930,0x1910,0x1910,0x1910,0x190F,0x190F,0x190F,0x190F,0x190F,
  0x210F,0x210F,0x210F,0x190F,0x190F,0x190F,0x190F,0x190F,0x190F,0x190E,0x18EE,0x18EE,0x18EE,0x18EE,0x18EE,0x18EE,
  0x18EE,0x18EE,0x18EE,0x18EE,0x18EE,0x18EE,0x20EE,0x18EE,0x20EE,0x20EE,0x20EE,0x20EE,0x20EE,0x20EE,0x20EE,0x290E,
  0x38CE,0x50EF,0xC314,0xF3B7,0xF418,0xF3D6,0xEB54,0xF253,0xF9F1,0xA0A8,0x7024,0x5002,0x4001,0x5021,0x6001,0x8024,
  0x926A,0x5AEB,0x630C,0xBAF3,0xF997,0xD956,0x8934,0x72D6,0x739A,0x529B,0x39FB,0x31B7,0x2995,0x2A78,0x1A38,0x1214,
  0x0991,0x19B4,0x110F,0x10EA,0x21CA,0x1129,0x01B6,0x0178,0x09D5,0x22FB,0x1ADB,0x1ABB,0x437C,0x1113,0x190F,0x1951,
  0x2237,0x3235,0x10A6,0x3803,0x3824,0x3822,0x6004,0xA828,0xB829,0xC86C,0xD00A,0xF82F,0xD04B,0xE06D,0xF02C,0xF84D,
  0xF1D0,0xFA90,0xFBD3,0xFAF0,0xEB0F,0x8807,0x5069,0x4048,0x3048,0x3048,0x2848,0x2848,0x2869,0x3069,0x386B,0x588D,
  0x708F,0x708F,0x7890,0x7870,0x6870,0x9874,0xD039,0x9835,0x502E,0x600E,0x7010,0x6010,0x502F,0x502E,0x502E,0x8011,
  0xB016,0xD01A,0xF05D,0xF05D,0xF89E,0xF89F,0xF87F,0xF99F,0xFA7F,0xFABF,0xF91F,0xA016,0x302E,0x302C,0x202B,0x1829,
  0x384E,0x384D,0x504D,0x704E,0xC111,0xFDDB,0xFFFF,0xFFFF,0xFDFF,0xC91D,0x885B,0x6834,0x402D,0x380B,0x480C,0x500D,
  0x500D,0x580E,0x600F,0x6810,0x7010,0x7831,0x8032,0x9034,0xA016,0xB019,0xA017,0x8834,0x8814,0x8815,0x8815,0x9036,
  0xA0B8,0x98F7,0x6892,0x302B,0x0846,0x0046,0x0847,0x0847,0x0826,0x0825,0x0003,0x0002,0x0802,0x1004,0x1004,0x2006,
  0x2006,0x2806,0x2005,0x1805,0x1005,0x0803,0x0002,0x1065,0x30E8,0x18A6,0x0024,0x0846,0x0003,0x1083,0x8C14,0x296C,
  0x08CA,0x0886,0x0866,0x0002,0x0001,0x0022,0x0022,0x0003,0x0026,0x0046,0x0866,0x0046,0x0846,0x0025,0x0024,0x0001,
  0x0000,0x5870,0x6A7F,0x5B9C,0x329A,0x3279,0x21F7,0x1196,0x121A,0x0A5C,0x02DD,0x027C,0x1E5F,0xDFFF,0xEFDF,0x765F,
  0x0CBF,0x039E,0x0279,0x0133,0x00AF,0x006E,0x18B1,0x10AD,0x00EB,0x05BF,0x02FF,0x1C9F,0x123E,0x9BFD,0xAB3A,0x7019,
  0x983C,0x903B,0x5835,0x4853,0x4053,0x4051,0x3871,0x4854,0x6038,0x681A,0xA81E,0xF03F,0xFA9F,0xFC3F,0xFB3F,0xF97F,
  0xF9BF,0xFA7F,0xF9BF,0xC81F,0xD05F,0xD85F,0xB01E,0xF07F,0xFA1F,0xFBFF,0xFB5F,0xD83E,0x7819,0x5816,0x5015,0x801B,
  0x981D,0x4895,0x2932,0x28EF,0x188C,0x18CD,0x20CD,0x18AC,0x188A,0x188A,0x18CE,0x2153,0x2174,0x2174,0x2173,0x2153,
  0x2152,0x2152,0x2152,0x2131,0x1931,0x1930,0x1930,0x1930,0x1910,0x1910,0x1910,0x1910,0x2110,0x2110,0x210F,0x210F,
  0x210F,0x210F,0x210F,0x210F,0x190F,0x210F,0x190F,0x190F,0x190F,0x190F,0x190E,0x190F,0x190F,0x20EF,0x20EE,0x20EE,
  0x20EE,0x20EE,0x20EE,0x20EE,0x20EE,0x20EE,0x210E,0x20EE,0x20EE,0x20EE,0x20EE,0x20EE,0x20EE,0x20EE,0x20EE,0x28CD,
  0x30AC,0x308C,0x388B,0x590E,0x6950,0x69D2,0x69F3,0x59F2,0x6253,0x5971,0x588D,0x68AC,0x606B,0x602B,0xCA0C,0xEBAE,
  0x7A0A,0x626A,0xDAD4,0xE135,0x7933,0x1910,0x1910,0x38D1,0x206A,0x0026,0x0847,0x0004,0x090D,0x09F2,0x11AF,0x4150,
  0x7072,0xB818,0x9076,0x18AD,0x2A13,0x3296,0x10EB,0x10CF,0x10CF,0x1112,0x19D7,0x21B1,0x1A18,0x225B,0x11D3,0x196D,
  0x110A,0x116F,0x21F3,0x0886,0x0000,0x3001,0x3001,0x6803,0xA007,0x8827,0xC80A,0xC02A,0xB049,0xF80B,0xF06C,0xF1D0,
  0xF8CA,0xF96C,0xF9EF,0xFC96,0xD14A,0x6808,0x4869,0x4048,0x3848,0x3869,0x406A,0x486C,0x508D,0x588D,0x588E,0x78B0,
  0x9091,0x8070,0x686F,0x586E,0x406D,0x7094,0xC09B,0x9878,0x482F,0x302B,0x482D,0x6830,0x9814,0xC018,0xC819,0xF05D,
  0xF91F,0xF99F,0xFA7F,0xFA9F,0xFA9F,0xF9DF,0xF8BF,0xF9DF,0xFA5F,0xFA7F,0xF91F,0xA817,0x382E,0x302D,0x202B,0x1829,
  0x404F,0x404E,0x484C,0x606C,0xB0AF,0xFC58,0xFF9F,0xFFDF,0xFCBE,0xB8BC,0x7859,0x6833,0x402C,0x300A,0x480C,0x500D,
  0x500D,0x580E,0x6810,0x7011,0x9814,0xC018,0xB818,0xC81A,0xE01D,0xF05E,0xE03C,0xC81A,0xD01A,0xD87C,0xC93B,0x9135,
  0x48CD,0x1048,0x0047,0x0848,0x0848,0x1048,0x1069,0x1069,0x106A,0x106A,0x28CB,0x498F,0x312A,0x1003,0x2807,0x600B,
  0x800D,0x900F,0x880F,0x600C,0x2007,0x0804,0x0003,0x20A7,0x69AE,0x516D,0x0005,0x1867,0x1066,0x1886,0x416D,0x62D2,
  0x00AB,0x08EC,0x08CB,0x41EE,0x18E7,0x0887,0x08C9,0x0066,0x0024,0x0004,0x0004,0x0026,0x0046,0x0045,0x0025,0x0023,
  0x0000,0x0000,0x384D,0x4A5C,0x53BF,0x433C,0x42D9,0x1196,0x0997,0x11D9,0x0A5C,0x027D,0x0B3B,0x2EDF,0xC7BF,0xEFFF,
  0xCF9F,0x4DBF,0x047F,0x031C,0x0154,0x00B0,0x006D,0x08CE,0x000A,0x13F6,0x0D7F,0x02DE,0x0A9D,0x289C,0xCCDD,0xDA9C,
  0xE81F,0xD83F,0x7038,0x4053,0x4052,0x3851,0x3851,0x5054,0x6839,0x901C,0xE93F,0xFB3F,0xFB9F,0xFB7F,0xFB7F,0xF99F,
  0xD01E,0xC03E,0xD07F,0xA01E,0x801E,0x801E,0x781D,0xA81D,0xF09F,0xFB3F,0xFC5F,0xF8FF,0x981C,0x6037,0x5016,0x881C,
  0xA81F,0x58B8,0x3975,0x2911,0x188B,0x18AB,0x18AC,0x18AB,0x18AB,0x188B,0x18EF,0x2173,0x2974,0x2174,0x2173,0x2153,
  0x2153,0x2152,0x2152,0x2152,0x1931,0x1931,0x1930,0x1930,0x1910,0x1910,0x1910,0x1910,0x2110,0x2110,0x2110,0x2110,
  0x210F,0x2110,0x2110,0x210F,0x210F,0x210F,0x210F,0x190F,0x210F,0x210F,0x190F,0x190F,0x190F,0x210F,0x210F,0x210F,
  0x210E,0x210E,0x190E,0x20EE,0x210E,0x210E,0x210E,0x210E,0x210E,0x210E,0x210E,0x20EE,0x20ED,0x20CC,0x408C,0x508C,
  0x308B,0x28AC,0x28CD,0x30CF,0x30CF,0x38D0,0x48D1,0x38AF,0x308E,0x28AE,0x20AD,0x188D,0x20EF,0x6AD5,0x9B37,0x9293,
  0xC4F4,0xFBB1,0xE250,0xB292,0xA275,0x78B1,0x8071,0x582B,0x2064,0x2129,0x216D,0x196D,0x216C,0x30CA,0x80CF,0xD138,
  0xE19C,0xD21E,0xCABF,0xB2FB,0xB9F9,0xC25B,0xCB7E,0xD31C,0xDABE,0xD25D,0xB31A,0x7AF6,0x72D6,0x8B1A,0xA31C,0x8338,
  0x5B94,0x5B32,0x5B54,0x5B33,0x4A29,0x59C7,0x4946,0x68C6,0x5864,0x8005,0xA806,0x7004,0xD009,0xC809,0xB848,0xF828,
  0xF005,0xF8CD,0xFA71,0xFCD6,0xB808,0x6049,0x5069,0x506A,0x508B,0x588C,0x68AE,0x78AF,0x78B0,0x60AE,0x508D,0x508D,
  0x506D,0x406C,0x306B,0x284A,0x286B,0x6092,0xA09A,0x9078,0x5852,0x9014,0xD81A,0xE01C,0xF8BE,0xF91F,0xF8DF,0xFA1F,
  0xFB9F,0xFB9F,0xFB9F,0xFB1F,0xFA9F,0xF93F,0xF01E,0xF99F,0xFA7F,0xFA9F,0xF93F,0xA818,0x382E,0x302D,0x202B,0x1829,
  0x404F,0x484F,0x404C,0x506B,0x786D,0xD112,0xF2B7,0xFB5A,0xE1BB,0x8079,0x6856,0x5010,0x302B,0x382A,0x502E,0x6010,
  0x5810,0x6010,0x7012,0x9015,0xE87D,0xF99F,0xF99F,0xF95F,0xF9FF,0xFA3F,0xF93F,0xF8BF,0xF97F,0x9996,0x30CB,0x0828,
  0x0828,0x1049,0x104A,0x1069,0x1068,0x1068,0x1048,0x0847,0x0847,0x0825,0x310B,0x28AB,0x2089,0x1806,0x580C,0xD8F7,
  0xF19A,0xF1FB,0xFA7D,0xB094,0x588D,0x7911,0x40CC,0x0006,0x0808,0x0829,0x0068,0x0846,0x0866,0x0002,0x28E8,0x498C,
  0x0002,0x0022,0x10A9,0x212F,0x4211,0x4211,0x2108,0x10A7,0x0004,0x0004,0x2129,0x1088,0x0025,0x0024,0x0025,0x0024,
  0x0002,0x0000,0x0000,0x20AF,0x1976,0x2A9D,0x433F,0x433C,0x2A99,0x11B8,0x0198,0x025B,0x0A3D,0x1C7D,0x369F,0x9FDF,
  0xA7FF,0xDFFF,0x86DF,0x053F,0x03BD,0x0195,0x00B1,0x00AF,0x006D,0x00CE,0x163E,0x041E,0x023D,0x10D9,0x58BC,0xE4FD,
  0xF97F,0xE01F,0x8039,0x4854,0x4073,0x3851,0x3851,0x5055,0x681A,0xB81D,0xFA3F,0xFCFF,0xFBFF,0xF9FF,0xF9FF,0xF99F,
  0xE03F,0x901E,0x801E,0x901D,0xA81D,0xB81E,0xB01E,0x881E,0xC03F,0xF9FF,0xFC5F,0xF99F,0xA81C,0x6038,0x5016,0x883C,
  0xA01E,0x5876,0x28F1,0x20AE,0x188A,0x188A,0x188A,0x188A,0x188A,0x188B,0x18EF,0x2974,0x2995,0x2174,0x2174,0x2173,
  0x2153,0x2152,0x2152,0x2152,0x1951,0x1931,0x1931,0x1931,0x1930,0x1910,0x1910,0x1910,0x2110,0x2110,0x2110,0x2110,
  0x210F,0x2110,0x2910,0x2110,0x2110,0x2110,0x210F,0x210F,0x210F,0x210F,0x210F,0x210F,0x210F,0x210F,0x210F,0x210F,
  0x210F,0x210F,0x210F,0x210F,0x20EE,0x210F,0x210F,0x210F,0x210E,0x28EE,0x30CE,0x28AC,0x208A,0x2089,0x586B,0x788E,
  0x40CF,0x28F0,0x3131,0x3131,0x3110,0x40F1,0x40F0,0x38CE,0x288B,0x288C,0x288C,0x494F,0x6A72,0x5130,0x7A92,0xE634,
  0xFBA9,0xF24C,0xAB0F,0x920F,0x89AF,0x79EF,0x520F,0x324C,0x42D0,0x3A70,0x41EF,0xA297,0xCADA,0xF49E,0xFD5F,0xFD3F,
  0xFCFF,0xFD1F,0xFD1F,0xFD3F,0xFB3F,0xFB3F,0xFC5F,0xFCFF,0xFBFF,0xF87F,0xE85F,0xC03C,0x5813,0x180D,0x901D,0xB03F,
  0x28D5,0x1134,0x2175,0x31F5,0x3A35,0x4A75,0x5293,0x5A92,0x5A6F,0x6A8E,0x7A2C,0x816A,0x90C7,0x9063,0xA803,0xE805,
  0xE9CE,0xE96D,0xFB32,0xFC96,0xA009,0x706B,0x786C,0x808E,0x788E,0x688D,0x608D,0x608D,0x508C,0x406B,0x306A,0x2869,
  0x2849,0x286A,0x204A,0x204A,0x284A,0x4850,0x8057,0x8036,0x7835,0xE83D,0xF97F,0xF9FF,0xFABF,0xFABF,0xF99F,0xFABF,
  0xFC1F,0xFB9F,0xFB5F,0xFA9F,0xF97F,0xF83F,0xF01E,0xF9DF,0xFABF,0xFADF,0xF99F,0xB018,0x302E,0x282D,0x204B,0x1029,
  0x304D,0x404E,0x384C,0x404B,0x586C,0x686E,0x8030,0x9833,0x7875,0x6095,0x5853,0x400D,0x302A,0x382B,0x580F,0x6811,
  0x6010,0x6010,0x7012,0xA016,0xF8FF,0xFB9F,0xFBFF,0xFB9F,0xFB5F,0xFBBF,0xFB1F,0xB9D9,0x40CE,0x0828,0x1009,0x184A,
  0x184A,0x184A,0x104A,0x1048,0x0825,0x0823,0x0804,0x1026,0x1829,0x182A,0x504E,0xA8D5,0x8890,0x0805,0x680D,0xFD3F,
  0xFCFF,0xFE3F,0xFD9F,0xB893,0x3048,0x2827,0x1806,0x2829,0x68AD,0x2048,0x40AB,0x1025,0x0824,0x1046,0x2087,0x1045,
  0x0844,0x0864,0x18CC,0x086B,0x0869,0x0869,0x316F,0x4232,0x420D,0x2907,0x214C,0x210D,0x292D,0x18C9,0x0846,0x0845,
  0x0023,0x0001,0x0000,0x1067,0x20F2,0x10F0,0x21D9,0x2A9F,0x3B1E,0x4B7C,0x2A99,0x0197,0x023B,0x0B5F,0x0B3D,0x255D,
  0x87FF,0x57BF,0x9FFF,0xB79F,0x261F,0x043F,0x01D7,0x00B2,0x00F1,0x000D,0x0B75,0x05BF,0x02DD,0x09BB,0x309C,0xA1FD,
  0xE43A,0xD01D,0xA01C,0x5856,0x4073,0x3851,0x3851,0x5035,0x701A,0x901C,0xD87F,0xF9FF,0xFB9F,0xFA5F,0xE85F,0xB81F,
  0x981E,0x901D,0xC05F,0xF0FF,0xF9BF,0xFA5F,0xF9FF,0xE8DF,0xD01F,0xF8DF,0xFBFF,0xF95F,0xA01C,0x6038,0x5817,0x801B,
  0x901D,0x4834,0x188C,0x186B,0x188A,0x18AB,0x20CC,0x18AB,0x108A,0x108A,0x18EF,0x2994,0x29B6,0x2995,0x2174,0x2174,
  0x2173,0x2153,0x2152,0x2152,0x2152,0x2131,0x2131,0x2131,0x1930,0x1910,0x1910,0x2110,0x2110,0x2110,0x2110,0x2110,
  0x2110,0x2910,0x3111,0x2110,0x2110,0x2110,0x2110,0x2110,0x210F,0x210F,0x210F,0x210F,0x210F,0x210F,0x210F,0x210F,
  0x210F,0x210F,0x210F,0x210F,0x210F,0x210F,0x20EE,0x18ED,0x20CC,0x30AC,0x388B,0x288A,0x1889,0x188A,0x38AD,0x50F0,
  0x3911,0x3132,0x3152,0x3110,0x30CE,0x30AD,0x308C,0x286A,0x2069,0x288B,0x308C,0x388D,0x30AD,0xAC73,0xFF52,0xFC09,
  0xCA2C,0x826E,0x41EB,0x3A4B,0x3209,0x2A0C,0x1906,0x10C6,0x0886,0x08A5,0x396C,0x9854,0xE17C,0xEBBE,0xF31F,0xEA3F,
  0xE1BE,0xD13E,0xB0DC,0x887A,0x7838,0x7036,0x6035,0x5034,0x40B9,0x59FE,0x49BE,0x30FE,0x3054,0x206A,0x204A,0x380B,
  0x286B,0x18CA,0x08AB,0x190E,0x18AD,0x18B0,0x10AF,0x31B2,0x290F,0x210F,0x2950,0x314F,0x398D,0x69EC,0x81A9,0xD94A,
  0xF90B,0xF089,0xFC34,0xE230,0x900A,0x808D,0x806D,0x808D,0x708C,0x508B,0x406A,0x3869,0x3069,0x2869,0x2869,0x2069,
  0x2069,0x284A,0x284A,0x284A,0x284A,0x5051,0x9839,0x9819,0x8817,0xE87E,0xFADF,0xFB1F,0xFAFF,0xFA1F,0xF8DF,0xF9FF,
  0xFB5F,0xFB1F,0xFB1F,0xFA9F,0xF9BF,0xF91F,0xF8DF,0xF9BF,0xFA1F,0xF9DF,0xF8DF,0xA017,0x304D,0x284C,0x184A,0x1029,
  0x204A,0x284B,0x284A,0x304A,0x486B,0x486C,0x488D,0x488D,0x486F,0x5072,0x4850,0x382C,0x282A,0x302A,0x480E,0x5810,
  0x5810,0x6010,0x6812,0x9816,0xF0BE,0xFAFF,0xFB9F,0xFC3F,0xFD3F,0xE37C,0x68F2,0x202B,0x182A,0x202B,0x182A,0x1029,
  0x1049,0x0828,0x0825,0x0824,0x1829,0x204C,0x202D,0x204E,0x204E,0x102B,0x70D1,0xB938,0x482D,0x200A,0x500E,0xD0B8,
  0xD039,0xC038,0xC817,0x682F,0x282B,0x180B,0x100C,0x100A,0x1006,0x0805,0x0805,0x2888,0x0805,0x40AA,0x48CB,0x0022,
  0x0001,0x20C7,0x0048,0x41AF,0x292D,0x310C,0x102A,0x20AC,0x318E,0x4A51,0x314C,0x0825,0x0827,0x1868,0x1869,0x20AA,
  0x2089,0x1846,0x0803,0x0000,0x690D,0x20CF,0x10CD,0x2193,0x223A,0x433E,0x641E,0x32BA,0x01F9,0x02BD,0x029D,0x029A,
  0x3F1F,0x8FFF,0x07BF,0x67FF,0xD7FF,0x471F,0x05BF,0x02DA,0x00D3,0x00AF,0x00ED,0x055D,0x03FF,0x027E,0x219C,0x60BD,
  0xD2FB,0xAA93,0xC83D,0x7819,0x4874,0x3852,0x3851,0x5035,0x6819,0x701B,0xB01E,0xF97F,0xFBDF,0xFBBF,0xE93F,0x901F,
  0x881E,0xD89F,0xFA7F,0xFB5F,0xFB5F,0xFB7F,0xFBDF,0xFB3F,0xF93F,0xF9BF,0xFB3F,0xE8BE,0x881A,0x6018,0x5817,0x881C,
  0x981E,0x4834,0x186C,0x186B,0x188A,0x18AC,0x20CD,0x20CC,0x18AA,0x108A,0x18EF,0x2995,0x29B6,0x2996,0x2995,0x2194,
  0x2174,0x2173,0x2173,0x2153,0x2152,0x2152,0x2132,0x2131,0x2131,0x2131,0x1930,0x2110,0x2130,0x2130,0x2110,0x2910,
  0x2930,0x3931,0x4112,0x2911,0x2110,0x2110,0x2110,0x2110,0x2110,0x2110,0x2110,0x210F,0x210F,0x210F,0x210F,0x210F,
  0x210F,0x210F,0x210F,0x210F,0x20EE,0x18CD,0x18AA,0x1088,0x1889,0x208A,0x28AB,0x20CC,0x28EE,0x30EF,0x28EF,0x28EF,
  0x3110,0x3110,0x28CE,0x288B,0x2869,0x306A,0x306A,0x386B,0x302A,0x302B,0x510F,0x6A11,0x9C54,0xA491,0x69E9,0x394B,
  0x1129,0x10E6,0x18E7,0x10C6,0x18E7,0x322F,0x322E,0x3A71,0x3AB3,0x42F4,0x4AF4,0x5A96,0x7AB6,0x5892,0x4811,0x4831,
  0x300C,0x182A,0x082A,0x000C,0x004D,0x004B,0x0090,0x00D5,0x0199,0x03FC,0x049C,0x047C,0x0199,0x0074,0x0031,0x0050,
  0x000F,0x000D,0x000A,0x0008,0x100A,0x1007,0x1825,0x2065,0x2065,0x2888,0x286B,0x204C,0x186E,0x1026,0x1865,0x28C5,
  0x7968,0xC18A,0xE3B3,0xB94C,0x902B,0x880B,0x786B,0x688B,0x606A,0x5069,0x486A,0x3869,0x3069,0x306A,0x286A,0x2069,
  0x2069,0x204A,0x206A,0x286B,0x284B,0x5852,0xA83B,0xA01A,0x8016,0xE87E,0xFABF,0xFB3F,0xFB1F,0xF9FF,0xF81F,0xF8DF,
  0xFA9F,0xFB1F,0xFB5F,0xFAFF,0xFA7F,0xF9BF,0xF89F,0xF85F,0xE85E,0xD81D,0xB01B,0x5033,0x284D,0x204C,0x184A,0x104A,
  0x204A,0x2049,0x2049,0x2849,0x304A,0x386C,0x386D,0x386C,0x386D,0x404F,0x404F,0x382C,0x282A,0x302A,0x482E,0x5810,
  0x5010,0x6011,0x6812,0x9816,0xF05E,0xF99F,0xFABF,0xFB7F,0x9196,0x380D,0x180A,0x202B,0x202B,0x1829,0x1026,0x1026,
  0x40CF,0x304D,0x182B,0x202E,0x204F,0x204E,0x202D,0x202B,0x1007,0x2009,0x200B,0x200B,0x280C,0x300D,0x380E,0x6011,
  0x6012,0x6011,0x5011,0x4831,0x3831,0x3051,0x2851,0x204F,0x184E,0x186F,0x186F,0x208D,0x0828,0x208A,0x2069,0x0844,
  0x1065,0x18AA,0x18AB,0x396E,0x18AA,0x4990,0x5972,0x6192,0x1889,0x0007,0x4148,0x626A,0x2087,0x1826,0x2026,0x1825,
  0x1826,0x2047,0x2846,0x1003,0x2800,0x80C9,0x18CE,0x10CC,0x112D,0x21B4,0x42FC,0x4B7F,0x1A7C,0x021B,0x033F,0x027D,
  0x03BB,0x579F,0xAFFF,0x2FDF,0x57DF,0xF7FF,0x8FDF,0x0F1F,0x03FB,0x0111,0x002C,0x0396,0x0DDF,0x029D,0x193B,0x397E,
  0xB0BE,0xB373,0x8991,0xA89D,0x5035,0x3872,0x3851,0x5035,0x6019,0x801B,0xE8DF,0xFB3F,0xFBBF,0xF9DF,0xD01F,0x981E,
  0xD87F,0xFA7F,0xFAFF,0xF1BF,0xD89F,0xE05F,0xF0FF,0xFA1F,0xFA9F,0xFBFF,0xFA9F,0xC03E,0x781A,0x6018,0x5817,0x901D,
  0xB01F,0x6057,0x20AF,0x208C,0x188A,0x188B,0x18AB,0x18CC,0x18AB,0x18AB,0x210F,0x2995,0x29B7,0x29B6,0x2995,0x2995,
  0x2995,0x2174,0x2174,0x2173,0x2152,0x2152,0x2152,0x2132,0x2131,0x2131,0x2131,0x2130,0x2130,0x2130,0x2130,0x2910,
  0x2910,0x3111,0x3911,0x2911,0x2110,0x2110,0x2130,0x2110,0x2110,0x2110,0x2110,0x2110,0x2110,0x2110,0x2130,0x2130,
  0x210F,0x210E,0x18ED,0x18CB,0x18AA,0x1089,0x1068,0x1089,0x18AB,0x20ED,0x290F,0x2930,0x3931,0x4911,0x30CE,0x28AD,
  0x20AB,0x208A,0x2069,0x2869,0x388B,0x488C,0x7110,0x99B3,0x8A11,0xBBD5,0xA333,0x5A4C,0x18C9,0x0048,0x10EB,0x216B,
  0x41CC,0x420D,0x39EE,0x31AD,0x296A,0x29CE,0x08EB,0x08A9,0x0888,0x0068,0x0889,0x08AA,0x19AF,0x21F1,0x0045,0x0023,
  0x182B,0x1811,0x1037,0x29DC,0x09FE,0x00BE,0x099F,0x0A1F,0x037F,0x07BF,0x07FF,0x0FFF,0x031F,0x017F,0x00FF,0x009F,
  0x10BF,0x307F,0x381F,0x401F,0x781F,0x983E,0xB01B,0xB818,0x9011,0x800B,0x7005,0x6003,0x5022,0x4042,0x3043,0x1822,
  0x6104,0xC3CD,0xC249,0xEA6D,0xE370,0xD291,0xA86B,0x8009,0x708A,0x608A,0x588B,0x488A,0x408A,0x388B,0x306B,0x286A,
  0x2069,0x206A,0x206A,0x206A,0x206B,0x5032,0xA83B,0xA01A,0x8818,0xE87E,0xFA9F,0xFB3F,0xFB5F,0xFABF,0xF8DF,0xF93F,
  0xFB1F,0xFB3F,0xFABF,0xF97F,0xF8BF,0xF05F,0xB81C,0x8837,0x6836,0x4834,0x3032,0x2850,0x206E,0x186D,0x106C,0x106C,
  0x284B,0x284A,0x2049,0x2048,0x2849,0x388D,0x40D1,0x40AF,0x306C,0x384D,0x384D,0x382B,0x282A,0x302A,0x482E,0x5831,
  0x5830,0x6011,0x7012,0x8815,0xD81D,0xF97F,0xC9DC,0x4851,0x180C,0x204C,0x182A,0x1849,0x184A,0x1029,0x1027,0x204D,
  0x3872,0x3051,0x202D,0x202C,0x202C,0x282E,0x202C,0x2009,0x280C,0x300D,0x302D,0x382E,0x380E,0x380F,0x4010,0x4811,
  0x4010,0x3810,0x382F,0x302F,0x3030,0x2830,0x2030,0x2831,0x204E,0x184A,0x1029,0x082A,0x104C,0x104C,0x1028,0x0045,
  0x28ED,0x0008,0x310F,0x290F,0x392F,0x28CF,0x3911,0x414E,0x0007,0x20A9,0x48E5,0x3967,0x1004,0x3067,0x3066,0x3085,
  0x40A7,0x4088,0x3046,0x2805,0x1002,0x5043,0x60EE,0x08EE,0x10CB,0x08CC,0x21D1,0x2A57,0x3B3D,0x22DD,0x025C,0x02FE,
  0x01B8,0x049C,0x4F1F,0xA7FF,0x37DF,0x57DF,0xDFFF,0xD7DF,0x475F,0x049C,0x0112,0x0131,0x165F,0x0BDF,0x11BE,0x191B,
  0x683D,0xD1BD,0x5A49,0x8173,0x6877,0x3051,0x3852,0x5035,0x6039,0x781B,0xC83E,0xF9BF,0xFBBF,0xFB3F,0xF11F,0xE8BF,
  0xFA5F,0xFA5F,0xD89F,0xC01F,0xE05F,0xF13F,0xF97F,0xE03F,0xF19F,0xFBBF,0xFA5F,0xC81E,0x801B,0x6818,0x5017,0x981D,
  0xC01F,0x6879,0x28D2,0x20AE,0x188B,0x188A,0x188A,0x18AB,0x18AB,0x18AB,0x2110,0x2996,0x31D7,0x29B6,0x29B6,0x29B6,
  0x2995,0x2995,0x2974,0x2174,0x2173,0x2152,0x2152,0x2152,0x2152,0x2131,0x2131,0x2131,0x2131,0x2131,0x2131,0x2931,
  0x2910,0x2910,0x2910,0x2911,0x2931,0x2931,0x2130,0x2130,0x2110,0x2110,0x2130,0x2110,0x2110,0x2110,0x210F,0x18ED,
  0x18CB,0x18AA,0x1889,0x208A,0x28AB,0x18AA,0x18AC,0x210E,0x292F,0x292F,0x290F,0x28EE,0x30CD,0x308C,0x2869,0x2068,
  0x2068,0x2068,0x3089,0x40AC,0x508E,0x604F,0xAA33,0xFD78,0xFDB3,0xF432,0x30A7,0x0001,0x412B,0x518C,0x416B,0x312B,
  0x20EA,0x10A9,0x0847,0x0006,0x0006,0x090B,0x7372,0x630F,0x7350,0x9454,0x2109,0x0868,0x08CC,0x08AB,0x0845,0x2815,
  0x303C,0x107E,0x00BF,0x2C9F,0x141F,0x00FF,0x01FF,0x029F,0x045E,0x079E,0x079F,0x079F,0x03BF,0x023F,0x017F,0x013F,
  0x12DF,0x393F,0x501F,0x681F,0xA01F,0xD83F,0xF81F,0xF81F,0xF81F,0xF85F,0xF85D,0xF039,0xD834,0xB80D,0x9827,0x8824,
  0x8000,0x98E3,0xD309,0xF3AA,0xFB08,0xFD0E,0xFD72,0xEA6D,0xC009,0x984B,0x78AC,0x608B,0x488B,0x408B,0x306B,0x286A,
  0x206A,0x206A,0x206A,0x206B,0x204B,0x5031,0xA01A,0xA81B,0x8819,0xE07E,0xFA9F,0xFB5F,0xFB9F,0xFAFF,0xF95F,0xF91F,
  0xF9BF,0xF93F,0xE85F,0xB01C,0x8019,0x7819,0x4854,0x3071,0x3051,0x3051,0x2851,0x2870,0x186F,0x188E,0x108E,0x108D,
  0x304C,0x304B,0x2849,0x2048,0x2849,0x306C,0x40AF,0x40AE,0x306B,0x304B,0x302C,0x302A,0x282A,0x382B,0x500F,0x6032,
  0x6012,0x6832,0x6011,0x8035,0xE23E,0x9997,0x182C,0x102B,0x284D,0x384C,0x6072,0x5857,0x2051,0x104B,0x202E,0x2830,
  0x202E,0x202C,0x282C,0x282C,0x302D,0x202B,0x380D,0x4811,0x4010,0x380E,0x380F,0x4010,0x4810,0x4010,0x4011,0x4013,
  0x4012,0x3812,0x3832,0x3833,0x4054,0x4056,0x4858,0x304E,0x1008,0x180B,0x1830,0x2052,0x1830,0x208E,0x510F,0x48B1,
  0x104E,0x490E,0x38CC,0x0868,0x18CC,0x390F,0x51B2,0x0808,0x20CB,0x2885,0x624B,0x3908,0x2887,0x68C7,0xB1C5,0x88C6,
  0x696C,0x712B,0x696B,0x40A8,0x2004,0x0801,0x5845,0x38ED,0x10ED,0x10ED,0x08CC,0x090E,0x1192,0x32DA,0x2B5D,0x0ABD,
  0x02BD,0x0218,0x04BE,0x2DBF,0xAFBF,0x6FDF,0x27DF,0x7FDF,0xD7DF,0x8F9F,0x0D7E,0x00D4,0x045A,0x057F,0x099D,0x191B,
  0x28BA,0xB01F,0xA215,0x2103,0x9255,0x3812,0x4053,0x5836,0x6839,0x683B,0x901E,0xF0FF,0xFC5F,0xFD1F,0xFBBF,0xFB9F,
  0xFAFF,0xD89F,0x901E,0xE11F,0xFA9F,0xFA5F,0xF9DF,0xD85F,0xF07F,0xFB3F,0xFB7F,0xF97F,0xB83E,0x6018,0x5817,0x981D,
  0xC01F,0x70BA,0x3114,0x20AF,0x28AD,0x50ED,0x38CC,0x18AC,0x188B,0x188B,0x20F0,0x2996,0x31D7,0x29B7,0x29B7,0x29B6,
  0x2996,0x2995,0x2974,0x2174,0x2173,0x2153,0x2153,0x2153,0x2152,0x2131,0x2131,0x2131,0x2131,0x2131,0x2931,0x3131,
  0x3911,0x40F0,0x40F1,0x3111,0x2931,0x2931,0x2931,0x2130,0x2130,0x2130,0x2130,0x210F,0x20ED,0x18CC,0x18AA,0x1068,
  0x1068,0x18AA,0x20CC,0x5130,0x6131,0x310E,0x20EE,0x210F,0x20EE,0x20AB,0x2089,0x2068,0x2068,0x2047,0x2068,0x2869,
  0x306A,0x38AB,0x408C,0x484C,0x7190,0xC436,0xFD13,0xFC8E,0xFC0D,0xB2D0,0x0021,0x0000,0x3027,0x2807,0x1827,0x1848,
  0x108A,0x190C,0x218E,0x31AD,0x31EE,0x08E9,0x8C13,0x9CD6,0x8413,0x7BD2,0x0889,0x5290,0x218E,0x0089,0x10AD,0x201C,
  0x0833,0x0078,0x011F,0x0D9F,0x169F,0x019F,0x023F,0x03BF,0x05DF,0x07FF,0x07BF,0x07BF,0x049E,0x02BF,0x021F,0x02FF,
  0x0C7F,0x3A3F,0x601F,0x601F,0xA01F,0xD81F,0xFA1F,0xFD5F,0xF8FF,0xF83F,0xF87F,0xF85F,0xF81F,0xF81F,0xF83C,0xF917,
  0xE92F,0xD0A7,0xD021,0xD8A2,0xE1C3,0xF3E3,0xFF8D,0xFFFA,0xFCB2,0xE8AB,0xB8AE,0x78AC,0x58AB,0x408B,0x306B,0x286A,
  0x286A,0x286A,0x206B,0x286B,0x284B,0x5032,0xA01A,0xA81B,0x8818,0xE87E,0xFA9F,0xFABF,0xFA3F,0xF95F,0xE83E,0xD01E,
  0xB81D,0x981C,0x681A,0x4856,0x3854,0x4055,0x3052,0x3071,0x3072,0x2871,0x2071,0x2070,0x108F,0x108E,0x108E,0x088D,
  0x304C,0x304C,0x304B,0x2849,0x3049,0x384A,0x386B,0x384B,0x304B,0x304C,0x304B,0x282A,0x2829,0x302B,0x5830,0x6832,
  0x6832,0x5811,0x8915,0xBB99,0x498F,0x0009,0x206D,0x48B0,0x384D,0x5051,0x605B,0x2834,0x102B,0x202F,0x3051,0x284F,
  0x202D,0x280C,0x380E,0x380E,0x380B,0x580E,0x7012,0x7012,0x7813,0x90B5,0xA937,0xB958,0xB137,0xA957,0xA918,0xB0BA,
  0xA89B,0xA05B,0xA01B,0x881A,0x7819,0x6016,0x280D,0x200F,0x2834,0x2854,0x2833,0x2832,0x2032,0x080D,0x208B,0x386F,
  0x080D,0x6155,0xA21A,0x89D4,0x490C,0x2089,0x1869,0x104A,0x28AA,0x5905,0x4987,0x0803,0x68C8,0xDAC7,0xFF32,0xF3E4,
  0xC9A6,0x8887,0x5087,0x50C8,0x3045,0x1823,0x0800,0x4066,0x20EE,0x190E,0x10ED,0x08ED,0x08CC,0x00CE,0x1A38,0x2B3D,
  0x139E,0x02DC,0x025A,0x039F,0x1D3F,0xBFFF,0x97DF,0x17BF,0x1FDF,0x8FFF,0xCFFF,0x85FD,0x09D8,0x05BF,0x027D,0x20FB,
  0x1939,0x605B,0xB0DD,0x38A8,0x4187,0x8A75,0x4013,0x6857,0x6839,0x683A,0x881D,0xE89F,0xFA3F,0xFABF,0xFBBF,0xFB7F,
  0xE93F,0x881E,0x881E,0xF1FF,0xFC5F,0xF9BF,0xD81F,0xE05F,0xFA1F,0xFBBF,0xFCFF,0xFC7F,0xF11F,0x801A,0x5017,0x981C,
  0xC81F,0x78DB,0x3934,0x20CF,0x6930,0xD212,0xA9D1,0x610F,0x38CD,0x18AB,0x2110,0x2996,0x31D8,0x31D7,0x29D7,0x29B7,
  0x29B6,0x2995,0x2975,0x2974,0x2174,0x2153,0x2153,0x2153,0x2152,0x2152,0x2152,0x2131,0x2131,0x2931,0x3911,0x80D3,
  0xB094,0xC0B5,0xC0B5,0x70F3,0x2931,0x2931,0x2931,0x2930,0x210F,0x20EE,0x18CC,0x18AA,0x1889,0x208A,0x208A,0x18AA,
  0x18CC,0x210E,0x2930,0x5152,0x6131,0x30CC,0x18AA,0x188A,0x1869,0x1847,0x1846,0x1847,0x2068,0x2889,0x30AB,0x40AC,
  0x48AD,0x486D,0x694E,0xB3D4,0xFCF6,0xFBD0,0xF32C,0x920B,0x9A70,0x8A2E,0x1061,0x5168,0x81CF,0x8271,0x8B14,0x9457,
  0x855B,0x757C,0x95BC,0x7C76,0x6415,0x0026,0x5AAE,0x9475,0x9474,0x214A,0x08AA,0x298D,0x190A,0x0066,0x084D,0x201D,
  0x0813,0x009B,0x019F,0x061F,0x07BF,0x029F,0x02FF,0x04BF,0x071F,0x17FF,0x87DF,0x0FDF,0x05DE,0x039F,0x03DF,0x04FF,
  0x0D5F,0x32FF,0x587F,0x385F,0x601F,0xD81F,0xF97F,0xFD5F,0xF0FF,0xF01E,0xF83F,0xF85F,0xF95F,0xF9DE,0xF9FC,0xFA99,
  0xFAD7,0xFB72,0xFC2A,0xFC83,0xEAA1,0xD8C0,0xF284,0xFE51,0xFFFF,0xFE19,0xF0AD,0xA08C,0x68AC,0x488C,0x388B,0x286B,
  0x286B,0x286B,0x206B,0x206B,0x286B,0x5032,0xB81C,0xC01C,0x8018,0xC81C,0xF8DF,0xF0BF,0xD81E,0xA81C,0x781A,0x5838,
  0x4838,0x483A,0x4058,0x3855,0x3855,0x3856,0x3053,0x2872,0x2092,0x1891,0x1890,0x1090,0x108F,0x108E,0x088E,0x086C,
  0x284B,0x304B,0x304B,0x304A,0x386A,0x486B,0x506C,0x486C,0x406D,0x406D,0x384D,0x282B,0x282A,0x302B,0x5810,0x6833,
  0x6012,0x91D7,0xA39A,0x18CE,0x080E,0x3093,0x6116,0x60F8,0x3858,0x387B,0x2075,0x182E,0x2811,0x3012,0x4013,0x5012,
  0x7012,0x90D5,0xB1D7,0xC2D7,0xD176,0xE95B,0xE9BB,0xF1DC,0xF9FD,0xFBFE,0xFCFE,0xFCDE,0xFCDE,0xFCDE,0xFCDE,0xFD1E,
  0xFDBF,0xFDFF,0xFDDF,0xF5BD,0xECDC,0xCB39,0xA1F7,0x8877,0x6014,0x3813,0x2833,0x2833,0x2833,0x2012,0x40EE,0x3068,
  0x2849,0x180A,0x200E,0x5093,0x8958,0x9A58,0x206A,0x184B,0x2826,0x79A9,0x40E7,0x4109,0x7861,0xFE90,0xFF50,0xFEEF,
  0xFDAD,0xE2E3,0xA0E3,0x5865,0x3043,0x1001,0x0000,0x0801,0x2044,0x0887,0x10EC,0x10ED,0x08ED,0x08EC,0x090E,0x11D7,
  0x1AFB,0x039D,0x02FB,0x035E,0x03FF,0x0D9F,0x77FF,0xBFFF,0xAFFF,0x3FDF,0x67DF,0xBFFF,0x0D1D,0x039C,0x035E,0x115B,
  0x18F4,0x28B5,0x787F,0x9115,0x0001,0x72AD,0x7995,0x6018,0x6838,0x6019,0x701B,0xA81E,0xC81E,0xF09F,0xFB1F,0xFA3F,
  0xB81F,0x783D,0x901E,0xF15F,0xFCBF,0xFBFF,0xF97F,0xFA7F,0xFBFF,0xFADF,0xFA5F,0xFABF,0xE8BF,0x781B,0x5838,0x983D,
  0xC01F,0x70BA,0x3113,0x20CF,0x6950,0xE273,0xEAB3,0xDA52,0x9170,0x28CC,0x2931,0x31B7,0x31D8,0x31D8,0x29D7,0x29B7,
  0x29B6,0x2996,0x2995,0x2975,0x2974,0x2173,0x2153,0x2173,0x2153,0x2152,0x2152,0x2151,0x2932,0x2131,0x68F3,0xF0F6,
  0xF9F7,0xFA78,0xF998,0xB0D5,0x3110,0x20EF,0x20CD,0x18CC,0x18AC,0x18AB,0x18AB,0x18AB,0x28CC,0x48EF,0x3910,0x210F,
  0x20ED,0x20EE,0x20ED,0x20AC,0x288A,0x1847,0x1047,0x1848,0x1848,0x2068,0x2089,0x28AB,0x30AC,0x38CC,0x40ED,0x406D,
  0x58CE,0xAB54,0xF437,0xFB55,0xC1EE,0x9A8E,0x59EA,0x9C91,0xC433,0x592A,0x4964,0xB2EE,0xAA4F,0x8212,0x51B1,0x31AF,
  0x21CF,0x112E,0x10CB,0x0047,0x0887,0x08A7,0x296A,0xAD57,0x52AE,0x0067,0x10E9,0x08CA,0x08A8,0x0045,0x0831,0x181D,
  0x000E,0x009B,0x017E,0x061F,0x073F,0x02DF,0x045F,0x059E,0x07BF,0x2FFF,0xD7FF,0x0FFF,0x075F,0x051F,0x05BF,0x067F,
  0x05FF,0x2B3F,0x303F,0x183F,0x483F,0xD81F,0xF81F,0xF8DF,0xD07B,0xC037,0xF81F,0xF83B,0xF9BC,0xFB7F,0xFB7C,0xFB78,
  0xFB73,0xFBEF,0xFCA7,0xFEC3,0xFEA3,0xF420,0xF385,0xFAC7,0xFC6D,0xFFFF,0xFCF7,0xD06C,0x70CC,0x508C,0x406C,0x306B,
  0x286B,0x286B,0x206B,0x206B,0x206B,0x5052,0xB01C,0xB01C,0x6815,0x6035,0x881A,0x701A,0x5038,0x4838,0x4039,0x4058,
  0x4078,0x487B,0x4079,0x3077,0x3077,0x3077,0x2075,0x1892,0x10B1,0x1090,0x1091,0x1090,0x088F,0x088E,0x088D,0x086B,
  0x204A,0x284A,0x304A,0x384A,0x504B,0xA04D,0xB04E,0x902E,0x606F,0x486F,0x404F,0x304C,0x282A,0x302B,0x480F,0x6011,
  0xA218,0x72D7,0x0050,0x18B7,0x395C,0x28B7,0x2899,0x287A,0x309B,0x3039,0x4816,0x701A,0x807A,0xA19A,0xD3BC,0xF57E,
  0xFDFF,0xFD9F,0xFD1F,0xFC3D,0xE999,0xD056,0xB075,0xA054,0xA033,0xA014,0xA014,0xA014,0x9814,0x8813,0xA015,0xC85A,
  0xC8BC,0xB1BF,0xBBFF,0xDD7F,0xED1F,0xFCBF,0xFD5F,0xFCFF,0xFC5E,0xE2BC,0xB8BA,0x8858,0x6016,0x4014,0x202E,0x2029,
  0x2847,0x48C9,0x3888,0x1005,0x0006,0x284C,0x4871,0x1006,0x38C6,0x40E7,0x2846,0x7A0E,0xB9C8,0xF344,0xFDCB,0xFE90,
  0xFEAF,0xFF2F,0xEC86,0xA8C5,0x4084,0x1821,0x1821,0x1000,0x1822,0x30AA,0x1089,0x08CB,0x08ED,0x08ED,0x090D,0x010E,
  0x0994,0x1238,0x033B,0x0217,0x03BF,0x035F,0x0D7F,0x37FF,0x1FDF,0x8FFF,0x67DF,0x07BF,0x07BF,0x1D3D,0x0B3E,0x01BD,
  0x1918,0x20B2,0x40B9,0x90FE,0x4068,0x0023,0x9B32,0x78B7,0x6017,0x6019,0x701A,0x701C,0xA81E,0xF9DF,0xFB9F,0xE8DF,
  0xD01F,0xB83F,0x801E,0xC03E,0xFA3F,0xFB5F,0xFADF,0xFB7F,0xFBFF,0xF13F,0xB81E,0xB01E,0x901C,0x6039,0x5838,0x983D,
  0xB81F,0x6078,0x28B0,0x20AF,0x30CE,0x6150,0xA1F1,0xE252,0xB1B1,0x610F,0x4953,0x39B8,0x31F8,0x31D8,0x31D8,0x31D7,
  0x31B7,0x29B6,0x2975,0x2975,0x2974,0x2174,0x2174,0x2973,0x2173,0x2153,0x2152,0x2152,0x2952,0x2932,0x80F4,0xF977,
  0xFA98,0xFA58,0xF957,0xA0B2,0x20CC,0x1069,0x1868,0x208A,0x20AC,0x20EE,0x2930,0x2930,0x4110,0x5911,0x38EF,0x18AB,
  0x188A,0x1089,0x1068,0x1047,0x1047,0x1067,0x1889,0x20AC,0x28CD,0x28AC,0x30CD,0x48F0,0x48EF,0x40AE,0x488F,0x89D2,
  0xD3D5,0xEB54,0xD271,0xA350,0x9C74,0xB476,0xDBAB,0xFC48,0xE36F,0x38C8,0x0000,0x1846,0x1027,0x0826,0x0825,0x0824,
  0x0824,0x1045,0x1066,0x0866,0x0887,0x10E9,0x0887,0x4A8E,0x190A,0x0888,0x190A,0x218D,0x0888,0x0046,0x1015,0x181C,
  0x000C,0x0017,0x001C,0x05BF,0x06FF,0x02FE,0x01FE,0x045E,0x07FF,0x27FF,0x67FF,0x07FF,0x073F,0x023F,0x04FF,0x071F,
  0x0E1F,0x231F,0x181F,0x001E,0x303F,0xD83F,0xF83F,0xF85F,0xB038,0xB037,0xF81E,0xE816,0xF95B,0xFB9F,0xFBDD,0xFC59,
  0xFD74,0xFCCC,0xFD24,0xFEE6,0xFEC9,0xFD60,0xFF2A,0xFFDF,0xFB6A,0xFBCC,0xFEDB,0xC84B,0x78AC,0x588C,0x408C,0x306B,
  0x286B,0x286B,0x206A,0x206B,0x206B,0x386F,0x6857,0x7039,0x3853,0x2870,0x2853,0x3075,0x3076,0x4079,0x485A,0x3879,
  0x389A,0x38BC,0x30BB,0x2899,0x2099,0x2099,0x18B6,0x08B3,0x08B1,0x08B1,0x08B2,0x0890,0x088E,0x088D,0x086B,0x086A,
  0x284B,0x284A,0x304A,0x404B,0x908D,0xF9CE,0xFAF0,0xF9EF,0xC0B0,0x6071,0x4850,0x382E,0x302C,0x282B,0x482E,0x91B7,
  0x51D5,0x004F,0x0893,0x191B,0x10BB,0x10FD,0x10BC,0x201A,0x701D,0xA97D,0xE43F,0xF65F,0xFEDF,0xFE5F,0xFD5F,0xFBBF,
  0xE9DF,0xD07D,0xB018,0x9013,0x7811,0x6810,0x582F,0x5830,0x5830,0x5830,0x5830,0x5831,0x5830,0x5030,0x6833,0x9018,
  0x801B,0x597F,0x53BF,0x6D3F,0x751F,0x6C1F,0x6ADF,0x8ADF,0xBAFF,0xE2BF,0xF9DF,0xF9DF,0xFA1F,0xD95D,0x8837,0x300E,
  0x200B,0x380B,0x406B,0x408A,0x3867,0x2005,0x2026,0x4066,0x810C,0x0802,0x1805,0x2806,0x3002,0x8041,0xC961,0xF3E5,
  0xFE09,0xFE8B,0xA962,0x4804,0x3867,0x3004,0x2801,0x3842,0x2800,0x28AD,0x2133,0x110C,0x10EC,0x08EC,0x08EC,0x090D,
  0x00EE,0x0973,0x127B,0x09F5,0x02BA,0x033F,0x0B5E,0x4F5F,0x0FFF,0x37DF,0x47BF,0x077F,0x077F,0x1E3F,0x551F,0x01BE,
  0x095C,0x20F6,0x2090,0x4098,0x78F2,0x0001,0x30CA,0xAB14,0x5817,0x6039,0x703B,0x881D,0xE91F,0xFBFF,0xF27F,0xE83F,
  0xF99F,0xE0BF,0x801E,0x801D,0xB81E,0xD87F,0xF91F,0xFA7F,0xFB7F,0xF9DF,0xA81E,0x701B,0x681A,0x6019,0x5818,0x983E,
  0xC03F,0x6879,0x208F,0x208E,0x208D,0x208D,0x30AD,0x610F,0x590E,0x50EF,0x4954,0x39D8,0x31F9,0x31F9,0x31D8,0x31D8,
  0x31D8,0x29B7,0x2174,0x2974,0x2974,0x2974,0x2974,0x2974,0x2174,0x2173,0x2153,0x2152,0x2952,0x2931,0x58F2,0xD0B4,
  0xD8B4,0xC092,0x9091,0x388C,0x1889,0x1068,0x208A,0x48EE,0x4931,0x3131,0x2130,0x20EE,0x28AC,0x288A,0x1868,0x1046,
  0x1047,0x1867,0x1868,0x188A,0x18CB,0x20EC,0x210E,0x2930,0x3110,0x28CE,0x38CF,0x6112,0x7091,0x7931,0xB353,0xDC50,
  0xCBB0,0xC3F3,0xC435,0xC335,0xB1B6,0xD1F1,0xFBEB,0xFC0A,0xCA8F,0x1826,0x0842,0x28CA,0x20AA,0x1088,0x0886,0x1085,
  0x1064,0x1885,0x20E7,0x20E8,0x212A,0x212C,0x212B,0x18C9,0x210B,0x20EB,0x10A9,0x08A9,0x0869,0x0049,0x0818,0x181C,
  0x000D,0x0017,0x001A,0x05BF,0x06FF,0x023E,0x015E,0x043F,0x071F,0x0FDF,0x0FFF,0x0F7F,0x0D5F,0x005F,0x043F,0x077F,
  0x169F,0x12BF,0x001E,0x001D,0x103F,0xC85F,0xF81F,0xF83F,0x9836,0xB018,0xF83E,0xF014,0xF99B,0xFBDF,0xFB7B,0xFBF5,
  0xFDF3,0xFD8A,0xFDE2,0xFF6B,0xFF4D,0xFE00,0xFEE9,0xFFFF,0xFFFF,0xFAEA,0xFB4D,0xC0ED,0x708C,0x508C,0x388B,0x286B,
  0x286A,0x286B,0x206B,0x206B,0x206B,0x2090,0x40D9,0x40BB,0x2894,0x2871,0x2873,0x3075,0x2876,0x3079,0x309A,0x309A,
  0x28DC,0x28DE,0x20DD,0x18DA,0x18DA,0x10D9,0x08D7,0x00D4,0x00D3,0x00D2,0x08B2,0x0890,0x088E,0x088C,0x086A,0x0849,
  0x4850,0x304C,0x384A,0x484B,0xB0AD,0xFBCF,0xFE12,0xFD11,0xFA11,0x8872,0x5051,0x4830,0x302D,0x280C,0x6913,0x30CF,
  0x004D,0x08F5,0x093B,0x013E,0x00FF,0x017F,0x115D,0x8B1F,0xF61F,0xFFBF,0xFEFF,0xFCDF,0xFA7F,0xF89F,0xD01E,0xB01E,
  0xA81D,0x8819,0x6833,0x6051,0x5030,0x482E,0x482E,0x482F,0x482F,0x482F,0x482F,0x482F,0x482F,0x482F,0x6013,0x8017,
  0x781A,0x517F,0x539F,0x54FF,0x54FF,0x3C1F,0x3B9F,0x433F,0x49BE,0x581B,0x703A,0x991B,0xD25D,0xF33F,0xFA1F,0xD05B,
  0x8814,0x5810,0x400F,0x300E,0x302A,0x3047,0x2846,0x3867,0x48C8,0x1004,0x1806,0xA20F,0x8929,0x2802,0x2822,0x6020,
  0xCA82,0xC220,0xCC52,0x92CD,0x0003,0x20C9,0x28C7,0x0800,0x0800,0x0001,0x2131,0x1931,0x1950,0x192D,0x08CB,0x08EC,
  0x00EE,0x00EE,0x0111,0x12D9,0x1276,0x02BC,0x031F,0x2D9F,0x8FFF,0x0F7F,0x073F,0x073F,0x073F,0x063F,0x7EBF,0x54FE,
  0x013D,0x1118,0x20B2,0x2070,0x48B2,0x1021,0x0006,0x59AC,0x9217,0x601A,0x783C,0xB01F,0xFADF,0xFC1F,0xE0BF,0xE0DF,
  0xFB5F,0xD8FF,0x781D,0x783C,0x701D,0xA81E,0xF93F,0xF9DF,0xFA5F,0xFA9F,0xD07F,0x781B,0x701A,0x6019,0x5818,0x983E,
  0xC85F,0x707A,0x28B1,0x28AF,0x20AD,0x208C,0x208C,0x188B,0x18AB,0x20CD,0x2933,0x31D8,0x3A1A,0x31F9,0x31F9,0x31F9,
  0x31D9,0x29B7,0x2174,0x2173,0x2974,0x2995,0x2995,0x2975,0x2974,0x2973,0x2152,0x2131,0x210F,0x18CD,0x28AC,0x408C,
  0x388B,0x288B,0x208B,0x20AC,0x18CD,0x18AC,0x28AC,0x40EE,0x38CE,0x20AB,0x1889,0x1068,0x1068,0x1067,0x1047,0x1067,
  0x1889,0x20AB,0x20AC,0x20CC,0x210E,0x2930,0x2930,0x3151,0x3130,0x30EE,0x40EF,0x80F3,0xDB75,0xECD4,0xDC11,0xC331,
  0xC295,0xB975,0xC0F4,0xC133,0xC9F0,0xEB8D,0xDB8B,0xB2C8,0x8167,0x2863,0x0000,0x0822,0x28A8,0x40CC,0x588D,0x508C,
  0x40ED,0x3950,0x3973,0x3154,0x2910,0x204A,0x086A,0x0849,0x0029,0x0025,0x006A,0x0047,0x0067,0x0026,0x001A,0x0817,
  0x000D,0x0015,0x0018,0x05BE,0x06BE,0x01FE,0x011F,0x03FF,0x057F,0x0FDF,0x0FFF,0x059F,0x03BF,0x003F,0x037F,0x075F,
  0x155F,0x123F,0x001D,0x001D,0x101E,0xB83F,0xE01F,0xE01F,0x9817,0xC01A,0xF83D,0xF013,0xF8D9,0xFBBF,0xFA57,0xF9AD,
  0xFD70,0xFDA8,0xFE43,0xFF6B,0xFF4B,0xFE60,0xFF4A,0xFFDF,0xFFFF,0xFD72,0xF164,0xA8EE,0x688C,0x488C,0x388B,0x286B,
  0x286B,0x206B,0x206B,0x206B,0x206C,0x28D5,0x617F,0x697F,0x28D9,0x2073,0x2094,0x2096,0x2097,0x20B9,0x20BA,0x20FC,
  0x191E,0x121E,0x02BE,0x01BD,0x011B,0x013B,0x0119,0x00F7,0x00F5,0x00D4,0x00D3,0x00B1,0x008E,0x088C,0x086A,0x0849,
  0x5852,0x384D,0x386B,0x506C,0xB0AD,0xFBAF,0xFE32,0xFDB1,0xFA91,0x9873,0x6054,0x4831,0x302E,0x7934,0x1851,0x00F3,
  0x017A,0x015E,0x019F,0x129E,0x757E,0x9EDF,0xD6BF,0xFE9F,0xFC7F,0xF9FF,0xF8FF,0xF8FF,0xF8FF,0xF05F,0xB81D,0xB01E,
  0xD05F,0xD03E,0x9818,0x5812,0x482F,0x402E,0x382E,0x402E,0x402F,0x402E,0x402E,0x402E,0x482F,0x4830,0x6814,0x8818,
  0x803A,0x591F,0x431F,0x445F,0x43FF,0x32DF,0x4A3F,0x623F,0x717E,0x885C,0xA03C,0xA81C,0xB81D,0xE05E,0xF15E,0xF8BF,
  0xF81F,0xE81E,0xB01A,0x8016,0x5011,0x300A,0x2808,0x1005,0x1806,0x380A,0x3009,0x50C8,0xA18A,0x9988,0x2822,0x0821,
  0x4002,0x2001,0x5929,0xAAF0,0x724D,0x5AD7,0x1997,0x08A7,0x0000,0x0000,0x0886,0x2172,0x190E,0x194F,0x110D,0x110C,
  0x218F,0x00ED,0x010E,0x0131,0x0131,0x01B4,0x03DF,0x045F,0x6EFF,0x7FBF,0x071F,0x073F,0x071F,0x069F,0x565F,0x777F,
  0x341D,0x0898,0x10D4,0x18AF,0x208F,0x0824,0x0004,0x080B,0x82D1,0x891C,0x781D,0xD8DF,0xFBBF,0xFA7F,0xB81F,0xE9DF,
  0xFC1F,0xD0DF,0x781D,0x783D,0x781D,0xB83F,0xFA1F,0xF9DF,0xF8FF,0xFAFF,0xF13F,0x981D,0x703B,0x6019,0x5819,0x983E,
  0xC03F,0x707B,0x30F3,0x30F1,0x20AD,0x188C,0x208B,0x20AB,0x20AC,0x18AC,0x2132,0x31D9,0x3A1A,0x3A1A,0x3A1A,0x31FA,
  0x31F9,0x31D8,0x2174,0x2174,0x2974,0x2995,0x2996,0x2974,0x2152,0x190F,0x18CD,0x18CC,0x18AC,0x18AC,0x18AB,0x188A,
  0x188A,0x208B,0x208B,0x20CD,0x18CD,0x188B,0x1869,0x1869,0x1868,0x1868,0x1889,0x188A,0x18AC,0x20ED,0x20CC,0x20CB,
  0x28EE,0x3110,0x28EF,0x20CD,0x20CD,0x210E,0x292F,0x3151,0x3131,0x30EE,0x40CF,0x8954,0xFCF5,0xFA4F,0xE9D1,0xE1B2,
  0xD16F,0xC1AC,0xA9A9,0x99A5,0xA245,0x8A05,0x6901,0x3860,0x3860,0x5061,0x4000,0x3020,0x1821,0x1843,0x3824,0x2003,
  0x0003,0x0005,0x0005,0x0004,0x0006,0x1808,0x0802,0x0001,0x0000,0x0000,0x0068,0x0864,0x100A,0x0010,0x001A,0x0010,
  0x000E,0x0013,0x0059,0x04BE,0x037C,0x01BC,0x00DE,0x033F,0x053F,0x079F,0x07BF,0x04DF,0x029F,0x001F,0x025F,0x073F,
  0x0A5F,0x109F,0x001B,0x001B,0x281C,0x881D,0x901B,0xF01F,0x9017,0xA816,0xE818,0xE812,0xF013,0xFAFC,0xFA96,0xF129,
  0xFCED,0xFD25,0xFE41,0xFF8C,0xFF69,0xFE80,0xFF4A,0xFFFF,0xFFFF,0xFE72,0xE928,0xA88D,0x68CC,0x488C,0x388B,0x286B,
  0x286B,0x206B,0x206B,0x206B,0x186C,0x28D7,0x79DF,0x81FF,0x28FB,0x1894,0x2096,0x18B6,0x18D8,0x18D9,0x191B,0x113E,
  0x029F,0x0DFF,0x2F1F,0x047F,0x019E,0x017D,0x015C,0x017B,0x015A,0x00F6,0x00D4,0x00B2,0x00AF,0x008D,0x006B,0x0069,
  0x4830,0x384D,0x406B,0x586D,0xB08D,0xFAEF,0xFCF0,0xFCB0,0xFA32,0xA095,0x6876,0x4831,0x8195,0x3999,0x01BC,0x021F,
  0x01FF,0x235E,0x95FE,0xE7FF,0xB67F,0x8ABF,0xC17F,0xC81F,0xD81F,0xF01F,0xF8BF,0xF8FF,0xF8BF,0xE03F,0xC81E,0xF0DF,
  0xFA3F,0xF9FF,0xD01E,0x6014,0x4830,0x402F,0x382E,0x382E,0x382E,0x382D,0x404D,0x482E,0x482F,0x5030,0x7015,0x9019,
  0x901A,0x781F,0x61DF,0x6B3F,0x8B3F,0xAADF,0xCAFF,0xEB7F,0xF43F,0xFC7F,0xFC9F,0xFCBF,0xFCFF,0xFD3F,0xFD7F,0xFD7F,
  0xFC9F,0xFB5F,0xFB9F,0xFAFF,0xE21D,0xA8D7,0x8013,0x6811,0x5810,0x480E,0x380B,0x2808,0x3005,0x3044,0x58A4,0x6104,
  0x0000,0x2044,0x0803,0x1004,0xD491,0xFF38,0x6314,0x08EB,0x0842,0x0000,0x0000,0x18EC,0x192F,0x190D,0x112E,0x110E,
  0x08EC,0x110C,0x1191,0x010F,0x0172,0x0153,0x033C,0x03FF,0x04DE,0x9FDF,0x479F,0x073F,0x0EFF,0x0E5F,0x153F,0x8EFF,
  0x373F,0x3B19,0x0813,0x18AF,0x2090,0x186A,0x0001,0x100B,0x28CC,0xAB37,0xA01E,0xF1BF,0xFB7F,0xD8FF,0xA81F,0xF27F,
  0xFC7F,0xD8DF,0x781D,0x783D,0x781D,0xB81F,0xFA3F,0xFA3F,0xF83F,0xFADF,0xFA9F,0xC83F,0x781D,0x683A,0x5819,0x903E,
  0xB81F,0x707B,0x38F4,0x30F1,0x20AD,0x20AC,0x20AC,0x20AC,0x20AC,0x18AC,0x2153,0x323C,0x325D,0x3A1B,0x3A1B,0x3A1A,
  0x321A,0x31D9,0x2195,0x2153,0x2152,0x2151,0x1930,0x190F,0x18CD,0x10CC,0x10AC,0x18CC,0x210F,0x2952,0x3111,0x30CD,
  0x28AC,0x208B,0x188B,0x188B,0x186A,0x1068,0x1048,0x1068,0x1068,0x18AB,0x210F,0x2931,0x2952,0x3173,0x2930,0x20CD,
  0x38EF,0x4911,0x3911,0x2910,0x210F,0x20EE,0x20ED,0x290F,0x310F,0x28EE,0x30AE,0x7151,0xC391,0x894A,0x8949,0x9106,
  0x6084,0x2043,0x1823,0x0004,0x2069,0x68C4,0x4800,0x50A1,0x5061,0x1800,0x1000,0x0800,0x0001,0x0002,0x0000,0x0000,
  0x0000,0x0000,0x0000,0x0000,0x0000,0x0000,0x0000,0x0001,0x0000,0x0000,0x0066,0x192A,0x3813,0x101E,0x083A,0x0013,
  0x0010,0x0010,0x0039,0x043E,0x00FC,0x00FC,0x00DE,0x029F,0x04BF,0x069F,0x073F,0x045F,0x015F,0x001F,0x021F,0x0C1F,
  0x115F,0x087E,0x001A,0x0018,0x2819,0x6819,0x6017,0xC81B,0x8815,0x9813,0xD814,0xE811,0xF00F,0xF0CF,0xF94E,0xF8E5,
  0xFBA4,0xFBA3,0xFD60,0xFFE9,0xFE85,0xF3E0,0xFF6B,0xFFFF,0xFFFE,0xFF94,0xE9ED,0xA06C,0x68CC,0x488C,0x388B,0x286B,
  0x206B,0x206B,0x206B,0x186B,0x186C,0x28D8,0x71FF,0x7A1F,0x291C,0x10B6,0x10D6,0x10D8,0x08F9,0x093B,0x097D,0x097F,
  0x041F,0x47DF,0x8FFF,0x163F,0x029F,0x031F,0x043F,0x0D3F,0x03DF,0x017B,0x00F5,0x00D2,0x00B0,0x008D,0x006B,0x006A,
  0x4030,0x404D,0x406C,0x506C,0xA06D,0xFA2E,0xFC0F,0xFBEF,0xF1D1,0x8875,0x5016,0x5938,0x29DD,0x017E,0x01DF,0x1B9F,
  0x8E9F,0xF7FF,0xCF3F,0x5B9F,0x383E,0x501D,0x601C,0x783C,0x805C,0x985D,0xC03F,0xD83F,0xD83F,0xB83E,0xD01F,0xF99F,
  0xFB5F,0xFA9F,0xD03F,0x6015,0x4830,0x4831,0x4832,0x4030,0x402E,0x402E,0x402E,0x480E,0x502E,0x6871,0x9897,0xC95B,
  0xE2DD,0xE47F,0xED9F,0xFDFF,0xFE3F,0xFEBF,0xFE5F,0xFDFF,0xFD3F,0xFC9F,0xFC5F,0xFBDF,0xFB5F,0xF2FF,0xF2DF,0xF2BF,
  0xEA9F,0xDA1E,0xB9DA,0xC21A,0xF3FC,0xFD5F,0xFCDF,0xF35E,0xD11B,0xA016,0x7011,0x580E,0x602D,0x4008,0x2005,0x1023,
  0x0000,0xAAB4,0x722D,0x194E,0x6AB6,0xD4D0,0x7205,0x0000,0x0000,0x0001,0x0000,0x0022,0x2151,0x110D,0x08EC,0x10EC,
  0x08ED,0x110D,0x1170,0x00EB,0x00EC,0x0174,0x0132,0x037E,0x03BD,0x161F,0x97FF,0x677F,0x05BF,0x149F,0x047F,0x661F,
  0x6F7F,0x2E5F,0x4A37,0x002F,0x20B0,0x286E,0x0003,0x0827,0x100C,0x726D,0xE9FD,0xFA5F,0xFADF,0xB83F,0xA01F,0xFA5F,
  0xFC5F,0xE93F,0x881E,0x781D,0x781D,0xB01E,0xF9DF,0xFA5F,0xF81F,0xFA1F,0xFC3F,0xE93F,0x901E,0x683B,0x5819,0x983E,
  0xC83F,0x709B,0x30D2,0x28CF,0x20AD,0x20AC,0x20AC,0x20AC,0x20AC,0x20AD,0x29F8,0x43DF,0x441F,0x3ADE,0x3A5D,0x3A3C,
  0x31FA,0x29B7,0x2131,0x18CD,0x10AB,0x10CB,0x18CC,0x18ED,0x190F,0x2151,0x2151,0x2151,0x2152,0x3173,0x3931,0x38EE,
  0x38AC,0x408C,0x586C,0x308B,0x188B,0x1889,0x18AB,0x20CD,0x20CD,0x20EE,0x2910,0x2952,0x3173,0x3174,0x2931,0x20CD,
  0x38EF,0x5111,0x3931,0x2951,0x3151,0x290F,0x20CC,0x28CC,0x30ED,0x28AB,0x288A,0x386A,0x3809,0x2048,0x2869,0x3069,
  0x386A,0x2849,0x1808,0x30C8,0xA205,0xBA04,0xDC07,0xB202,0x4000,0x6104,0x5126,0x2847,0x2047,0x0824,0x0802,0x0002,
  0x0002,0x0001,0x0023,0x00AC,0x0067,0x0000,0x0000,0x0000,0x0000,0x0000,0x0043,0x116C,0x6072,0x783F,0x68BD,0x1058,
  0x0037,0x0055,0x0038,0x043F,0x00BE,0x015D,0x00FD,0x019E,0x03DF,0x063F,0x06DF,0x033F,0x00BF,0x003F,0x00FF,0x11FF,
  0x10BF,0x001D,0x0018,0x0017,0x2016,0x4016,0x6817,0xB019,0x9054,0xA052,0xB80E,0xD00D,0xE80C,0xF08A,0xF006,0xF125,
  0xFB24,0xFB61,0xFB40,0xFEC5,0xFD03,0xF240,0xFF8D,0xFFDD,0xFFFF,0xFF53,0xE96C,0x988C,0x60CC,0x48AB,0x308B,0x286A,
  0x206B,0x206B,0x186B,0x186C,0x186C,0x28F8,0x725F,0x7A9F,0x217D,0x08F7,0x08F7,0x0119,0x013C,0x017E,0x01DF,0x01DF,
  0x043F,0x4FBF,0x9FFF,0x2F1F,0x0E1F,0x371F,0x5FBF,0x7FFF,0x269F,0x025D,0x00F7,0x00D3,0x00B0,0x008E,0x008B,0x006A,
  0x4050,0x404E,0x406C,0x506C,0xB0AD,0xFB90,0xFDD3,0xFD52,0xF252,0x7814,0x397A,0x09FF,0x015E,0x0AFF,0x4E3F,0x97FF,
  0xBF5F,0x6CBF,0x329F,0x28DF,0x483C,0x4838,0x4836,0x5035,0x5836,0x6819,0x701A,0x7839,0x7819,0x7019,0xB01D,0xF8BF,
  0xFA5F,0xF9DF,0xC01D,0x5814,0x5011,0x5032,0x6015,0x5813,0x5011,0x6011,0x6871,0x8073,0x9815,0x8034,0xBA19,0xF3DD,
  0xFDBF,0xFF3F,0xFEFF,0xFD3F,0xF39F,0xDA7D,0xB93C,0xB85C,0xA81B,0x8818,0x9019,0x981B,0x901A,0x7817,0x7817,0x901B,
  0x981C,0x981C,0x8818,0x6815,0x6010,0x784F,0xC9D9,0xF47D,0xFE1F,0xFD5F,0xF29D,0xD058,0xB013,0x700C,0x482A,0x2807,
  0x1804,0x4889,0x592C,0x0828,0x0195,0x1930,0x0800,0x1083,0x0843,0x0000,0x0841,0x0000,0x108A,0x4235,0x31AF,0x08CB,
  0x08ED,0x110E,0x08ED,0x090E,0x08EC,0x09F5,0x0153,0x01F5,0x039F,0x043E,0x2EFF,0xE7FF,0x5EDF,0x047F,0x047F,0x04BE,
  0x9F5F,0x1E9F,0x7D5F,0x3933,0x0870,0x2071,0x0826,0x0003,0x182B,0x2849,0xDC56,0xFB9F,0xF1FE,0xA81F,0xA81F,0xF15F,
  0xFBDF,0xF97F,0xA01F,0x781E,0x801E,0xA81E,0xF99F,0xFB3F,0xF8FF,0xFA9F,0xFD1F,0xFA3F,0x981E,0x683B,0x581A,0xA05E,
  0xD87F,0x709B,0x28B0,0x28AF,0x28AE,0x38EF,0x28CE,0x20AD,0x20AD,0x20AD,0x2A19,0x549F,0x54FF,0x3B7F,0x2A1C,0x29D8,
  0x2174,0x1910,0x18CC,0x1068,0x1089,0x190E,0x2172,0x2993,0x2994,0x2193,0x2151,0x18EE,0x18CC,0x18CC,0x30AD,0x88CF,
  0xC111,0xD971,0xE932,0x98D2,0x28EF,0x20AB,0x20EE,0x2951,0x2951,0x2930,0x210F,0x20EF,0x210F,0x2931,0x290F,0x20CD,
  0x30EF,0x4110,0x30EE,0x210E,0x210E,0x20CD,0x20AB,0x28AC,0x38CE,0x308B,0x2068,0x2067,0x2868,0x2868,0x2868,0x2869,
  0x3069,0x38AA,0x69CB,0xCB8B,0xFF14,0xF52A,0xC1A2,0x80E2,0x8A48,0x922C,0x716D,0x3088,0x1043,0x1043,0x0845,0x0069,
  0x0026,0x0023,0x08CF,0x00D1,0x0023,0x0006,0x082B,0x0828,0x0022,0x1800,0x1023,0x096D,0x50D1,0xB05F,0xB09F,0x081D,
  0x003B,0x087A,0x005A,0x049F,0x00DF,0x007D,0x005B,0x007D,0x035F,0x05BF,0x05FF,0x023F,0x009F,0x005F,0x007F,0x325F,
  0x189F,0x185D,0x185A,0x0815,0x2013,0x3814,0x5014,0xB037,0x8871,0x884E,0xB02D,0xC82B,0xD809,0xF049,0xF006,0xF0C4,
  0xF9C2,0xF280,0xF240,0xFD42,0xFB40,0xF280,0xFF2D,0xFF97,0xFFFF,0xFF12,0xD8EC,0x888C,0x58CB,0x408B,0x308B,0x286B,
  0x206B,0x206B,0x186B,0x186C,0x186C,0x20F8,0x6A9F,0x72FF,0x21BE,0x00F8,0x0119,0x013C,0x01BE,0x027F,0x037F,0x047F,
  0x061F,0x67DF,0xAFFF,0x8FFF,0x8FFF,0xA7FF,0x9FFF,0x87FF,0x1EBF,0x027E,0x00F8,0x00F5,0x00B1,0x00AE,0x008C,0x006A,
  0x386F,0x384E,0x406C,0x506C,0xB8ED,0xFCD2,0xFF37,0xFE96,0xFB14,0x71B9,0x02BF,0x025F,0x2D7F,0x4FFF,0x469F,0x231F,
  0x29FF,0x3A9F,0x4AFF,0x421F,0x409C,0x4015,0x4033,0x4833,0x6018,0x883E,0x803D,0x681A,0x5017,0x4813,0x7017,0xB81E,
  0xE07F,0xE87F,0xA01C,0x5833,0x4811,0x5813,0x8018,0x9918,0xB1F7,0xCA1A,0xD91B,0xE91D,0xEA9D,0xE3FD,0xFC9F,0xFB7F,
  0xE23E,0xB8FA,0x9878,0x7815,0x7014,0x7815,0x6814,0x6013,0x580F,0x582F,0x7034,0x6855,0x6836,0x6836,0x6035,0x6817,
  0x6017,0x5815,0x7016,0x7838,0x7839,0x480E,0x380A,0x680E,0x9893,0xDAB9,0xFCDE,0xFD5F,0xFB9D,0xD8F6,0xA811,0x500B,
  0x3809,0x1804,0x0802,0x0824,0x0826,0x28E6,0x1041,0x0842,0x1087,0x0843,0x28A7,0x1066,0x0001,0x212F,0x39F4,0x3212,
  0x112E,0x08ED,0x110E,0x090E,0x090E,0x0950,0x01D5,0x00CD,0x02DB,0x039F,0x047F,0x5F3F,0xD7FF,0x26BF,0x04DF,0x041D,
  0x55DF,0x7F7F,0x2D5F,0xB39C,0x18B0,0x0850,0x104A,0x0002,0x184A,0x100B,0x82AC,0xFD7E,0xE09F,0xA81E,0xB81E,0xD83F,
  0xFA3F,0xF9FF,0xB81F,0x781E,0x801E,0x981E,0xF0FF,0xFAFF,0xFA9F,0xFB3F,0xFC7F,0xF9FF,0xA01E,0x681B,0x601B,0xA05E,
  0xD87F,0x707A,0x28B0,0x20AE,0x410F,0x81B2,0x6971,0x38EF,0x20AE,0x20AD,0x2154,0x2A9C,0x32FC,0x2A19,0x2174,0x1973,
  0x1972,0x1951,0x190E,0x108A,0x18CC,0x2153,0x2995,0x2152,0x190F,0x18CC,0x10AB,0x1089,0x1069,0x18CC,0x6111,0xF215,
  0xFBF6,0xFCB6,0xFB77,0xC997,0x3112,0x20AC,0x20EE,0x2931,0x2951,0x3172,0x3173,0x2951,0x290F,0x20EE,0x20CD,0x18AC,
  0x28EE,0x310F,0x20CC,0x18AB,0x20AB,0x1889,0x1869,0x288B,0x308C,0x286A,0x2067,0x2067,0x2048,0x2848,0x2868,0x3869,
  0x488A,0x8A0D,0xC450,0xF719,0xF449,0xE243,0xE325,0xFCAD,0xA26D,0x4069,0x4108,0x1062,0x0044,0x10EC,0x08EE,0x0089,
  0x0886,0x0047,0x3170,0x312E,0x188B,0x184E,0x000B,0x002D,0x086D,0x0824,0x0802,0x012E,0x210F,0xB83C,0xE8DF,0x505D,
  0x001B,0x41BD,0x419F,0x559F,0x10FF,0x001E,0x001C,0x005E,0x033F,0x1D9F,0x153F,0x017F,0x001F,0x003F,0x001F,0x82BF,
  0x691E,0x181C,0x1817,0x1814,0x1011,0x3011,0x6814,0xA014,0x780B,0x880A,0xA02B,0xD84B,0xE009,0xF808,0xF006,0xB928,
  0xD164,0xFAA2,0xEAC1,0xF460,0xFA80,0xFAC0,0xFEE8,0xFF78,0xFFFE,0xFE2F,0xD06C,0x80AC,0x58CC,0x408B,0x308B,0x206B,
  0x186A,0x186B,0x186C,0x188C,0x186C,0x1917,0x52DF,0x637F,0x1A1F,0x011A,0x013B,0x01FE,0x04BF,0x167F,0x2F1F,0x4F9F,
  0x67DF,0x97FF,0xAFFF,0x9FFF,0x77FF,0x4FDF,0x273F,0x0E3F,0x041F,0x01BD,0x013A,0x00F6,0x00D2,0x00AF,0x008C,0x008B,
  0x306E,0x386E,0x406C,0x484C,0xB0CD,0xFBF2,0xFE35,0xFDF6,0xEC59,0x233F,0x13DF,0x5F7F,0x575F,0x1B7F,0x085B,0x281B,
  0x311F,0x3A3F,0x4ABF,0x4A1F,0x40BE,0x4015,0x4032,0x4814,0x885D,0xD1BF,0xC9DF,0xA8DF,0x783C,0x5016,0x5015,0x7019,
  0x901C,0xA01D,0x7818,0x5012,0x6072,0xB238,0xF3BE,0xEA7D,0xD17A,0xEA1C,0xFB9E,0xFCFF,0xFBFF,0xD1BD,0x8898,0x6034,
  0x382F,0x186C,0x188C,0x20AE,0x20CF,0x28B0,0x406E,0x1825,0x1026,0x1848,0x304C,0x304D,0x402F,0x5811,0x5810,0x6011,
  0x6814,0x7095,0x5833,0x4813,0x5815,0x6016,0x400F,0x2828,0x3809,0x500A,0x780D,0xA8F3,0xDB39,0xFCBE,0xFB9C,0xC0D4,
  0x580B,0x402B,0x2828,0x1004,0x0802,0x1882,0x0000,0x0001,0x0002,0x30E8,0x1084,0x0868,0x1065,0x0865,0x10CE,0x2170,
  0x3253,0x2190,0x08CC,0x090D,0x090D,0x090E,0x0992,0x09F3,0x0192,0x033F,0x031F,0x0C9F,0x2E3F,0x87BF,0x3EDF,0x045E,
  0x0C5E,0xB77F,0x3E5F,0x7C5F,0x9AD8,0x084E,0x084E,0x0003,0x0827,0x182D,0x3887,0xF514,0xD8DF,0xC81E,0xC81E,0xB01E,
  0xF0DF,0xFADF,0xE0FF,0x801E,0x801E,0x881E,0xB03F,0xE8BF,0xF99F,0xFAFF,0xFAFF,0xF89F,0xA01E,0x681B,0x601B,0xA05E,
  0xD83F,0x705A,0x28B1,0x28AE,0x410F,0x91B2,0x9192,0x5110,0x28CE,0x188B,0x18AC,0x18EF,0x1910,0x2152,0x21D7,0x2A39,
  0x2A3A,0x29D8,0x2131,0x10AA,0x1089,0x18CC,0x18EE,0x18CD,0x18CC,0x18CC,0x18CD,0x10AB,0x18CC,0x2972,0x81D8,0xFB19,
  0xFC97,0xFCB7,0xFB58,0xB977,0x3112,0x20AC,0x290F,0x2952,0x2930,0x3151,0x3173,0x3172,0x2931,0x20EE,0x18AB,0x18AB,
  0x210E,0x210E,0x18CB,0x20AB,0x208A,0x1868,0x1867,0x2068,0x2069,0x2868,0x2068,0x2868,0x2868,0x3069,0x3069,0x3809,
  0x690C,0xC450,0xFED6,0xFC8A,0xF4AA,0xFCA8,0xFC4B,0xA1EB,0x3886,0x5966,0x8A8B,0x18EC,0x110F,0x112E,0x006A,0x084A,
  0x2932,0x000C,0x000E,0x1051,0x2093,0x38D3,0x50B3,0x406E,0x082C,0x086F,0x0008,0x00AD,0x0172,0x58B7,0xE0BF,0xA85E,
  0x001B,0x105C,0x9A3E,0xC5BF,0x40BF,0x307E,0x18BE,0x089F,0x435F,0x757F,0x645F,0x28BF,0x001F,0x001F,0x305F,0xCB9F,
  0x68DE,0x501D,0x4859,0x1813,0x2812,0x4812,0x8816,0xC035,0x800A,0x9809,0x9807,0xB007,0xE828,0xC806,0x6929,0x41A9,
  0x30A2,0x8122,0xFCAA,0xFCC3,0xFA60,0xFB61,0xFEA3,0xFF57,0xFFFA,0xFD4C,0xC02C,0x70CC,0x50AC,0x388B,0x288B,0x206B,
  0x186B,0x186B,0x188C,0x188C,0x188D,0x1917,0x4AFF,0x63BF,0x1A3F,0x013B,0x013D,0x037F,0x279F,0x87FF,0x9FFF,0x9FFF,
  0x87FF,0x97FF,0xA7FF,0x479F,0x05FF,0x049F,0x039F,0x02FF,0x031F,0x025E,0x015B,0x0117,0x00F3,0x00B0,0x008D,0x006B,
  0x286C,0x306D,0x386C,0x406C,0x706E,0xD971,0xFA33,0xF2D7,0x43FE,0x2DBF,0x67FF,0x34FF,0x093E,0x183B,0x3055,0x3056,
  0x307B,0x30DE,0x395F,0x415F,0x48DE,0x4836,0x4031,0x4836,0x989E,0xEADF,0xF3DF,0xD2BF,0xA8DF,0x701A,0x6818,0xA03D,
  0xC01E,0xD01E,0xB0FB,0xB319,0xFBFE,0xF21E,0xC07C,0xD9BC,0xEBFD,0xD47F,0xAADD,0x78DA,0x4836,0x3093,0x288C,0x28AD,
  0x28AD,0x208D,0x30AF,0x30AE,0x286C,0x1848,0x1849,0x208C,0x208D,0x208D,0x188C,0x186D,0x206D,0x302F,0x5070,0x402F,
  0x4810,0x88B4,0x482D,0x380D,0x5031,0x4813,0x5015,0x300C,0x1805,0x3028,0x2827,0x2805,0x4808,0x782D,0xBA54,0xF35B,
  0xD197,0x482A,0x3029,0x2028,0x1026,0x0002,0x0002,0x0002,0x28A6,0x1844,0x0002,0x0002,0x0001,0x0000,0x10C9,0x18EE,
  0x190E,0x31F1,0x2190,0x08EC,0x08ED,0x090D,0x00ED,0x09B1,0x0235,0x031E,0x02FF,0x031F,0x03DF,0x46BF,0x8FFF,0x25FF,
  0x039F,0x65DF,0x9F7F,0x0C1F,0x533F,0x7274,0x000C,0x0025,0x0006,0x204D,0x180B,0xBBAA,0xFAFA,0xE81F,0xD03F,0x881F,
  0xE0BF,0xFBFF,0xFA5F,0xA81F,0x801E,0x901E,0x901F,0x981F,0xE89F,0xFADF,0xF9BF,0xD01F,0x983E,0x701C,0x601A,0xA03E,
  0xD83F,0x811E,0x2998,0x20F2,0x20AD,0x38CD,0x40ED,0x30CD,0x208B,0x1869,0x1869,0x188A,0x20EE,0x2195,0x2A19,0x2A19,
  0x21D7,0x1953,0x18CD,0x1067,0x1067,0x10AA,0x18EE,0x2151,0x2174,0x29B5,0x29B5,0x2130,0x210F,0x31B6,0x69DA,0xEA39,
  0xFAB6,0xFAB5,0xFA36,0xA936,0x3132,0x20AD,0x210F,0x2953,0x2911,0x20EE,0x210F,0x210F,0x20EF,0x18CD,0x188A,0x1069,
  0x18AB,0x188A,0x1869,0x2069,0x2069,0x1848,0x1847,0x1848,0x2068,0x2868,0x2869,0x3089,0x38AA,0x3049,0x48AA,0x8A6F,
  0xBBAE,0xF5CE,0xFD0A,0xFEB0,0xFDAB,0xFA84,0xAA4A,0x3864,0x7187,0xD2EB,0x310C,0x1110,0x194F,0x0087,0x0009,0x63BB,
  0x439D,0x0139,0x00BA,0x009A,0x00B8,0x0855,0xD15F,0xF0DF,0x3010,0x006C,0x088F,0x002A,0x0AB4,0x02F8,0x191C,0x487B,
  0x087D,0x081C,0xAA5E,0xDE1F,0x797F,0x71DE,0x293F,0x40FF,0x931F,0xACDF,0x939F,0x605F,0x301F,0x285F,0x601F,0xDAFF,
  0x88DF,0x583E,0x585A,0x3835,0x4013,0x5014,0xA058,0xE078,0x9809,0xB008,0xA807,0xC006,0xB005,0x30E7,0x10E6,0x2000,
  0x3000,0x1800,0x6082,0xF52B,0xFAC0,0xFC01,0xFEA3,0xFF7A,0xFFF4,0xF46D,0xA80C,0x60CC,0x48AB,0x308B,0x288B,0x206B,
  0x206B,0x186B,0x188C,0x188D,0x188D,0x10F7,0x42DF,0x5B9F,0x1A3F,0x015C,0x017D,0x03DF,0x2F9F,0x7FFF,0x57DF,0x2F3F,
  0x16DF,0x57BF,0x9FFF,0x271F,0x03DF,0x03DF,0x053F,0x163F,0x271F,0x05BF,0x023E,0x0119,0x00F4,0x00D1,0x008D,0x008B,
  0x206B,0x206B,0x286B,0x386B,0x408D,0x58B0,0x7015,0x3BBD,0x273F,0x5E7E,0x1A7E,0x109E,0x2079,0x2875,0x3053,0x3836,
  0x305B,0x305C,0x303C,0x407E,0x407C,0x4033,0x3831,0x4837,0x80BE,0xC1FF,0xCA7F,0xC23F,0xA8DF,0x803C,0x981C,0xE81F,
  0xF9BF,0xFC7F,0xFCBF,0xFA3F,0xB81B,0x8917,0xABDB,0xB41E,0x61FC,0x30B8,0x2876,0x30D2,0x3931,0x38CF,0x40F0,0x20B0,
  0x208F,0x208C,0x1868,0x1848,0x208B,0x18AC,0x108C,0x188C,0x188B,0x188B,0x188C,0x188D,0x30AF,0x306D,0x184C,0x182C,
  0x204C,0x202E,0x282D,0x302C,0x504E,0x380D,0x4010,0x5013,0x400D,0x1805,0x300A,0x2006,0x1824,0x2004,0x3005,0x5007,
  0x9931,0xA111,0x3806,0x3807,0x1026,0x1026,0x1826,0x0804,0x38E8,0x2084,0x0000,0x1022,0x50A4,0x0000,0x0822,0x210E,
  0x190E,0x18ED,0x29B1,0x3233,0x090D,0x00EC,0x010D,0x00ED,0x0192,0x01B3,0x02BE,0x027D,0x035E,0x041D,0x365E,0x97FF,
  0x2D5F,0x045F,0xB7BF,0x357F,0x02DF,0x533E,0x510C,0x0004,0x0025,0x184C,0x200D,0x7A2B,0xFCD1,0xF93F,0xC01F,0x801F,
  0xC85F,0xFB9F,0xFBDF,0xE09F,0x901F,0x903F,0x981F,0x901F,0xD87F,0xFB3F,0xFA1F,0xB01F,0x883E,0x781C,0x601A,0x981D,
  0xC05F,0x71FF,0x223D,0x2113,0x206C,0x186A,0x188A,0x186A,0x1869,0x1869,0x186A,0x188B,0x20AC,0x20CE,0x210F,0x1931,
  0x1953,0x2152,0x190F,0x108A,0x1089,0x18EE,0x2153,0x29B6,0x31F8,0x3219,0x31F8,0x2952,0x2130,0x31B7,0x6199,0xD9D7,
  0xFAD6,0xFB76,0xFAF7,0xB176,0x2910,0x188A,0x18AC,0x2110,0x2110,0x18EE,0x18CC,0x18AB,0x18AA,0x1889,0x1068,0x1047,
  0x1847,0x1847,0x1848,0x1847,0x1847,0x1847,0x1847,0x2068,0x2069,0x2869,0x308A,0x40AB,0x386B,0x69CD,0xAB70,0xA26B,
  0xE611,0xFECB,0xFE6D,0xFD29,0xE9E2,0x81A6,0x40C3,0xC288,0xEAEA,0x594A,0x00CE,0x2191,0x10EA,0x08C7,0x086B,0x33BD,
  0x8EFF,0x8EFF,0x34BF,0x02FF,0x021F,0x28FC,0xE05E,0xF87F,0x5897,0x0029,0x008C,0x008C,0x002A,0x018C,0x0315,0x023A,
  0x1158,0x10F8,0x697D,0xE5DF,0x91DF,0x481F,0x201F,0x381F,0xBA9F,0xCCBF,0xBB9F,0xA01F,0x989F,0x487F,0x989F,0xF3DF,
  0xA09F,0x681E,0x605B,0x5817,0x8838,0x9838,0xE03B,0xE016,0xD00A,0xD828,0xC806,0xA804,0x3108,0x18C5,0x4806,0x6048,
  0x8801,0xD204,0x6184,0xA2A6,0xFB82,0xF480,0xFEA4,0xFFDE,0xFF72,0xEB6F,0x902C,0x58CC,0x40AB,0x308B,0x288B,0x206B,
  0x206B,0x186B,0x188C,0x188D,0x186D,0x10F6,0x3ABF,0x5B7F,0x1A3F,0x015C,0x019D,0x02BF,0x055F,0x0DFF,0x04DF,0x03DE,
  0x04BE,0x377F,0xA7FF,0x479F,0x0EDF,0x3F7F,0x67FF,0x8FFF,0xA7FF,0x379F,0x031F,0x011A,0x0114,0x00B1,0x008D,0x008B,
  0x206D,0x206C,0x286B,0x286A,0x30AC,0x380F,0x1B5A,0x1FBF,0xA43C,0x409B,0x207C,0x30B9,0x2873,0x3051,0x3812,0x387A,
  0x31BF,0x29DF,0x293F,0x309D,0x3815,0x380F,0x3810,0x4035,0x587C,0x70BF,0x70BE,0x90DF,0xA03F,0xA01E,0xC8FE,0xFC1F,
  0xFD7F,0xFABF,0xC01D,0x7838,0x8338,0x7BBC,0x41FD,0x20BA,0x30F6,0x3933,0x4111,0x30EE,0x18AD,0x18CE,0x20F0,0x20AC,
  0x1045,0x0865,0x108A,0x18AC,0x18AC,0x10AC,0x10AC,0x18AC,0x18AC,0x108B,0x108A,0x106A,0x0829,0x1049,0x104A,0x186A,
  0x106A,0x108C,0x188C,0x186C,0x284E,0x284E,0x202D,0x282C,0x402E,0x2808,0x1005,0x280A,0x2007,0x1804,0x1804,0x1804,
  0x1803,0x3826,0x2003,0x5808,0x684C,0x1805,0x0804,0x1825,0x0803,0x0803,0x0802,0x0000,0x2043,0x2863,0x0800,0x2848,
  0x210F,0x190D,0x18EC,0x192F,0x19B2,0x112E,0x00ED,0x010E,0x0130,0x010E,0x0278,0x025C,0x02BC,0x035E,0x04DF,0x0E1F,
  0x4E9F,0x159F,0x667F,0xBF9F,0x03DE,0x02BE,0x529A,0x2886,0x0003,0x1049,0x280E,0x40AE,0xE4EE,0xEAB8,0xB83F,0x881E,
  0xA81F,0xFA3F,0xFC9F,0xF9BF,0xC01F,0x901F,0x903F,0xA01F,0xE8DF,0xFC7F,0xFB1F,0xB81F,0x781C,0x6819,0x4815,0x5817,
  0x785B,0x4139,0x1935,0x20AF,0x208C,0x288B,0x208B,0x208A,0x208A,0x186A,0x186A,0x186A,0x186A,0x1869,0x188A,0x2110,
  0x29F8,0x325B,0x29D7,0x190F,0x18CD,0x2153,0x2995,0x2974,0x2994,0x31D6,0x31F8,0x2973,0x2152,0x31D7,0x71D9,0xEA38,
  0xFB17,0xFB37,0xFA57,0x9134,0x20CD,0x1069,0x1869,0x18AC,0x18AC,0x18AB,0x1089,0x1068,0x1868,0x1868,0x1848,0x1847,
  0x1847,0x1847,0x1847,0x1848,0x1868,0x2068,0x2089,0x288A,0x28AB,0x308B,0x38AB,0x408B,0x928F,0xA30F,0x8167,0xDE14,
  0xFFD2,0xFD85,0xFCE4,0xE263,0x60C2,0xB46C,0xE34A,0xCA8A,0x920A,0x008A,0x10EE,0x08AA,0x08A6,0x10E9,0x086A,0x2157,
  0x021C,0x3D3F,0xA7BF,0xAF9F,0x55DF,0x0B3F,0x413F,0xA9BF,0x38B8,0x000A,0x8818,0x3070,0x006C,0x0008,0x0003,0x00C9,
  0x00CE,0x00D1,0x0073,0x2956,0x60F8,0x483A,0x381F,0x701F,0xEAFF,0xFF1F,0xF43F,0xD01F,0x807F,0x283F,0x683F,0xFADF,
  0xA05F,0x681E,0x4019,0x7818,0xF01E,0xE83D,0xF81C,0xF817,0xF80A,0xF808,0xD806,0x2885,0x10C5,0x2000,0x9028,0xE219,
  0xA1D0,0xDA29,0xC430,0xB44F,0xFC02,0xF4E0,0xFEC8,0xFFDE,0xFED0,0xC9CE,0x706C,0x50CC,0x38AB,0x288B,0x208B,0x208B,
  0x188B,0x188C,0x188C,0x188D,0x188D,0x10F6,0x3ABF,0x5B9F,0x1A5F,0x017C,0x019D,0x01DE,0x02DF,0x039F,0x045F,0x053F,
  0x0E9F,0x67DF,0xAFDF,0x9FFF,0x8FFF,0xA7FF,0xA7FF,0x8FFF,0x6FFF,0x1E9F,0x029E,0x0119,0x00F4,0x00D1,0x00AE,0x008B,
  0x206D,0x206C,0x204A,0x206A,0x280B,0x19F4,0x161E,0x9A19,0xC816,0x5096,0x30B7,0x3074,0x2850,0x302F,0x3812,0x38DD,
  0x4B3F,0x5C3F,0x435F,0x31BF,0x3057,0x300E,0x3830,0x3833,0x405B,0x58DF,0x509E,0x601E,0xB09F,0xE39F,0xFCDF,0xFA9F,
  0xD01E,0x781B,0x7A59,0x83DC,0x4A3E,0x28FC,0x38F7,0x4932,0x410F,0x20AD,0x18AD,0x18AD,0x20CE,0x18CD,0x0886,0x0844,
  0x10AB,0x18CE,0x18AD,0x10AB,0x10AB,0x18AB,0x10AA,0x1089,0x0868,0x0846,0x1047,0x1848,0x184A,0x208D,0x186C,0x104A,
  0x084A,0x106B,0x104A,0x0849,0x0848,0x104A,0x206E,0x204F,0x184D,0x202D,0x282B,0x2009,0x2008,0x1807,0x1004,0x1804,
  0x1003,0x0801,0x0801,0x0000,0x4827,0x988F,0x688B,0x2805,0x1806,0x1825,0x1005,0x1024,0x3065,0x2042,0x0001,0x3804,
  0x4069,0x10EC,0x190D,0x10ED,0x1971,0x19B2,0x0971,0x010E,0x012F,0x012F,0x09F1,0x027C,0x023C,0x027D,0x03FF,0x047F,
  0x03BF,0x46DF,0x163F,0xCFDF,0x4DBF,0x029D,0x0ABE,0x5A13,0x0802,0x0006,0x302D,0x300D,0xB3CF,0xD370,0xD97F,0xC81F,
  0xA81F,0xE91F,0xFC7F,0xFB1F,0xF97F,0xD87F,0xA03F,0xD81F,0xF95F,0xFC1F,0xFA1F,0x981D,0x5817,0x4814,0x3832,0x6016,
  0x801B,0x4856,0x208F,0x208D,0x208C,0x28AD,0x30ED,0x592E,0x48ED,0x208B,0x208B,0x208C,0x28AD,0x208D,0x208C,0x20EF,
  0x29D7,0x327B,0x2A19,0x1931,0x18EF,0x29D7,0x3A3A,0x31D6,0x2973,0x2172,0x2974,0x2952,0x2130,0x2974,0x4196,0xA175,
  0xB973,0x9131,0x7112,0x38D0,0x18AC,0x1069,0x1068,0x1869,0x1869,0x1869,0x1068,0x1068,0x1868,0x2069,0x2069,0x1868,
  0x1868,0x1868,0x1869,0x206A,0x2069,0x208A,0x28AC,0x30CC,0x30AC,0x38AB,0x388A,0x50EA,0x60C8,0x7126,0xEEF8,0xFFB6,
  0xFD65,0xFD25,0xE469,0x5861,0x8A64,0xFCCC,0xBA4A,0xA188,0x292A,0x08CB,0x0889,0x0022,0x0886,0x10CC,0x0069,0x4951,
  0x10F8,0x0118,0x039E,0x565F,0xBFDF,0xC7FF,0x9F3F,0x65DF,0x031E,0x0116,0x7019,0xD81D,0x4054,0x00B2,0x004D,0x0005,
  0x0004,0x0003,0x282D,0x280F,0x002C,0x0848,0x102D,0x5879,0xA8FE,0xE39F,0xF95F,0xE01F,0x785F,0x281F,0x881F,0xF91F,
  0xB83F,0xA81E,0xB01D,0xD81E,0xF83F,0xF83E,0xF01B,0xF016,0xF80C,0xE806,0x5066,0x18E7,0x0800,0x0000,0x0800,0x6045,
  0xCA15,0xD230,0x8353,0x857F,0xDD75,0xFE02,0xFF0C,0xFFFC,0xFE2E,0xB10E,0x60AC,0x40CC,0x30AB,0x288B,0x208B,0x208B,
  0x188B,0x188C,0x188C,0x188D,0x188D,0x08F6,0x3ABF,0x63BF,0x227F,0x017D,0x01DE,0x03BF,0x059F,0x1EDF,0x4F9F,0x67FF,
  0x7FFF,0xA7DF,0xB7DF,0xAFDF,0x7FDF,0x479F,0x271F,0x0E3F,0x051F,0x035F,0x019C,0x0138,0x00F4,0x00D1,0x008E,0x008C,
  0x206D,0x206C,0x206B,0x204A,0x30CD,0x2BD8,0x2912,0x6830,0x50B1,0x3892,0x3874,0x3052,0x282E,0x302E,0x3811,0x38BB,
  0x429F,0x5BDF,0x4B9F,0x3A3F,0x389B,0x3830,0x3830,0x4014,0x48BC,0x613F,0x609F,0xAA9F,0xFD1F,0xFB7F,0xC05E,0x681C,
  0x58BB,0x93DD,0x839F,0x315E,0x28D6,0x38EE,0x30CD,0x18AD,0x10AD,0x18CE,0x18CF,0x20EF,0x18CD,0x384A,0x282B,0x2072,
  0x2091,0x186F,0x186D,0x206D,0x208D,0x1069,0x0868,0x106A,0x184B,0x288F,0x188E,0x188C,0x10AB,0x088A,0x0869,0x0868,
  0x108A,0x0848,0x106A,0x186A,0x1028,0x1047,0x1047,0x0827,0x1048,0x0827,0x1007,0x1026,0x0825,0x1828,0x1026,0x0803,
  0x1004,0x1003,0x0801,0x0801,0x0000,0x2823,0xC9F2,0xDA75,0x8009,0x3806,0x3028,0x2806,0x3085,0x3823,0x1001,0x0000,
  0x3022,0x0843,0x190D,0x190E,0x10EC,0x110E,0x11D4,0x0992,0x092F,0x010E,0x00AA,0x0216,0x027D,0x12BC,0x02BF,0x02FF,
  0x02DE,0x0BDF,0x1E7F,0x675F,0xC79F,0x035F,0x027C,0x2A39,0x4189,0x0003,0x302D,0x380E,0x71CF,0xA2AD,0xF3FC,0xF8DF,
  0xC05F,0xF0BF,0xFAFF,0xFAFF,0xFB9F,0xF93F,0xA01E,0xB01E,0xF03F,0xF8DF,0xD05E,0x6019,0x5817,0x5015,0x4814,0x903C,
  0xC05F,0x615D,0x1976,0x20CF,0x20AD,0x20CE,0x4950,0x99F2,0x7990,0x28EE,0x28AE,0x30CF,0x38D1,0x38D1,0x28AE,0x20AC,
  0x210F,0x2994,0x29B6,0x1910,0x18ED,0x2995,0x3A5B,0x3A3A,0x31F7,0x2194,0x2151,0x18EE,0x18AB,0x18ED,0x210F,0x310F,
  0x30CD,0x20AB,0x28AC,0x28AD,0x20AB,0x1869,0x1868,0x1869,0x208B,0x186A,0x1068,0x1068,0x1868,0x186A,0x1869,0x1869,
  0x188A,0x188A,0x208B,0x288B,0x288A,0x288A,0x288A,0x288A,0x3089,0x3889,0x4889,0x4848,0x8168,0xF675,0xFF33,0xFD86,
  0xFD88,0xF3C9,0xC1E5,0xD3A6,0xFCCD,0xBA6B,0xA126,0x718A,0x08EC,0x3128,0x3146,0x10A6,0x312D,0x08CD,0x0065,0x3068,
  0x10D5,0x00B3,0x0156,0x035E,0x049F,0x5E7F,0x6E1F,0xB79F,0x8EFF,0x03BE,0x095C,0x789D,0xB83D,0x4878,0x00D5,0x006B,
  0x0026,0x0002,0x1001,0x4005,0x5007,0x3006,0x1004,0x0047,0x0891,0x3978,0x90BC,0xD01E,0x783F,0x381F,0x885F,0xF11F,
  0xE03F,0xE01F,0xC81D,0xE83E,0xF85F,0xF83E,0xF81B,0xF815,0xB84B,0x68EC,0x1885,0x0021,0x0000,0x0842,0x0041,0x0000,
  0x4802,0xA069,0x8C75,0xEFDF,0x9D7F,0xB51A,0xFF79,0xFFF6,0xED4C,0x886D,0x58CC,0x40AC,0x30AB,0x208B,0x208B,0x208B,
  0x188C,0x188C,0x188C,0x18AD,0x188D,0x08F6,0x3A9F,0x63BF,0x229F,0x017E,0x031F,0x1EDF,0x77FF,0x9FFF,0xB7FF,0xA7FF,
  0x9FDF,0xAFDF,0xBFDF,0xA7DF,0x2FBF,0x057F,0x035F,0x02DF,0x025F,0x01BE,0x017A,0x0138,0x00F4,0x00D2,0x008E,0x008C,
  0x3891,0x388F,0x286C,0x202A,0x392C,0x28AC,0x204A,0x20AC,0x288D,0x3090,0x3872,0x3050,0x302D,0x302D,0x382F,0x3035,
  0x30BD,0x313E,0x311E,0x40FF,0x483C,0x4012,0x4031,0x4836,0x489D,0x7A3F,0xE47F,0xFB9F,0xD11E,0x581D,0x181C,0x725D,
  0xA3FE,0x523D,0x2098,0x28F1,0x18AC,0x10AE,0x18D0,0x18CF,0x18CE,0x10AB,0x1068,0x1067,0x0022,0x3828,0x2809,0x1006,
  0x1004,0x0804,0x0803,0x0803,0x0803,0x0803,0x0824,0x1848,0x580F,0x402E,0x0045,0x1869,0x0828,0x0847,0x0047,0x0026,
  0x0846,0x0026,0x0027,0x0026,0x0004,0x0004,0x0003,0x0004,0x0004,0x0003,0x0023,0x0024,0x0025,0x0025,0x0825,0x0824,
  0x0803,0x0803,0x0802,0x0801,0x0801,0x1021,0x3001,0xC230,0xFC5A,0xC0CE,0x6008,0x4028,0x2005,0x2003,0x3042,0x0000,
  0x0000,0x0000,0x0822,0x18EC,0x190D,0x10EC,0x08ED,0x092F,0x09B2,0x0991,0x00EC,0x00CC,0x0218,0x235A,0x02DD,0x029E,
  0x02DE,0x029D,0x02DE,0x0D3F,0xCFFF,0x3D3F,0x025C,0x0178,0x5A94,0x1063,0x100A,0x482F,0x404F,0x58AF,0xE5F7,0xF9FF,
  0xC01F,0xD03E,0xE85F,0xD87F,0xF17F,0xE85F,0x801B,0x781B,0xE05F,0xF8FF,0xD85F,0x7019,0x5817,0x5017,0x4817,0x983E,
  0xE2BF,0x857F,0x1C5F,0x19D7,0x28CF,0x20EF,0x3930,0x69B3,0x5951,0x28CE,0x28CF,0x30D0,0x38F2,0x38F2,0x30AF,0x208D,
  0x20AE,0x2931,0x2153,0x18EE,0x10AA,0x2130,0x29D6,0x29F7,0x29D6,0x21B5,0x2152,0x18EE,0x108A,0x1089,0x188A,0x208A,
  0x206A,0x1869,0x206A,0x28AC,0x208B,0x1869,0x1068,0x1869,0x186A,0x1069,0x1068,0x108A,0x18AB,0x18AC,0x188A,0x188A,
  0x20AB,0x208A,0x288A,0x286A,0x2869,0x2868,0x2868,0x2868,0x3087,0x4047,0x60C9,0xAA2B,0xED32,0xFF30,0xFDE3,0xFD69,
  0xE963,0xF48D,0xFE2F,0xFC6B,0xCA8C,0x80E5,0xB1E9,0x110C,0x08A7,0x20A4,0x294A,0x616C,0x38CD,0x00CB,0x0001,0x1025,
  0x308D,0x18F1,0x00B3,0x00D5,0x0179,0x01FB,0x023E,0x2DBF,0xEFFF,0x977F,0x0CFE,0x027E,0x193E,0x609C,0x0853,0x0090,
  0x008E,0x0049,0x0046,0x0023,0x0801,0x2002,0x2004,0x0804,0x0005,0x0005,0x0806,0x380C,0x2812,0x3038,0x481D,0xD81F,
  0xF81F,0xB81B,0x6011,0xD03B,0xF87F,0xF83D,0xD836,0x706A,0x1887,0x1844,0x3801,0x5000,0x4000,0x2002,0x2067,0x1844,
  0x0000,0x1000,0x3231,0xADFE,0xFFFF,0xC65F,0xB45E,0xFF38,0xDBCE,0x700C,0x50EC,0x38AC,0x288B,0x208B,0x208B,0x208B,
  0x188C,0x188C,0x188D,0x188D,0x18AD,0x10F6,0x3ABF,0x63FF,0x22DF,0x019E,0x03DF,0x2F9F,0x97FF,0x7FFF,0x57BF,0x377F,
  0x5FBF,0xA7DF,0xB7FF,0xA7DF,0x77DF,0x16FF,0x045F,0x02BF,0x027F,0x021E,0x017B,0x0138,0x0115,0x00D2,0x00AF,0x008D,
  0x5095,0x4873,0x386F,0x286B,0x1849,0x1869,0x188A,0x206A,0x206C,0x306E,0x3070,0x304E,0x302C,0x302D,0x382F,0x3835,
  0x387C,0x38BE,0x38BE,0x48DF,0x505D,0x5014,0x4832,0x3816,0x585D,0xEA3F,0xE9FF,0x601B,0x0019,0x18DB,0x943E,0x73FE,
  0x10F8,0x1095,0x2113,0x10AB,0x10AB,0x10A9,0x0845,0x0023,0x0001,0x0000,0x0000,0x0000,0x0001,0x0000,0x0000,0x0000,
  0x0000,0x0000,0x0000,0x0000,0x0000,0x0000,0x0000,0x0000,0x0000,0x0000,0x0000,0x0822,0x0804,0x0826,0x0849,0x0028,
  0x0026,0x0027,0x0027,0x0027,0x0046,0x0026,0x0047,0x0047,0x0047,0x0047,0x0046,0x0026,0x0025,0x0025,0x0024,0x0025,
  0x0024,0x0003,0x0802,0x0802,0x0801,0x0801,0x2022,0x4002,0xB1AD,0xFC5A,0xE1B2,0x8809,0x4028,0x2805,0x6107,0x1021,
  0x0000,0x2047,0x1044,0x0001,0x190C,0x194F,0x110E,0x090C,0x00CD,0x0150,0x11D2,0x196C,0x2A93,0x3AD7,0x541A,0x6CBD,
  0x43DD,0x01DA,0x027C,0x029D,0x5E9F,0x973F,0x023C,0x21D6,0x4A57,0x5A0C,0x0004,0x202C,0x384D,0x300E,0xCCF0,0xF3FC,
  0x801B,0x881C,0x901D,0x801D,0xE03F,0xF09F,0xD01E,0xD01D,0xF95F,0xFBFF,0xFA5F,0xB01D,0x5839,0x603A,0x603B,0xC0FF,
  0xFC3F,0xA6FF,0x357F,0x21F9,0x28CF,0x2910,0x2910,0x28EF,0x28CE,0x28AE,0x30CF,0x40B1,0x50B2,0x48B2,0x30AF,0x28AE,
  0x28AE,0x20F0,0x2110,0x18AC,0x1068,0x18CC,0x1930,0x1931,0x1930,0x190E,0x18ED,0x10AB,0x1089,0x1068,0x1068,0x1869,
  0x206A,0x1869,0x1869,0x208B,0x188B,0x10AB,0x18AC,0x18AB,0x108A,0x1069,0x18AC,0x18EE,0x20EE,0x18CD,0x188A,0x2069,
  0x2069,0x2068,0x2048,0x2048,0x2867,0x2867,0x2868,0x3068,0x3827,0x692A,0xAA6B,0xCBCF,0xF794,0xFE23,0xFDA8,0xEA25,
  0xEC49,0xFF2F,0xEB09,0xD9EA,0x8147,0xA167,0x494A,0x0087,0x1042,0x190A,0x512C,0x60CA,0x190D,0x0886,0x0046,0x108A,
  0x504C,0x1867,0x10AE,0x00B5,0x00D5,0x00D6,0x09FC,0x035F,0x25DF,0xB7BF,0xDFFF,0x669F,0x0C1F,0x01FE,0x38BC,0x2051,
  0x0049,0x00B2,0x00B1,0x004A,0x0026,0x0002,0x0000,0x0000,0x0000,0x0000,0x0821,0x1802,0x1002,0x1023,0x1827,0x584F,
  0x6834,0x6031,0x680F,0xD019,0xC03A,0x6851,0x30A9,0x0842,0x0800,0x2000,0x7085,0x8169,0xA22D,0x7A8D,0x632F,0x7BF5,
  0x7C56,0xA5B9,0xCE9D,0x3A75,0x5B79,0xD6FF,0xD69F,0xCBFF,0xF4F9,0x90CC,0x506B,0x38AC,0x308B,0x288B,0x208C,0x208C,
  0x188C,0x188C,0x188D,0x18AD,0x188D,0x08F6,0x3ADF,0x643F,0x22FF,0x01BE,0x02BF,0x057F,0x1EBF,0x0DFF,0x051F,0x067F,
  0x5FDF,0xAFFF,0xAFDF,0x8FDF,0x97DF,0x87FF,0x2F7F,0x055F,0x033F,0x021F,0x019C,0x0159,0x0116,0x00D3,0x00D0,0x00AE,
  0x5895,0x5074,0x3850,0x286C,0x206A,0x2069,0x186A,0x208B,0x206B,0x286C,0x304D,0x304D,0x302C,0x382C,0x4010,0x50BC,
  0x5A9F,0x62FF,0x5ABF,0x5A3F,0x60BE,0x5836,0x5013,0x881A,0xE93E,0xC0BE,0x183B,0x001A,0x41DB,0x8CBE,0x3ADD,0x00B8,
  0x10D2,0x088A,0x0044,0x0001,0x0000,0x0001,0x0002,0x0002,0x0004,0x0005,0x0004,0x0002,0x0001,0x0000,0x0000,0x0000,
  0x0000,0x0000,0x0000,0x0001,0x0001,0x0000,0x0000,0x0000,0x0000,0x0000,0x0000,0x0000,0x0000,0x0000,0x0000,0x0000,
  0x0001,0x0024,0x0026,0x0023,0x0001,0x0001,0x0001,0x0002,0x0003,0x0003,0x0003,0x0024,0x0026,0x0026,0x0025,0x0025,
  0x0025,0x0025,0x0025,0x0003,0x0001,0x0001,0x0801,0x2022,0x3802,0x988A,0xFC59,0xFAB4,0xA00A,0x4808,0x5806,0x7867,
  0x0000,0x1824,0x3890,0x0088,0x0044,0x10A9,0x2170,0x00AC,0x5B32,0x3A0F,0x6B93,0x3A2E,0x52B0,0x3A4F,0x4271,0x5B97,
  0x63F9,0x227A,0x01B9,0x029D,0x043E,0xA7FF,0x23DE,0x29D8,0x3172,0x41F1,0x3949,0x0009,0x304C,0x200D,0xA34D,0xFDB4,
  0xA0BB,0xC81E,0xC01F,0xD03F,0xF9FF,0xFB5F,0xFA9F,0xF97F,0xF99F,0xFBBF,0xFBBF,0xE09F,0x801D,0x803E,0x781E,0xB8DF,
  0xE9FF,0x7B9F,0x22DD,0x2135,0x20CE,0x20EF,0x28EF,0x20CE,0x20AD,0x20CE,0x50B1,0xB096,0xD138,0xD0D7,0x7852,0x288D,
  0x20AC,0x18AC,0x18AC,0x108A,0x1068,0x1089,0x10AB,0x10AA,0x1089,0x1068,0x1069,0x1069,0x1889,0x1868,0x1868,0x1869,
  0x186A,0x1869,0x1068,0x186A,0x18AD,0x1930,0x2152,0x2110,0x18AC,0x188A,0x18AC,0x20CC,0x18AB,0x1889,0x1868,0x2048,
  0x2047,0x2047,0x2047,0x2867,0x2868,0x3068,0x3068,0x4068,0x81EC,0xA1EB,0xAACC,0xF794,0xFE46,0xFD48,0xF48C,0xFCC8,
  0xFEAB,0xEAE7,0xE148,0xB24A,0x8967,0x99CA,0x0886,0x0800,0x10A9,0x51AF,0x68A8,0x192D,0x192A,0x0024,0x08CD,0x0044,
  0x2808,0x0808,0x0001,0x088D,0x00B1,0x00D4,0x00B3,0x0138,0x025E,0x043F,0x669F,0xD7FF,0xCFFF,0x561F,0x323F,0x1076,
  0x0805,0x0029,0x004B,0x004A,0x0047,0x0845,0x0801,0x0801,0x0801,0x0802,0x1002,0x1802,0x1002,0x0801,0x0000,0x3843,
  0x0821,0x0022,0x0023,0x5086,0x50A7,0x0042,0x1820,0x3042,0x496C,0x4AB6,0x5B9C,0x5C3F,0x549F,0x545F,0x4BFE,0x539C,
  0x5BBB,0x63DB,0x8CFC,0xBE5D,0x63B6,0x29D2,0x8499,0xBD5F,0xDC3E,0xFD37,0x908B,0x488C,0x30AC,0x288C,0x288C,0x208C,
  0x188C,0x188C,0x188D,0x18AD,0x188D,0x08F6,0x3AFF,0x643F,0x231F,0x01BE,0x01DE,0x027F,0x031F,0x029F,0x045F,0x377F,
  0x8FFF,0x97DF,0x9FFF,0x57BF,0x37BF,0x97DF,0x9FFF,0x57DF,0x16BF,0x049F,0x021E,0x015B,0x0117,0x00F4,0x00D1,0x008E,
  0x4893,0x4873,0x4050,0x304C,0x286B,0x206A,0x20AD,0x20CF,0x288D,0x284B,0x304C,0x384D,0x302C,0x382C,0x4813,0x611F,
  0x73DF,0x843F,0x83FF,0x8ADF,0x78FE,0x8019,0xD01C,0xFB9F,0xDA3E,0x301E,0x105E,0x731D,0x73FE,0x095A,0x0074,0x10AA,
  0x0023,0x0000,0x0002,0x0003,0x0004,0x0004,0x0026,0x0049,0x0027,0x0002,0x0001,0x0001,0x0001,0x0002,0x0002,0x0002,
  0x0002,0x0002,0x0002,0x0002,0x0002,0x0002,0x0002,0x0001,0x0001,0x0001,0x0002,0x0002,0x0002,0x0003,0x0003,0x0003,
  0x0002,0x0001,0x0068,0x2190,0x2066,0x1867,0x2087,0x1867,0x0845,0x0067,0x0024,0x0001,0x0002,0x0023,0x0023,0x0002,
  0x0002,0x0003,0x0004,0x0025,0x0824,0x0002,0x0000,0x0801,0x2022,0x3803,0xA029,0xFC58,0xFB77,0xA809,0x5827,0x78A9,
  0x2803,0x0000,0x400A,0x188F,0x08CA,0x0022,0x0865,0x08CB,0x29AE,0x6B52,0x41EC,0x422E,0x4A2D,0x528E,0x5AD0,0x6312,
  0x5B14,0x4B15,0x29F4,0x00F6,0x035E,0x5EFF,0x767F,0x0179,0x00B1,0x00EF,0x624F,0x1048,0x102A,0x200E,0x7A2F,0xFD70,
  0xF29A,0xF8BF,0xF95F,0xF91F,0xFA5F,0xFBDF,0xFD1F,0xFC3F,0xFA9F,0xFB5F,0xFBDF,0xF0DF,0x881D,0x703B,0x601A,0x703C,
  0x987F,0x48B9,0x20D2,0x28CF,0x20CE,0x2911,0x2953,0x2911,0x28EE,0x28CE,0x78B4,0xF91A,0xFA3A,0xF939,0xB814,0x308D,
  0x188A,0x1869,0x108A,0x1089,0x1068,0x1068,0x1068,0x1067,0x1067,0x1068,0x108A,0x188A,0x188A,0x1069,0x1068,0x1089,
  0x108A,0x108A,0x188A,0x188B,0x20AD,0x2110,0x2131,0x20CE,0x188A,0x1868,0x1868,0x1868,0x1847,0x1847,0x1847,0x1847,
  0x2047,0x2067,0x2067,0x2868,0x3068,0x3889,0x4069,0x58EA,0x80EA,0x9A4D,0xFFB7,0xFDA4,0xFD05,0xFF12,0xFD05,0xFD26,
  0xF48A,0xE187,0xDA6B,0x8189,0xB28C,0x30C5,0x0000,0x1845,0x6A2F,0xA20D,0x206B,0x63B7,0x2128,0x18EC,0x210D,0x0003,
  0x1025,0x080A,0x306A,0x9135,0x48B0,0x008E,0x0090,0x00B1,0x0116,0x019B,0x029E,0x0CBE,0x9F9F,0x4DBF,0x01BE,0x00BB,
  0x306F,0x88D5,0x504D,0x0803,0x0844,0x1084,0x0000,0x1022,0x2023,0x0801,0x1803,0x2825,0x1804,0x0801,0x0801,0x0000,
  0x0000,0x2800,0x3001,0x4021,0x5000,0x4800,0x5820,0x68C3,0x6947,0x6988,0x7988,0x81AA,0x79EE,0x7232,0x6254,0x5234,
  0x31D4,0x2992,0x2172,0x3A35,0x6BD9,0x52F5,0x3150,0x52F5,0x931D,0xEBDB,0xF4B5,0x704C,0x40AC,0x30AC,0x288C,0x208C,
  0x188C,0x188C,0x18AD,0x18AE,0x18AD,0x10F5,0x32DF,0x63FF,0x22FF,0x01BD,0x01BE,0x021F,0x023F,0x037F,0x16DF,0x87FF,
  0x6FDF,0x57DF,0x9FFF,0x3F7F,0x061F,0x2F5F,0x8FFF,0xAFFF,0x8FFF,0x3FDF,0x04BF,0x017C,0x0116,0x00F3,0x00AF,0x008D,
  0x306F,0x4072,0x3870,0x306C,0x286B,0x206A,0x208C,0x20AE,0x208C,0x284B,0x384D,0x482F,0x402E,0x402D,0x5814,0x691F,
  0x837F,0x9C1F,0xA3FF,0xBAFF,0xD07F,0xF09F,0xFD9F,0xEB9F,0x601D,0x38DD,0x731C,0x427B,0x0096,0x0029,0x0823,0x0004,
  0x0025,0x0026,0x0027,0x0048,0x008B,0x08CF,0x008D,0x0048,0x0022,0x0002,0x0023,0x0023,0x0024,0x0023,0x0003,0x0023,
  0x0003,0x0002,0x0023,0x0002,0x0002,0x0002,0x0003,0x0002,0x0003,0x0003,0x0004,0x0005,0x0005,0x0006,0x0007,0x0007,
  0x0027,0x0049,0x002A,0x10AC,0x314F,0x18AC,0x28EE,0x3930,0x084A,0x008A,0x00AB,0x00AA,0x0089,0x08A9,0x0867,0x0023,
  0x0022,0x0022,0x0843,0x0844,0x0002,0x0824,0x0824,0x0802,0x1001,0x2022,0x4003,0x9007,0xF3B7,0xFBF8,0xB00A,0x5005,
  0x3004,0x0000,0x2004,0x402E,0x00AB,0x10CA,0x0044,0x0022,0x0003,0x6312,0x6B52,0x62F1,0x4A4F,0x39AC,0x2109,0x10A7,
  0x0067,0x0068,0x3211,0x2151,0x0159,0x0BFF,0x4EFF,0x0AFC,0x00F4,0x00D0,0x292E,0x498B,0x0009,0x182C,0x5972,0xF42F,
  0xFBD3,0xFADF,0xFB1F,0xFA3F,0xF0BF,0xF17F,0xFC1F,0xFB7F,0xF9BF,0xF99F,0xF91F,0xC01E,0x681A,0x5037,0x4837,0x683B,
  0x905F,0x5078,0x28AE,0x28AE,0x20CE,0x2932,0x3174,0x2931,0x28CE,0x28CD,0x5090,0xB075,0xD8B6,0xB874,0x584F,0x208B,
  0x1869,0x188A,0x18AC,0x18AC,0x108A,0x1068,0x1068,0x1068,0x1068,0x108A,0x10AB,0x108B,0x1069,0x1069,0x108B,0x10CC,
  0x18CD,0x18CD,0x18AC,0x188B,0x186A,0x1889,0x108A,0x1869,0x1047,0x1047,0x1047,0x1047,0x1847,0x1847,0x1847,0x1847,
  0x2067,0x2868,0x2867,0x2868,0x3868,0x4089,0x50A9,0x6828,0xA1ED,0xFF55,0xFDE6,0xFD48,0xFE6F,0xFCE7,0xFD06,0xFE50,
  0xE1E4,0xE20A,0xB1A9,0x926C,0x3905,0x2022,0x2044,0x79AB,0xC2EE,0x58C9,0x194F,0x10E8,0x006A,0x4A74,0x18EC,0x0004,
  0x0000,0x0809,0x204B,0x7054,0xA079,0x7915,0x20CC,0x006E,0x0092,0x00B4,0x0119,0x015B,0x563F,0xA75F,0x02FF,0x013D,
  0x006E,0x302F,0x78D5,0x78B0,0x4809,0x4007,0x4808,0x3807,0x3025,0x0801,0x1848,0x286B,0x0823,0x0000,0x0001,0x1001,
  0x5003,0x4002,0x3001,0x3801,0x4021,0x4062,0x3062,0x2062,0x3062,0x3862,0x4062,0x4862,0x4840,0x5880,0x78E1,0x9922,
  0xA125,0x8946,0x7969,0x594B,0x390C,0x3990,0x4A11,0x314D,0x41B1,0x89B6,0xFCB8,0xD3B2,0x600B,0x38CC,0x308C,0x288C,
  0x208C,0x188C,0x188D,0x18AE,0x18AE,0x10F4,0x223F,0x4B3F,0x1A7F,0x017D,0x01DE,0x023F,0x031F,0x063F,0x6FFF,0x97FF,
  0x173F,0x1F5F,0xA7FF,0x4FBF,0x049F,0x04DF,0x1F5F,0x6FFF,0xAFFF,0x67FF,0x053F,0x017C,0x0116,0x00D2,0x00AF,0x008D,
  0x1049,0x206C,0x306D,0x306C,0x286B,0x204A,0x1869,0x186A,0x206B,0x286B,0x404E,0x5030,0x482F,0x502F,0x6815,0x811F,
  0xAB7F,0xC3FF,0xD45F,0xF39E,0xF9DF,0xFE3F,0xF37F,0x881F,0x38BD,0x727D,0x497C,0x18F6,0x106A,0x0826,0x0049,0x006B,
  0x00AE,0x00AF,0x00D1,0x00F3,0x0113,0x00AB,0x0023,0x0001,0x0024,0x0024,0x0024,0x0023,0x0023,0x0023,0x0023,0x0002,
  0x0824,0x0824,0x0002,0x0024,0x0846,0x1047,0x0825,0x0024,0x0025,0x0025,0x0004,0x0005,0x0026,0x008D,0x00F3,0x0134,
  0x00F2,0x00F1,0x00D0,0x006B,0x00CC,0x00AC,0x008D,0x0132,0x01B5,0x00F2,0x00AE,0x00CD,0x00CB,0x0089,0x0068,0x0047,
  0x0846,0x108A,0x10CC,0x192E,0x0887,0x0022,0x0002,0x0803,0x0802,0x0801,0x2002,0x4003,0x8006,0xEB96,0xFC79,0xA809,
  0x4004,0x1802,0x0800,0x582D,0x104B,0x0067,0x08A9,0x0066,0x2926,0x2909,0x18EB,0x0868,0x0867,0x0025,0x0003,0x0003,
  0x0066,0x0027,0x4A71,0x73F6,0x00B6,0x01BD,0x4EDF,0x2DBF,0x0117,0x0110,0x008E,0x7210,0x2089,0x000A,0x38B1,0xD26F,
  0xFBCE,0xFC9E,0xFABF,0xFA3F,0xD05F,0xB83F,0xF0FF,0xE09F,0xC01E,0xA81D,0x901C,0x681A,0x5839,0x4836,0x4836,0x805C,
  0xC09F,0x709A,0x28B0,0x28AE,0x20AD,0x20EF,0x2110,0x20CE,0x208C,0x208B,0x208B,0x306C,0x386D,0x288D,0x188B,0x186A,
  0x1869,0x188B,0x18AD,0x18AD,0x10AB,0x1089,0x1068,0x1068,0x108A,0x10CD,0x10EE,0x10CC,0x1089,0x108A,0x18AC,0x18CC,
  0x10AB,0x108A,0x1069,0x1068,0x1047,0x1047,0x1047,0x1047,0x1847,0x1847,0x1047,0x1847,0x1868,0x1867,0x1867,0x2068,
  0x2868,0x2868,0x2868,0x3068,0x3868,0x58CA,0x7869,0xA18B,0xFF15,0xFE88,0xFD68,0xFD4E,0xFE2F,0xFCE6,0xFF56,0xF326,
  0xE1E8,0xD9CB,0x50C7,0x40E5,0x60C4,0x3084,0x58E8,0xA28C,0xA188,0x38C9,0x194B,0x0066,0x114F,0x110F,0x0027,0x0000,
  0x0000,0x0005,0x0028,0x104C,0x3830,0x8058,0x98B9,0x482D,0x004B,0x08F7,0x00D5,0x00D7,0x145F,0xBFFF,0x1C7E,0x017D,
  0x00B5,0x080F,0x2815,0xA0FA,0xDA7D,0xB077,0xA093,0x580B,0x2846,0x1949,0x0067,0x0045,0x0022,0x0021,0x0020,0x7845,
  0x6803,0x3801,0x4821,0x5861,0x5861,0x50A2,0x5905,0x7969,0x818A,0x818A,0x916B,0xA16B,0xB16B,0xA9AB,0x924A,0xA3AA,
  0xBBA7,0xD2C4,0xE243,0xD9C3,0xC184,0x9126,0x7109,0x512B,0x410B,0x494E,0xA991,0xFDB7,0xB9AE,0x584C,0x38AC,0x288C,
  0x208C,0x20AD,0x20AD,0x20AE,0x28AE,0x20D3,0x197C,0x29FF,0x119E,0x017C,0x01DE,0x029F,0x05DF,0x5FFF,0xA7FF,0x47BF,
  0x059E,0x1EFF,0xA7FF,0x57DF,0x04BF,0x031F,0x043F,0x0E3F,0x3F9F,0x16DF,0x031F,0x013A,0x0136,0x00F3,0x00AF,0x008D,
  0x0847,0x1048,0x1849,0x284A,0x284A,0x2049,0x1849,0x186A,0x206B,0x306C,0x404E,0x502F,0x502F,0x6810,0x7816,0xA0DF,
  0xD25F,0xEB9F,0xF4FF,0xFD1F,0xFEDF,0xF23F,0x801C,0x285A,0x3899,0x58D5,0x3010,0x3810,0x2031,0x10D1,0x08CD,0x00F2,
  0x0114,0x00F4,0x00F4,0x00AD,0x0024,0x0000,0x0003,0x0024,0x0003,0x0002,0x0002,0x0002,0x0022,0x0002,0x0002,0x3029,
  0x1026,0x1888,0x0825,0x0847,0x0847,0x0847,0x0847,0x0826,0x0003,0x0003,0x0046,0x008A,0x008E,0x0158,0x025D,0x021C,
  0x01DA,0x0198,0x0199,0x00D3,0x008E,0x00AE,0x00D1,0x4DFE,0x7EFF,0x0B9D,0x0A5A,0x0117,0x00B0,0x008B,0x0049,0x0027,
  0x0847,0x81F1,0x308F,0x006B,0x086C,0x10AB,0x1089,0x0824,0x0001,0x0800,0x0801,0x2002,0x3823,0x8005,0xEB55,0xFC38,
  0x8027,0x3024,0x0801,0x3806,0x482F,0x0067,0x0867,0x0046,0x62AF,0x1885,0x290A,0x292B,0x0046,0x0845,0x0865,0x18E9,
  0x210B,0x294C,0x10AA,0x6B96,0x5B36,0x011A,0x0C3D,0x4FBF,0x025A,0x00F2,0x00AF,0x4132,0x58CD,0x0006,0x104E,0xA10E,
  0xFB0A,0xEB97,0xD87F,0xD05E,0x981D,0x683C,0x881D,0x781C,0x681B,0x603B,0x603A,0x603A,0x5838,0x4836,0x4836,0x903D,
  0xD05F,0x789A,0x28D0,0x28AD,0x208C,0x208C,0x20AD,0x208C,0x208A,0x1869,0x186A,0x208A,0x208B,0x208B,0x206A,0x1869,
  0x1069,0x108A,0x108A,0x108A,0x108B,0x10AB,0x108B,0x108A,0x18CC,0x18EE,0x18EE,0x18AC,0x1069,0x1068,0x1069,0x1068,
  0x1067,0x1047,0x1047,0x1047,0x1047,0x1047,0x1047,0x1847,0x1868,0x1869,0x1868,0x2069,0x2069,0x2069,0x2068,0x2868,
  0x2868,0x3068,0x3068,0x3888,0x40A9,0x6889,0xA10B,0xF673,0xFF0B,0xFDAA,0xF387,0xFF55,0xFE07,0xFF76,0xFC08,0xF224,
  0xF26C,0x7108,0x69C6,0x99C6,0x40A5,0x5128,0xBB2E,0xAA2A,0x7969,0x28EA,0x0044,0x08CA,0x090F,0x008B,0x0001,0x0000,
  0x0001,0x0001,0x0027,0x202C,0x182C,0x082B,0x284F,0x5031,0x40CD,0x10D0,0x0092,0x00B4,0x025B,0x8F3F,0x7E7F,0x025F,
  0x011C,0x1854,0x4818,0xB0FB,0xE27D,0x7812,0x480B,0x1805,0x0021,0x0084,0x0044,0x0043,0x0000,0x0000,0x0821,0x2822,
  0x3801,0x2000,0x3002,0x5004,0x7027,0x8007,0x4803,0x3083,0x6128,0x5907,0x58E6,0x58E6,0x60E7,0x7128,0x9189,0xCA68,
  0xF3C9,0xF4EB,0xF58F,0xF56D,0xEBA8,0xEA03,0xE9C3,0xD1C7,0xA149,0x610A,0x50CC,0xD311,0xFD36,0x902B,0x40AD,0x30AC,
  0x28AC,0x20AD,0x20AE,0x30AF,0x388F,0x2891,0x58BA,0x98DF,0x68DE,0x115D,0x023F,0x053F,0x57DF,0xAFFF,0x77FF,0x0E5F,
  0x043E,0x1F1F,0x9FFF,0x5FDF,0x04DF,0x031F,0x02DF,0x02FF,0x041F,0x037F,0x01BD,0x0158,0x0115,0x00F3,0x00D0,0x00AF,
  0x1047,0x1047,0x1848,0x2049,0x2049,0x2049,0x206A,0x286B,0x308E,0x386E,0x402E,0x502F,0x6030,0x7811,0x9016,0xC81F,
  0xF11F,0xFDDF,0xFF5F,0xFEDF,0xF95F,0x981A,0x2051,0x3812,0x3010,0x2810,0x50B6,0x393C,0x1157,0x00AC,0x00F2,0x00F3,
  0x00F4,0x00F3,0x0068,0x0000,0x0002,0x0024,0x0003,0x0002,0x0023,0x0023,0x0024,0x0844,0x0824,0x0826,0x206A,0x306C,
  0x0868,0x1068,0x0847,0x0847,0x0866,0x0046,0x0003,0x0003,0x0005,0x0049,0x008D,0x0111,0x0134,0x0B3B,0x5F9F,0x46BF,
  0x3E3F,0x259F,0x2CFE,0x1C7E,0x023A,0x00F1,0x0299,0x35DF,0x3DFF,0x7F7F,0x669F,0x349E,0x02FC,0x0196,0x090E,0x08ED,
  0x0049,0x1026,0x1808,0x086B,0x43F8,0x00EF,0x106D,0x108D,0x1029,0x1804,0x1801,0x0800,0x2002,0x3823,0x7004,0xE354,
  0xE2D4,0x3802,0x1802,0x0801,0x582E,0x104A,0x0087,0x0045,0x1024,0x51ED,0x20C7,0x316D,0x0887,0x6334,0x292B,0x41F0,
  0x292D,0x39AE,0x0005,0x4A92,0x6315,0x2199,0x023C,0x4F7F,0x24DE,0x0116,0x00F1,0x1112,0x40D2,0x1004,0x082B,0x70AC,
  0xFB2A,0xC30D,0x88BC,0x781C,0x683B,0x5839,0x5839,0x683A,0x683A,0x6039,0x5839,0x5858,0x4856,0x4053,0x3873,0x6057,
  0x803A,0x5094,0x288D,0x208B,0x206B,0x288C,0x308D,0x308D,0x208B,0x1869,0x186A,0x188B,0x188B,0x188C,0x188A,0x1069,
  0x108A,0x18AC,0x108B,0x108B,0x10AC,0x18CD,0x18AB,0x188A,0x188A,0x18AB,0x188A,0x1069,0x1047,0x1047,0x1047,0x1047,
  0x1047,0x1047,0x1047,0x1047,0x1047,0x1047,0x1047,0x1868,0x1868,0x2069,0x2069,0x2069,0x2069,0x2069,0x2069,0x2869,
  0x3089,0x3889,0x3889,0x48A9,0x5889,0x7889,0xE635,0xFF6C,0xFCA5,0xE1C3,0xF6D7,0xFF4B,0xFF75,0xFDAD,0xFA42,0xF2A8,
  0x60C5,0x9AA7,0xD2C8,0x58A4,0x5147,0xCB0B,0xB26B,0xB22A,0x492A,0x1045,0x10A8,0x090E,0x0930,0x0066,0x0000,0x0002,
  0x0024,0x0000,0x0024,0x102A,0x200C,0x182C,0x004A,0x282F,0x5831,0x004C,0x0090,0x0133,0x01B8,0x357F,0xC7DF,0x03DF,
  0x021F,0x0137,0x3856,0x6038,0x4013,0x180A,0x38A9,0x28C8,0x0023,0x0043,0x0022,0x1844,0x0820,0x2802,0x6806,0x2802,
  0x3024,0xC06F,0xE091,0xE850,0xC06C,0x7026,0x7806,0x5804,0x48E6,0x58E7,0x48A6,0x4885,0x6084,0x90A2,0xA8A1,0xB081,
  0xC860,0xE0A0,0xF1A0,0xFB64,0xFD4A,0xED6E,0xE3CA,0xF2C5,0xFAC4,0xE1C6,0x890A,0x88EB,0xFD34,0xDA70,0x604C,0x38CD,
  0x30AD,0x28AD,0x28AE,0x28AF,0x28AF,0x5093,0xD8DD,0xFA7F,0xE19F,0x413F,0x031F,0x1F1F,0x9FFF,0x97FF,0x1F3F,0x043F,
  0x03FF,0x173F,0x97FF,0x57FF,0x04FF,0x02FF,0x02DF,0x025F,0x021F,0x01DE,0x019B,0x0158,0x0136,0x0115,0x00D2,0x00D1,
  0x1047,0x1047,0x1848,0x2049,0x2049,0x2049,0x2049,0x306C,0x408F,0x406E,0x402D,0x502E,0x6830,0x9032,0xC018,0xF09E,
  0xFD7F,0xFFDF,0xFD7F,0xF8BF,0xD01F,0x4832,0x280F,0x4011,0x5058,0x38DD,0x215D,0x0955,0x00AE,0x00F2,0x0112,0x0113,
  0x00CF,0x0023,0x0000,0x0023,0x0024,0x0003,0x0023,0x0044,0x0045,0x0025,0x0003,0x20A8,0x38CB,0x0848,0x0867,0x0867,
  0x0867,0x0847,0x0847,0x0826,0x0003,0x0023,0x10A9,0x2991,0x2AB6,0x1AB6,0x2BB8,0x02B8,0x0339,0x0CBE,0x3F5F,0x475F,
  0x679F,0x57BF,0x6FFF,0x5EDF,0x139D,0x2D3D,0x0255,0x01B8,0x023B,0x0B3C,0x139C,0x467F,0x77FF,0x3CFD,0x1953,0x4293,
  0x192F,0x0004,0x28AA,0x32D5,0x77DF,0x35BD,0x0152,0x082B,0x104C,0x180B,0x590D,0x2023,0x0800,0x1802,0x2802,0x5003,
  0x7089,0xA0EE,0x2002,0x0000,0x3006,0x402F,0x0067,0x0025,0x1064,0x51EC,0x1865,0x312B,0x10A8,0x39AE,0x294C,0x0846,
  0x18E9,0x318D,0x1088,0x212B,0x73B6,0x4278,0x01DD,0x255F,0x577F,0x02BC,0x00F4,0x00F2,0x3997,0x3888,0x0809,0x404B,
  0xFBAD,0xB389,0x9277,0x701C,0x705B,0x5858,0x5857,0x6039,0x6039,0x5838,0x5056,0x4874,0x3851,0x304F,0x306E,0x306E,
  0x306E,0x286C,0x206B,0x206B,0x206A,0x288C,0x388E,0x308D,0x208B,0x186A,0x188A,0x188C,0x18CF,0x2111,0x18EF,0x188B,
  0x18AB,0x18AD,0x188B,0x108A,0x108A,0x108A,0x1068,0x1067,0x1047,0x1047,0x1047,0x1046,0x1047,0x1047,0x1047,0x1047,
  0x1848,0x1869,0x1869,0x1868,0x1868,0x1868,0x1868,0x1868,0x1868,0x1868,0x1868,0x1868,0x2089,0x288A,0x28AB,0x30AB,
  0x38AB,0x408B,0x488A,0x50AA,0x7829,0xDD75,0xFF6C,0xF403,0xC0A4,0xE593,0xFFCD,0xFF72,0xFF15,0xFB22,0xF307,0x7124,
  0xAA87,0xF389,0x68A4,0x5126,0xDB8A,0xA1E8,0xBA6A,0x7169,0x1886,0x2064,0x292C,0x092F,0x08CA,0x0022,0x0001,0x0024,
  0x0026,0x0004,0x0024,0x0828,0x182C,0x102B,0x100B,0x082C,0x5011,0x184E,0x006E,0x004E,0x00F6,0x033D,0xBFDF,0x55DF,
  0x021D,0x0177,0x004F,0x004E,0x004A,0x0046,0x0826,0x0824,0x0003,0x0021,0x0001,0x3003,0x5806,0x886B,0xC0B1,0xF116,
  0xF915,0xE091,0x904A,0x6004,0x3802,0x3802,0x9807,0x5845,0x60E6,0x8925,0xA184,0xC1E3,0xEAC3,0xFB04,0xFA83,0xFAE2,
  0xFB21,0xFB20,0xF320,0xFB00,0xFB80,0xFD00,0xFE46,0xF5AB,0xF409,0xFBE5,0xFAA5,0xB8C9,0xDA6C,0xFD15,0x904C,0x40CD,
  0x38AD,0x28AE,0x28AF,0x28AF,0x28CF,0x6894,0xF17E,0xFC1F,0xF21F,0x511F,0x029F,0x0E1F,0x4FDF,0x2F3F,0x04BF,0x037F,
  0x03DF,0x063E,0x2FBF,0x16DF,0x043F,0x031F,0x02DF,0x025F,0x023F,0x01FE,0x019B,0x0159,0x0158,0x0137,0x00F4,0x00D2,
  0x1047,0x1047,0x1848,0x204A,0x284A,0x2049,0x2049,0x284A,0x386D,0x404D,0x400C,0x500E,0x7030,0xB014,0xE839,0xFD9E,
  0xFFDF,0xFBFF,0xE81F,0xD83F,0x5053,0x200C,0x5815,0x489C,0x20FE,0x093B,0x00F2,0x008B,0x00F3,0x0114,0x0113,0x0089,
  0x0000,0x0001,0x0024,0x0023,0x0023,0x0024,0x0045,0x0024,0x0023,0x0024,0x1025,0x1848,0x1069,0x0867,0x0867,0x0867,
  0x0866,0x0867,0x0826,0x18E8,0x2A2F,0x2253,0x3B37,0x4316,0x2AB3,0x118F,0x092E,0x00AD,0x006D,0x0113,0x023C,0x02FF,
  0x031E,0x033E,0x039F,0x021E,0x0073,0x010F,0x0027,0x008A,0x0993,0x11D4,0x1218,0x01DA,0x351E,0x1A9A,0x0012,0x082C,
  0x0827,0x30CB,0x3088,0x40F3,0x129A,0x565F,0x667F,0x09F5,0x102A,0x100A,0x182B,0x2029,0x0801,0x0000,0x1001,0x2022,
  0x0800,0x80CD,0x98F0,0x0000,0x0801,0x580F,0x086B,0x0888,0x0001,0x18C5,0x522C,0x2088,0x20AA,0x18C9,0x5252,0x1066,
  0x292A,0x18E9,0x10A8,0x10A8,0x52D3,0x5B36,0x0178,0x03FF,0x97FF,0x3D1F,0x0139,0x00F3,0x19D8,0x518E,0x108A,0x380C,
  0xFB4E,0x92A8,0x8AF0,0x889D,0x703B,0x5857,0x4874,0x5056,0x6058,0x5856,0x4854,0x4071,0x384E,0x304D,0x286C,0x286C,
  0x286B,0x286B,0x206B,0x206B,0x206A,0x208B,0x20AD,0x28CF,0x20AD,0x188B,0x188B,0x18CF,0x2112,0x2133,0x20F0,0x188B,
  0x188A,0x188A,0x1069,0x1068,0x1067,0x1047,0x1046,0x1046,0x1047,0x1047,0x1047,0x1047,0x1047,0x1047,0x1047,0x1047,
  0x1047,0x1868,0x1869,0x1869,0x1869,0x1869,0x1869,0x1869,0x1869,0x2069,0x2069,0x2089,0x288B,0x30AD,0x38AD,0x38AC,
  0x408B,0x58AC,0x70CC,0x8009,0xDCD4,0xFF0E,0xEB22,0xA047,0xD515,0xFFF4,0xFF4F,0xFF98,0xFC04,0xE286,0x99A5,0xB227,
  0xFC8C,0x9965,0x6925,0xCB69,0xB1C6,0xB229,0xC2CA,0x38A7,0x1042,0x70E7,0x10EC,0x08ED,0x0001,0x0822,0x0823,0x0003,
  0x008C,0x00CF,0x0005,0x5876,0x7855,0x202E,0x000B,0x000A,0x300E,0x5870,0x418F,0x2973,0x08B4,0x00F8,0x4D7F,0x43FF,
  0x0037,0x0090,0x004B,0x004C,0x004A,0x0026,0x0003,0x0003,0x0844,0x2825,0x980A,0x8828,0xC870,0xD892,0xB08E,0xA84B,
  0x7847,0x3801,0x2000,0x0000,0x4003,0x8027,0x9828,0x4041,0x68C1,0x7920,0x7961,0x99C2,0xD1E2,0xF2C6,0xFDAD,0xDD2D,
  0xCC0B,0xECCC,0xF52D,0xFDCD,0xFE8B,0xFEC8,0xFEC5,0xFF04,0xFF29,0xFEAB,0xFECA,0xFB47,0xD866,0xFD12,0xC9AF,0x586D,
  0x40CE,0x38AF,0x30B0,0x28AF,0x28CF,0x6074,0xE8DE,0xFA9F,0xE95F,0x48FF,0x019F,0x031F,0x04DF,0x043F,0x033F,0x037F,
  0x035F,0x03DF,0x04BF,0x03FF,0x031F,0x035F,0x031F,0x029F,0x023F,0x01FF,0x01BD,0x017A,0x0179,0x0159,0x0115,0x00F2,
  0x1047,0x1047,0x1848,0x2049,0x284A,0x2049,0x2049,0x284A,0x304B,0x382B,0x400C,0x582E,0x9011,0xD816,0xFD7E,0xFF7F,
  0xFA7F,0xD81E,0xC01F,0x5835,0x380E,0x803C,0x30DC,0x113D,0x095B,0x00F1,0x0089,0x00F3,0x0116,0x00F3,0x0046,0x0000,
  0x0002,0x0003,0x0003,0x0024,0x0025,0x0025,0x0024,0x0002,0x1826,0x2048,0x186A,0x108A,0x1089,0x1068,0x0867,0x0867,
  0x0867,0x0845,0x0001,0x0844,0x10A6,0x0046,0x0027,0x0007,0x0006,0x0006,0x0027,0x0048,0x0089,0x008C,0x00F2,0x0135,
  0x0156,0x0156,0x0197,0x0155,0x00CF,0x00CC,0x0068,0x0004,0x008B,0x00D1,0x008E,0x0111,0x0197,0x09B7,0x1AD8,0x0115,
  0x0093,0x006F,0x0029,0x200A,0x4011,0x30D6,0x7D5E,0x6F1F,0x2A16,0x204A,0x1009,0x1008,0x1826,0x0001,0x0800,0x1001,
  0x1802,0x0000,0x90CF,0x78AE,0x0000,0x3808,0x402F,0x0088,0x0845,0x0021,0x4A0C,0x20A7,0x30EC,0x0846,0x4A12,0x20E9,
  0x10A7,0x296C,0x294B,0x0026,0x4A70,0x52D5,0x29F7,0x033D,0x975F,0xA73F,0x025D,0x00F5,0x01D7,0x192D,0x6330,0x304A,
  0xF24E,0x7209,0x6227,0x99B8,0x6018,0x5075,0x3871,0x4052,0x5054,0x5854,0x4851,0x384E,0x304D,0x306C,0x306C,0x306D,
  0x286C,0x204B,0x206C,0x208C,0x208B,0x20AD,0x28F1,0x2933,0x20EF,0x188B,0x188B,0x18AC,0x18CD,0x18AD,0x188A,0x1068,
  0x1068,0x1048,0x1047,0x1067,0x1067,0x1047,0x1047,0x1047,0x1067,0x1868,0x1868,0x1047,0x1047,0x1047,0x1047,0x1067,
  0x1067,0x1068,0x1868,0x1868,0x1869,0x1889,0x20AB,0x28AC,0x288C,0x288B,0x288A,0x208A,0x288A,0x288A,0x288A,0x2889,
  0x388A,0x910C,0xB86A,0xDC31,0xFECF,0xCA04,0x980A,0xCBF2,0xFFF9,0xFF51,0xFFFA,0xFD26,0xB160,0x81C6,0xCA06,0xFCCE,
  0xDAE8,0x8925,0xD44D,0xE347,0x9987,0xEB29,0x89A9,0x1845,0x7104,0x816A,0x00EE,0x08A8,0x0800,0x0866,0x0022,0x0025,
  0x0154,0x0173,0x0006,0x1831,0x403B,0x7097,0x48B0,0x102B,0x000A,0x580F,0x0824,0x212D,0x2150,0x0072,0x0139,0x731F,
  0x1079,0x002E,0x0028,0x000B,0x3891,0x408C,0x0004,0x0846,0x0001,0x6827,0xB02A,0x8026,0x6024,0x5824,0x4803,0x2800,
  0x2000,0x2801,0x0800,0x0800,0x6806,0x7826,0x9027,0x0000,0x0000,0x1800,0x5000,0xC800,0xF1C7,0xF4AF,0xC30D,0x60AB,
  0x504B,0x708C,0x90AD,0xA8EE,0xC16E,0xDA0E,0xEB0F,0xFBF0,0xFD4F,0xFE8E,0xFFD3,0xFFF2,0xFB66,0xFAEA,0xF3D3,0x782D,
  0x40EF,0x38B0,0x30B0,0x28AF,0x28AE,0x6074,0xE8BE,0xFA5F,0xE93F,0x50FE,0x097E,0x09BE,0x021F,0x027F,0x02FF,0x035F,
  0x037F,0x043F,0x05DF,0x05BF,0x03DF,0x035F,0x037F,0x033F,0x039F,0x035F,0x021E,0x019B,0x0179,0x0158,0x0115,0x00F2,
  0x1047,0x1047,0x1848,0x2049,0x2049,0x2048,0x2049,0x284A,0x382B,0x402C,0x502D,0x702F,0xB814,0xFD3D,0xFE3F,0xF91F,
  0xD81F,0xB83F,0x5034,0x4830,0x605B,0x10FB,0x095B,0x115B,0x00F1,0x0068,0x00F2,0x0115,0x00F1,0x0024,0x0000,0x0003,
  0x0023,0x0023,0x0045,0x0045,0x0025,0x0024,0x0002,0x1007,0x202C,0x0846,0x0065,0x0065,0x0045,0x0847,0x0046,0x0044,
  0x0021,0x0000,0x0023,0x0047,0x0000,0x0002,0x0003,0x0024,0x0047,0x0069,0x008A,0x008A,0x0069,0x008A,0x008B,0x00AC,
  0x00AB,0x008B,0x00CC,0x00CC,0x0069,0x0068,0x0067,0x0025,0x0024,0x092E,0x21F6,0x08CF,0x002C,0x006F,0x0A58,0x35BF,
  0x4D9E,0x09F9,0x0011,0x0008,0x1849,0x5010,0x4013,0x4B5B,0x18EA,0x1004,0x510E,0x288A,0x1809,0x1806,0x1002,0x0800,
  0x0800,0x0800,0x0800,0x98B1,0x3026,0x0000,0x602E,0x0868,0x0887,0x0001,0x3969,0x522D,0x2068,0x1867,0x316E,0x41D0,
  0x0023,0x10A8,0x318D,0x0867,0x18E9,0x6314,0x39F3,0x027C,0x2DFF,0xD7FF,0x0C3E,0x00F6,0x01D8,0x006C,0x73B3,0x6A6F,
  0xD0CB,0x6108,0x3144,0x9AF1,0x4013,0x3890,0x306E,0x386F,0x4851,0x5832,0x5051,0x386E,0x306C,0x306C,0x306D,0x3890,
  0x4090,0x288D,0x208C,0x208D,0x208D,0x28AE,0x28D0,0x28F0,0x18AD,0x186A,0x1869,0x1068,0x1068,0x1068,0x1047,0x1047,
  0x1047,0x1047,0x1868,0x1868,0x1068,0x1068,0x1067,0x1068,0x1068,0x1868,0x1868,0x1068,0x1068,0x1068,0x1868,0x1868,
  0x1869,0x2069,0x1869,0x1868,0x1868,0x1889,0x28AB,0x30AC,0x308C,0x288B,0x2089,0x2069,0x2068,0x2069,0x2889,0x3089,
  0x40AA,0x5009,0xBB4F,0xF64F,0xA145,0x780A,0xBA4F,0xFFF8,0xFF2F,0xFFDB,0xFEAD,0xEA80,0xB34A,0xEAC7,0xFBEB,0xFCCE,
  0xD1C5,0xBC0D,0xFC8B,0x9985,0xC248,0xC207,0x48E7,0x3084,0xA925,0x290D,0x08CB,0x1021,0x30A5,0x0068,0x0842,0x006B,
  0x0A18,0x0A15,0x0007,0x0000,0x000D,0x0013,0x3871,0x6092,0x382F,0x4010,0x3008,0x0005,0x0028,0x008D,0x0011,0x937E,
  0x71FC,0x0011,0x0028,0x180A,0x5891,0x408C,0x0026,0x0022,0x1801,0x3803,0x3001,0x4002,0x3001,0x3822,0x4022,0x2801,
  0x1801,0x0000,0x0000,0x1801,0x8809,0xA009,0xB0AB,0x1000,0x2800,0x7000,0xF143,0xFC6F,0xFBCC,0xE411,0x784B,0x48CB,
  0x40CB,0x40CB,0x50EC,0x610C,0x690C,0x78EC,0x88AC,0xA08C,0xB0CD,0xC94D,0xE20D,0xF3D2,0xFE30,0xFC88,0xFCD2,0xA0AE,
  0x48CF,0x38B0,0x30B0,0x288F,0x20AE,0x5874,0xE8DF,0xFA9F,0xE95F,0x491E,0x097C,0x099D,0x01FE,0x027F,0x031F,0x039F,
  0x03FF,0x067F,0x67FF,0x4FDF,0x059F,0x049F,0x059F,0x0E5F,0x275F,0x0EDF,0x039F,0x01BD,0x0179,0x0158,0x0114,0x00F1,
  0x1068,0x1047,0x1868,0x306A,0x306B,0x2849,0x2049,0x284A,0x402C,0x482D,0x604E,0x9811,0xEC3B,0xFC3F,0xF01E,0xD01F,
  0xB83F,0x5834,0x4832,0x88FD,0x211C,0x091B,0x111A,0x00F1,0x0046,0x00AF,0x0137,0x00CF,0x0001,0x0000,0x0023,0x0023,
  0x0023,0x0003,0x0002,0x0003,0x0003,0x0803,0x282A,0x6832,0x302A,0x3868,0x3848,0x580B,0x3806,0x2828,0x584E,0x480A,
  0x500C,0x480B,0x402D,0x382D,0x2829,0x2028,0x0804,0x0001,0x0000,0x0002,0x0044,0x0068,0x008A,0x006A,0x008A,0x008B,
  0x00AC,0x00AC,0x008B,0x006A,0x0069,0x0068,0x0047,0x0026,0x0003,0x0001,0x218B,0x1154,0x19B4,0x1971,0x0995,0x141F,
  0x3E3F,0x3E1F,0x1AF9,0x004E,0x080A,0x202D,0x7052,0x480F,0x1006,0x306A,0x410A,0x2829,0x1809,0x1809,0x1806,0x1004,
  0x0801,0x0000,0x0000,0x1001,0x782E,0x0801,0x3807,0x384D,0x0067,0x0045,0x1064,0x5A0E,0x20A7,0x2088,0x20A9,0x4A12,
  0x18C8,0x10A7,0x296C,0x18C9,0x0824,0x4A30,0x6B36,0x0999,0x04DF,0xB7FF,0x5E5F,0x0198,0x0178,0x00CF,0x41F0,0xBD38,
  0xB08A,0x3827,0x1865,0x9B8D,0x4070,0x306E,0x306D,0x306E,0x404F,0x4851,0x404F,0x306D,0x286C,0x286C,0x3890,0x50B4,
  0x50B4,0x30AF,0x208C,0x208C,0x208B,0x206B,0x206A,0x186A,0x1869,0x1848,0x1848,0x1047,0x1047,0x1047,0x1048,0x1068,
  0x1047,0x1068,0x1068,0x1868,0x1868,0x1068,0x1068,0x1068,0x1068,0x1068,0x1068,0x1068,0x1869,0x208A,0x208A,0x208B,
  0x288B,0x288B,0x2089,0x1868,0x1868,0x1868,0x1869,0x206A,0x286A,0x206A,0x2089,0x2869,0x286A,0x308A,0x388B,0x40AB,
  0x402A,0x922D,0xE52F,0x80C9,0x704C,0x990D,0xF695,0xFF8E,0xFF55,0xFFF7,0xFB81,0xDB4A,0xF42D,0xFA27,0xFCF0,0xFA45,
  0xF4AC,0xFCAD,0xD9A4,0xC289,0xC9E7,0x9167,0x20A6,0xA9E4,0x792A,0x112E,0x0021,0x2863,0x2087,0x0047,0x0022,0x00AF,
  0x01DA,0x01B7,0x0008,0x0000,0x0001,0x0004,0x0007,0x0808,0x384D,0x6053,0x602F,0x0002,0x0028,0x0049,0x000D,0x30F8,
  0xAB3F,0x0012,0x080C,0x0000,0x2006,0x0809,0x0024,0x1821,0x4024,0x4003,0x2802,0x1801,0x2001,0x3001,0x2801,0x1000,
  0x0800,0x1000,0x2001,0x2001,0x982A,0xD00B,0xD10E,0x2820,0x6000,0xD8A2,0xF470,0xDA08,0xF924,0xA24F,0x404A,0x38AB,
  0x308B,0x30AB,0x38AB,0x40CC,0x48EC,0x510C,0x590C,0x592D,0x612D,0x710D,0x78CD,0x904C,0xC0AD,0xF3CB,0xFE93,0xB14F,
  0x48AF,0x38B0,0x30B0,0x28AF,0x28AE,0x4894,0xC0BE,0xF9BF,0xC91F,0x311D,0x017C,0x01BE,0x023F,0x029F,0x035F,0x03DF,
  0x045F,0x171F,0x97FF,0x8FFF,0x275F,0x2F5F,0x5FDF,0x87FF,0xAFFF,0x57FF,0x04DF,0x01DE,0x019A,0x0158,0x0115,0x00F2,
  0x1068,0x1048,0x2069,0x388C,0x488D,0x406C,0x384B,0x384B,0x482D,0x582E,0x800F,0xDB78,0xFCDF,0xE81E,0xC01F,0x6838,
  0x5013,0x5837,0x613E,0x093C,0x013A,0x091A,0x00D1,0x0065,0x006B,0x0158,0x00F0,0x0021,0x0000,0x0002,0x0001,0x0802,
  0x1826,0x18EA,0x296F,0x28CE,0x306C,0x40B0,0x48F4,0x58F6,0x5915,0x6917,0x7115,0x6050,0x1805,0x0023,0x1026,0x1827,
  0x2027,0x2807,0x3008,0x400B,0x500E,0x5810,0x580F,0x580E,0x600E,0x480B,0x3809,0x2806,0x1005,0x0049,0x006E,0x008E,
  0x006A,0x0049,0x0049,0x0048,0x0027,0x0026,0x0026,0x0026,0x0003,0x0001,0x0000,0x0026,0x00D3,0x10F5,0x1A99,0x1C1D,
  0x1BDE,0x015A,0x12B8,0x10D0,0x280E,0x8015,0xA018,0x5811,0x400E,0x4850,0x1808,0x512C,0x306B,0x1809,0x2008,0x1806,
  0x1005,0x0801,0x0000,0x0000,0x2003,0x580A,0x0000,0x582D,0x086A,0x0867,0x0000,0x49CB,0x394A,0x2068,0x1868,0x4A32,
  0x318E,0x0825,0x18C8,0x1087,0x0024,0x316D,0x62D5,0x4277,0x02DB,0x573F,0x97BF,0x02FC,0x013A,0x0110,0x106D,0xE539,
  0xAACE,0x1005,0x1006,0x7AEA,0x6170,0x302E,0x306D,0x286E,0x306F,0x3870,0x306F,0x286D,0x286C,0x286D,0x308F,0x4092,
  0x3890,0x286C,0x206A,0x1869,0x1869,0x1868,0x1048,0x1848,0x1848,0x1868,0x1848,0x1868,0x1868,0x1868,0x1868,0x1868,
  0x1068,0x1868,0x1068,0x1068,0x1868,0x1868,0x1869,0x1869,0x1869,0x2089,0x1869,0x1869,0x188A,0x208A,0x208A,0x208B,
  0x288C,0x28AB,0x208A,0x1869,0x1868,0x1868,0x1869,0x206A,0x288A,0x308B,0x308B,0x308B,0x308B,0x388B,0x40AC,0x386B,
  0x716B,0xC3CE,0x608A,0x68AE,0x986E,0xE494,0xFF50,0xFE6C,0xFFFC,0xFBC4,0xF34B,0xFE15,0xF9C5,0xFCB0,0xFBCA,0xFB05,
  0xEC8B,0xF2E6,0xFD10,0xDA28,0xC186,0x71A8,0x81C5,0xC1E7,0x18EB,0x1064,0x0023,0x4908,0x1066,0x0045,0x0022,0x006C,
  0x1ADC,0x1ADB,0x0007,0x0022,0x0024,0x0000,0x0000,0x0003,0x0003,0x0804,0x2827,0x2066,0x0027,0x0007,0x004B,0x0010,
  0xA2DE,0x38F6,0x000C,0x3869,0x588C,0x0003,0x0801,0x4843,0x5885,0x1801,0x1801,0x3001,0x2001,0x0800,0x0000,0x0800,
  0x1001,0x1001,0x3803,0x1000,0x7806,0xE82D,0xD210,0x5020,0xD841,0xE30B,0x68E3,0xE924,0xF28C,0x58AB,0x386A,0x308B,
  0x308B,0x308B,0x308B,0x30AB,0x38AC,0x38CC,0x40CC,0x48ED,0x50ED,0x50ED,0x590D,0x590D,0x68EE,0xA08C,0xE330,0x916F,
  0x388F,0x38B0,0x28B0,0x20AE,0x28AE,0x3893,0xB09E,0xF17F,0xB91F,0x293E,0x09DE,0x025F,0x02FF,0x041F,0x051F,0x05FF,
  0x0EBF,0x47BF,0xA7FF,0xB7FF,0x97FF,0x97FF,0x9FFF,0x9FDF,0x7FFF,0x277F,0x043F,0x01FE,0x01BB,0x017A,0x0136,0x00F2,
  0x1869,0x1047,0x1869,0x306C,0x406D,0x406D,0x484D,0x502E,0x682F,0x8810,0xC175,0xFE9F,0xE09F,0xD03F,0x6035,0x2029,
  0x5057,0x697F,0x095C,0x015B,0x095C,0x00D2,0x0065,0x0045,0x00F5,0x08AE,0x0000,0x0000,0x0825,0x1068,0x306C,0x6074,
  0x523D,0x859F,0x6CBF,0x317B,0x30B0,0x30D0,0x38F1,0x4114,0x58F6,0x60F1,0x2067,0x0023,0x0003,0x0003,0x0023,0x0023,
  0x0022,0x0002,0x0023,0x0026,0x0047,0x0048,0x0848,0x1049,0x204B,0x3050,0x4054,0x5856,0x6813,0x600E,0x1808,0x004C,
  0x0070,0x004C,0x0028,0x0026,0x0026,0x0026,0x0026,0x0026,0x0005,0x0002,0x0001,0x0000,0x0047,0x10B3,0x0874,0x1117,
  0x3B7D,0x329A,0x080F,0x100A,0x8838,0xFCFF,0xFCDF,0xD85E,0xB81B,0x7014,0x5012,0x60F0,0x2847,0x1807,0x300B,0x2007,
  0x1806,0x1005,0x0001,0x0000,0x0000,0x3806,0x3806,0x3006,0x304E,0x0088,0x0001,0x28C6,0x498B,0x3069,0x1889,0x18C9,
  0x10A8,0x0866,0x0846,0x0887,0x0867,0x18AA,0x41CF,0x6314,0x0996,0x0D7E,0xAFFF,0x24DE,0x013C,0x00EF,0x002B,0xC396,
  0xDD34,0x1867,0x1807,0x6A09,0x9272,0x4011,0x4090,0x3070,0x3891,0x4091,0x386F,0x286D,0x286C,0x286C,0x286C,0x206B,
  0x204A,0x1849,0x1849,0x2069,0x1849,0x1848,0x1848,0x1868,0x1869,0x1869,0x1869,0x1869,0x1868,0x1868,0x1868,0x1868,
  0x1868,0x1868,0x1868,0x1868,0x1869,0x208A,0x208A,0x208A,0x208A,0x208B,0x208A,0x1869,0x1869,0x1869,0x1869,0x1869,
  0x208A,0x208A,0x208A,0x288B,0x288C,0x30AD,0x30AD,0x288C,0x288B,0x286A,0x288A,0x286A,0x286A,0x308A,0x306C,0x510C,
  0xA34E,0x50CE,0x50AF,0x786F,0xDAD4,0xFF15,0xF5A8,0xFFB9,0xF50F,0xE8A0,0xF512,0xFB4A,0xFB4B,0xFD71,0xFB87,0xEB27,
  0xE1A2,0xFE12,0xF4AF,0xC945,0xC207,0x8A28,0xE2C6,0x40A8,0x0001,0x1842,0x18A9,0x5928,0x0067,0x0865,0x0844,0x008D,
  0x23BE,0x2BFC,0x0007,0x006A,0x0025,0x0000,0x0000,0x0000,0x0002,0x0003,0x0002,0x30C9,0x492E,0x1868,0x0028,0x000C,
  0x6179,0x7A1A,0x000D,0x182A,0x0002,0x0022,0x0800,0x2001,0x1801,0x6084,0x2821,0x1000,0x0000,0x0000,0x1801,0x1801,
  0x1001,0x1000,0x4003,0x1801,0x4002,0xE00B,0xE292,0xC041,0xD123,0x40C3,0x3800,0xFA49,0xC22D,0x4009,0x386B,0x306B,
  0x288B,0x288B,0x288B,0x288B,0x28AB,0x30AC,0x30AC,0x38AC,0x38CD,0x40CD,0x40CC,0x48CD,0x50ED,0x590E,0x708E,0x48AE,
  0x30AF,0x30B0,0x20AF,0x18AE,0x20CF,0x40B4,0xD0FE,0xFABF,0xE1FF,0x499F,0x0A5F,0x035F,0x05FF,0x275F,0x4FBF,0x6FFF,
  0x87FF,0x97FF,0xB7FF,0xB7FF,0x77FF,0x47BF,0x6FDF,0x87FF,0x1F3F,0x04FF,0x02FF,0x023E,0x01DD,0x019B,0x0137,0x00F3,
  0x188A,0x1869,0x2069,0x308C,0x386C,0x386C,0x484D,0x682F,0xA033,0xD836,0xFE5D,0xF2BF,0xD81F,0x7037,0x384F,0x2014,
  0x393E,0x119C,0x015A,0x097C,0x0916,0x0045,0x0025,0x0091,0x3090,0x1822,0x096A,0x1B54,0x1B9C,0x29BB,0x4094,0x30B6,
  0x2A1D,0x5C5F,0x4B7F,0x3138,0x30AF,0x30D0,0x40F1,0x38CF,0x2849,0x0003,0x0004,0x0004,0x0024,0x0826,0x0847,0x1047,
  0x1048,0x1048,0x1049,0x184A,0x206C,0x206E,0x304F,0x382E,0x282E,0x184E,0x086B,0x0049,0x0005,0x1004,0x0803,0x0004,
  0x0028,0x004E,0x0072,0x004D,0x0027,0x0025,0x0025,0x0026,0x0025,0x0004,0x0002,0x0001,0x0000,0x0847,0x10B4,0x1053,
  0x0834,0x3178,0x48B6,0x4034,0x981C,0xFC7F,0xFFFF,0xFE7F,0xF1DF,0xC01B,0x9037,0x6012,0x4810,0x300A,0x1806,0x2008,
  0x1805,0x1005,0x1003,0x0000,0x0000,0x0000,0x5008,0x3806,0x384C,0x0868,0x0044,0x0000,0x6A8E,0x38AA,0x28CA,0x0066,
  0x0866,0x0846,0x0025,0x0025,0x0845,0x0844,0x1045,0x5AB1,0x1154,0x031B,0x87BF,0x767F,0x01BD,0x00CE,0x0009,0x8A93,
  0xFCF4,0x6ACF,0x1807,0x5928,0xAB52,0x5013,0x4091,0x306F,0x306F,0x306E,0x286D,0x286B,0x206B,0x206B,0x206A,0x2049,
  0x1849,0x1849,0x2069,0x2069,0x2049,0x1869,0x1869,0x1869,0x1869,0x1869,0x1869,0x1869,0x1869,0x1869,0x1869,0x1868,
  0x1869,0x2069,0x206A,0x186A,0x186A,0x208A,0x208A,0x1869,0x1869,0x208A,0x206A,0x1869,0x1869,0x1868,0x1869,0x208A,
  0x208A,0x208A,0x208A,0x288B,0x308D,0x38AE,0x30AE,0x28AC,0x208B,0x20AB,0x28CD,0x28CD,0x288C,0x288C,0x38AD,0x92EE,
  0x596F,0x40B0,0x58D1,0x90F0,0xF618,0xFD4A,0xFF15,0xFE14,0xF161,0xF32A,0xFC0E,0xFA27,0xFD73,0xFC0B,0xE205,0xDB89,
  0xFBE7,0xFE52,0xD9E5,0xD1E7,0xBA08,0xDB48,0xAA25,0x0002,0x4041,0x1067,0x410A,0x5148,0x0089,0x0844,0x0046,0x0111,
  0x1B5D,0x339B,0x008D,0x00F1,0x0027,0x0001,0x0000,0x0000,0x0000,0x0802,0x0006,0x0004,0x1867,0x2087,0x0003,0x0029,
  0x1830,0x927A,0x2073,0x4893,0x0002,0x0002,0x3866,0x0000,0x0800,0x1001,0x0800,0x0000,0x0000,0x1801,0x1801,0x2001,
  0x1000,0x3803,0x5804,0x3002,0x4001,0xB006,0xFB34,0xF986,0x4840,0x4800,0x6000,0xE904,0xCA4F,0x480A,0x388B,0x306B,
  0x288B,0x288B,0x288B,0x288B,0x288B,0x288B,0x28AC,0x30AC,0x30AC,0x30AC,0x30AC,0x38AC,0x38CD,0x38CD,0x38CD,0x28AC,
  0x20AE,0x28D0,0x18AF,0x18AE,0x20AF,0x4095,0xD8DF,0xFADF,0xF25F,0x51FF,0x0A9F,0x047F,0x37BF,0x9FFF,0xAFFF,0x9FFF,
  0x77DF,0x67DF,0xA7DF,0x8FFF,0x0EFF,0x067F,0x6FDF,0xA7FF,0x1EDF,0x03BF,0x02DF,0x027F,0x01FE,0x019C,0x0138,0x00F4,
  0x1069,0x1869,0x286B,0x388D,0x408D,0x406D,0x504E,0x8832,0xD016,0xFC9C,0xFD1F,0xC81D,0x7037,0x8059,0x485B,0x20DB,
  0x117C,0x015B,0x017B,0x0138,0x0066,0x0066,0x108D,0x2872,0x28F6,0x0AFA,0x2D7F,0x3E3F,0x249F,0x19FB,0x30AF,0x30AF,
  0x2936,0x2A1C,0x31DB,0x30D5,0x38D2,0x38D0,0x1867,0x0002,0x0002,0x0825,0x0846,0x0868,0x0868,0x1069,0x0848,0x0848,
  0x1049,0x206C,0x58B0,0x5871,0x3850,0x382E,0x400F,0x300E,0x180B,0x0809,0x000B,0x082D,0x000F,0x000F,0x000F,0x0010,
  0x000E,0x000A,0x000B,0x0030,0x0852,0x084F,0x0809,0x0805,0x0005,0x0805,0x0805,0x0002,0x0001,0x0000,0x084A,0x1873,
  0x1850,0x184F,0x38B3,0x5095,0x7039,0xD01F,0xF33F,0xFFFF,0xFFFF,0xFB3F,0x8012,0x9015,0x9078,0x6833,0x382A,0x3067,
  0x2006,0x1805,0x1005,0x0802,0x0801,0x0000,0x0801,0x4806,0x402A,0x204A,0x0846,0x0000,0x3928,0x7211,0x18A6,0x0043,
  0x0842,0x1063,0x2905,0x3146,0x3126,0x3125,0x3905,0x006B,0x0112,0x01DA,0x2D9F,0x979F,0x025C,0x008D,0x0006,0x5A13,
  0xFC12,0xD4B5,0x38A9,0x3024,0x9B8E,0x50B0,0x284C,0x286C,0x206B,0x206B,0x206A,0x206B,0x206B,0x204B,0x206A,0x206A,
  0x2069,0x1869,0x1849,0x2069,0x206A,0x206A,0x1869,0x1869,0x1869,0x1869,0x188A,0x208B,0x288B,0x288B,0x206A,0x1869,
  0x1889,0x208A,0x206A,0x1869,0x1869,0x1869,0x1869,0x1868,0x1869,0x206A,0x208B,0x208B,0x208A,0x2089,0x208A,0x288B,
  0x288A,0x2069,0x1869,0x2089,0x288B,0x28AD,0x3112,0x3975,0x3175,0x3175,0x39D8,0x39B7,0x3111,0x28CE,0x410F,0x5150,
  0x40D1,0x5131,0x6871,0xD458,0xFDAE,0xFCA9,0xFF18,0xFC47,0xFBC6,0xFD32,0xF986,0xFBEF,0xFBEB,0xEA45,0x79A5,0xF344,
  0xFDD0,0xFC6B,0xC984,0xD9C5,0xD2C8,0xEBC8,0x1842,0x4083,0x50A4,0x0048,0x79A9,0x3909,0x088A,0x0844,0x0003,0x00AD,
  0x029B,0x0218,0x0930,0x0132,0x0029,0x0023,0x0001,0x0000,0x0000,0x0800,0x2805,0x1006,0x0004,0x0004,0x0003,0x0025,
  0x0009,0x69D6,0x6179,0x78FC,0x1024,0x4808,0x608B,0x0000,0x0000,0x0000,0x0000,0x0000,0x1001,0x1000,0x2802,0x2802,
  0x1801,0x5805,0x6805,0x4002,0x6825,0xD007,0xFA92,0xB1C8,0x1000,0x9801,0x7000,0xC041,0xFBB2,0x706D,0x406B,0x386B,
  0x306B,0x288B,0x208B,0x208B,0x208C,0x288C,0x28AC,0x28AC,0x28AC,0x28AC,0x28AC,0x30AD,0x28AD,0x28AC,0x28AC,0x208C,
  0x18AE,0x20D1,0x20D0,0x18AE,0x20AF,0x4095,0xD0BF,0xFABF,0xEA7F,0x521F,0x0ABF,0x045F,0x275F,0x77FF,0x9FFF,0x77DF,
  0x0EDF,0x0EDF,0x87FF,0x8FFF,0x065F,0x0E7F,0x97FF,0x87DF,0x061F,0x045F,0x037F,0x027F,0x01FE,0x019C,0x0138,0x00F4,
  0x1047,0x1048,0x206A,0x306C,0x386D,0x406D,0x6050,0xA814,0xF1F9,0xFEDF,0xB87C,0x7878,0xA89B,0x48BC,0x0939,0x11BC,
  0x017B,0x019B,0x0159,0x008D,0x186D,0x4871,0x384E,0x2890,0x1159,0x0B1F,0x2CFF,0x3D9F,0x245F,0x19DA,0x30B0,0x30B0,
  0x2936,0x2A1B,0x29DB,0x38F7,0x30AE,0x0804,0x0003,0x0825,0x0867,0x0868,0x0868,0x1068,0x1069,0x0868,0x206A,0x386D,
  0x508F,0x80B2,0x80B0,0x482B,0x1808,0x1808,0x180B,0x102E,0x1032,0x1035,0x0836,0x1079,0x1059,0x1839,0x1017,0x1015,
  0x1036,0x1034,0x0810,0x080E,0x080D,0x0830,0x082F,0x102B,0x1007,0x0806,0x0806,0x0805,0x0003,0x0002,0x0001,0x1029,
  0x2051,0x2030,0x2010,0x2811,0x4854,0x905C,0xD81F,0xFA5F,0xFEBF,0xFCDE,0xEB9D,0xF07D,0xD81C,0x7013,0x7853,0x486B,
  0x1803,0x1806,0x1805,0x1003,0x1003,0x0801,0x0000,0x0800,0x2804,0x382C,0x0868,0x0002,0x3908,0x69AE,0x2823,0x20A2,
  0x28C3,0x1882,0x20C4,0x1083,0x1062,0x0842,0x2149,0x008B,0x0112,0x01D9,0x031C,0x371F,0x02DA,0x004D,0x0005,0x2950,
  0xF3F5,0xFBD1,0x82EE,0x0001,0x8308,0x618C,0x200A,0x286B,0x206B,0x206B,0x286B,0x206B,0x206B,0x206B,0x206B,0x206A,
  0x206A,0x206A,0x206A,0x206A,0x206A,0x206A,0x206A,0x206A,0x206B,0x208B,0x208C,0x308D,0x30AD,0x308C,0x208B,0x1869,
  0x1869,0x1869,0x1869,0x1869,0x1869,0x1869,0x1869,0x1869,0x208A,0x208B,0x288B,0x288C,0x288B,0x208A,0x208A,0x208A,
  0x208B,0x208B,0x20AB,0x28CD,0x28EF,0x3131,0x5A1B,0x8B5F,0x731E,0x52DE,0x52DE,0x4A3C,0x3132,0x30CF,0x30CF,0x38F0,
  0x4931,0x58D2,0xAA55,0xFE76,0xFAE2,0xFE11,0xFE0E,0xFDA7,0xFE52,0xFB2D,0xF2AB,0xFC0D,0xF223,0x40E3,0xAB49,0xFC07,
  0xFEB4,0xEB06,0xE1E5,0xC9E5,0xD388,0xA2C5,0x58A3,0x7926,0x2885,0x10A7,0x91A8,0x1088,0x10A9,0x0024,0x1045,0x106B,
  0x1B39,0x22F7,0x0153,0x0951,0x002C,0x0025,0x0000,0x0025,0x0001,0x0000,0x0801,0x2804,0x1003,0x0024,0x0024,0x0003,
  0x0002,0x38F1,0x81F9,0x70BB,0x388B,0x3807,0x4828,0x0000,0x0000,0x0000,0x0000,0x2002,0x2802,0x2802,0x4003,0x2001,
  0x2823,0x7026,0x7026,0x6024,0x8045,0xD809,0xF991,0xAA0A,0x4800,0xC802,0xC803,0xC800,0xFAAC,0xB1F1,0x500B,0x388C,
  0x308C,0x288C,0x288C,0x208C,0x208C,0x208C,0x208C,0x20AC,0x208C,0x20AC,0x28AD,0x28AD,0x20AD,0x20AC,0x208C,0x188C,
  0x18AF,0x20F3,0x20F2,0x20AF,0x28AF,0x4094,0xD11E,0xFBDF,0xF33F,0x6A3F,0x0ADF,0x0B9F,0x053F,0x0F1F,0x7FFF,0x8FFF,
  0x167F,0x065E,0x87FF,0x97DF,0x06DF,0x1F3F,0x97FF,0x4FBF,0x06FF,0x1F1F,0x061F,0x033F,0x01FE,0x01BC,0x0158,0x0114,
  0x1047,0x1047,0x1848,0x2049,0x284A,0x386C,0x6850,0xC056,0xFE5E,0xE23F,0xA01B,0xA87C,0x50DC,0x0117,0x09BC,0x019C,
  0x01BC,0x019B,0x10AE,0x4914,0x7B3F,0x3A3D,0x20B3,0x208F,0x20B1,0x11BC,0x135F,0x1BFF,0x12BF,0x2117,0x28B1,0x30B1,
  0x3136,0x221D,0x4A1E,0x40CF,0x0002,0x0025,0x0868,0x1069,0x1068,0x0868,0x1068,0x1069,0x0869,0x1848,0x608D,0x386A,
  0x1827,0x1807,0x1808,0x2009,0x280A,0x302D,0x3811,0x3018,0x201D,0x181D,0x101A,0x481D,0x601D,0x701E,0x901F,0x881D,
  0x701C,0x681C,0x581B,0x4819,0x2014,0x000C,0x0008,0x0829,0x102C,0x200B,0x280A,0x2008,0x1006,0x0803,0x0002,0x0000,
  0x1007,0x3032,0x3012,0x3812,0x3813,0x4815,0x8039,0xC81D,0xE87D,0xFD1F,0xFFFF,0xFD9F,0xF95F,0xE01E,0x7012,0x480C,
  0x3809,0x3048,0x3028,0x1005,0x1004,0x1003,0x0001,0x0000,0x0000,0x480A,0x186B,0x0866,0x0001,0x0801,0x3044,0x18A4,
  0x2126,0x2967,0x1906,0x2968,0x18C4,0x296A,0x2189,0x3292,0x00B0,0x0196,0x00D4,0x15DE,0x0B7A,0x004E,0x0026,0x10EE,
  0xDBF7,0xFA8D,0xDC70,0x1043,0x49C4,0x828C,0x200B,0x286B,0x286B,0x286B,0x286B,0x286B,0x286B,0x286B,0x206B,0x206B,
  0x206B,0x206B,0x206A,0x206A,0x206A,0x288B,0x308C,0x308D,0x208B,0x208B,0x208C,0x288C,0x288B,0x206A,0x206A,0x206A,
  0x206A,0x206A,0x206A,0x288B,0x288B,0x288B,0x208B,0x208A,0x208A,0x206A,0x206A,0x208A,0x208A,0x20AB,0x28CD,0x28CE,
  0x3110,0x3131,0x3953,0x3974,0x4195,0x3996,0x5A3B,0x835F,0x7B5F,0x5AFF,0x52DF,0x4A1C,0x3912,0x30CE,0x38EF,0x40F0,
  0x4911,0x7933,0xEE1A,0xFC6B,0xF202,0xFF55,0xFE48,0xFECF,0xFD54,0xF9A8,0xF4AF,0xFAE5,0x4060,0x31A6,0xFBC8,0xFD0E,
  0xFE11,0xE285,0xFAC7,0x89C4,0x28C2,0x8183,0xA1C7,0x6107,0x0845,0x5967,0x8146,0x0068,0x1087,0x0023,0x3088,0x4048,
  0x0276,0x0217,0x08AF,0x106B,0x084D,0x0026,0x0002,0x008B,0x0046,0x0000,0x0000,0x0000,0x0000,0x0000,0x0001,0x0003,
  0x0002,0x0808,0x48F3,0x082C,0x204A,0x788B,0x4027,0x0000,0x0000,0x0000,0x1001,0x3803,0x3002,0x4803,0x3002,0x3003,
  0x3804,0x6006,0x7005,0x8826,0xC828,0xD006,0xF931,0xD350,0x9000,0xC802,0xE803,0xF804,0xF948,0xE333,0x700B,0x488D,
  0x388C,0x308C,0x288C,0x208C,0x208C,0x208C,0x208C,0x208C,0x208C,0x20AC,0x20AD,0x20AD,0x20AD,0x188C,0x18AC,0x188C,
  0x18AF,0x20F3,0x20D2,0x20AF,0x20AF,0x3894,0xC8FE,0xFBDF,0xFB5F,0x6A5F,0x12DF,0x0B7F,0x03DF,0x05DF,0x67DF,0xC7FF,
  0x479F,0x071F,0x7FDF,0x97DF,0x2F9F,0x47BF,0x9FFF,0x87DF,0x7FFF,0x9FFF,0x3FBF,0x043F,0x01DF,0x01BD,0x0159,0x00F4,
  0x1047,0x1047,0x1847,0x2048,0x204A,0x384C,0x6810,0xE3FB,0xF35F,0xE81F,0xB85D,0x693E,0x00D7,0x0979,0x01FD,0x01DC,
  0x1958,0x486E,0x4072,0x3A5F,0x541F,0x327D,0x28D3,0x28AF,0x20B1,0x115B,0x09DF,0x0A1F,0x119E,0x20D5,0x30B1,0x30D2,
  0x3138,0x623C,0x490C,0x0002,0x0846,0x1068,0x0868,0x0848,0x0848,0x1069,0x0867,0x0845,0x0002,0x0001,0x0000,0x0001,
  0x0804,0x1807,0x300B,0x400E,0x5811,0x8818,0xA89D,0xA9BF,0xAB7F,0x9B9F,0x99FE,0xED7F,0xF63F,0xFE3F,0xFE7F,0xFE1F,
  0xFD5F,0xFCBF,0xF45F,0xF3FF,0xB15E,0x4076,0x2870,0x100A,0x0006,0x0806,0x1808,0x280A,0x2809,0x2007,0x1003,0x0000,
  0x0000,0x1827,0x282C,0x3811,0x4013,0x4813,0x6055,0x7857,0x6815,0xD0BC,0xFD1F,0xFFFF,0xFDDE,0xF8DF,0xE01D,0x7833,
  0x600F,0x502D,0x402A,0x2006,0x1004,0x1003,0x0802,0x0000,0x0000,0x3006,0x404E,0x08A8,0x0001,0x0801,0x814F,0x2927,
  0x21EC,0x10A6,0x0884,0x31CF,0x1063,0x62D0,0x20C7,0xC513,0x3A51,0x00F2,0x00F2,0x03F9,0x04BC,0x0030,0x0047,0x006B,
  0xBB37,0xFA8E,0xFC0E,0x728A,0x2061,0x932C,0x280C,0x306C,0x286C,0x286C,0x286C,0x286C,0x286B,0x286B,0x286B,0x286C,
  0x286C,0x286C,0x286C,0x206B,0x206B,0x288B,0x308C,0x308C,0x206B,0x186A,0x186A,0x186A,0x1869,0x2069,0x206A,0x288B,
  0x288C,0x288C,0x288C,0x308C,0x30AC,0x288C,0x208C,0x20AE,0x28CE,0x20AC,0x20AB,0x20AB,0x28CD,0x3911,0x4154,0x4175,
  0x4196,0x41B6,0x41B7,0x41B7,0x41B7,0x41B6,0x41B7,0x41F9,0x4A1A,0x421A,0x41FB,0x4198,0x3111,0x30CF,0x38F0,0x4911,
  0x58F1,0xBB96,0xED73,0xF920,0xFDB2,0xFF4F,0xFEAA,0xFEF8,0xF9A8,0xF32C,0xFC69,0x68C1,0x1001,0xBB6C,0xFB25,0xFE73,
  0xFC29,0xD225,0xFB68,0x2861,0x6963,0xD328,0x88E8,0x58E6,0x28C6,0xAA69,0x6105,0x0068,0x1066,0x0024,0x40CA,0x6069,
  0x0190,0x01B4,0x11B3,0x106C,0x102C,0x084A,0x10A5,0x114F,0x0069,0x0001,0x0023,0x0000,0x0000,0x0000,0x0000,0x0000,
  0x0004,0x0003,0x006A,0x006B,0x188A,0x0801,0x0000,0x0001,0x0000,0x1022,0x3003,0x2801,0x4003,0x6806,0x4004,0x5806,
  0x5847,0x6006,0x6004,0x9827,0xE80C,0xE80B,0xF0D0,0xF392,0xC800,0x7801,0xE004,0xF806,0xF8AC,0xFC17,0xA86D,0x584D,
  0x408D,0x308C,0x288C,0x288C,0x208C,0x208C,0x208C,0x208C,0x20AC,0x208C,0x20AC,0x20AC,0x20AC,0x188C,0x188C,0x188C,
  0x18AE,0x20D2,0x20D1,0x20AF,0x20AF,0x38B4,0xB8BE,0xFADF,0xF2BF,0x6A3F,0x12FF,0x0B7F,0x03FF,0x053F,0x2F7F,0x9FFF,
  0x7FDF,0x4FBF,0x97DF,0xAFDF,0x97FF,0xA7FF,0xB7FF,0xA7FF,0x9FFF,0x87FF,0x2F5F,0x03DF,0x01DE,0x019C,0x0137,0x00F4,
  0x1047,0x1047,0x1847,0x1848,0x2049,0x300B,0x7932,0xE3DF,0xF83F,0xB81C,0x695E,0x199B,0x0114,0x025F,0x099D,0x30D2,
  0x482A,0x406E,0x28D4,0x31FD,0x327F,0x2958,0x2890,0x288F,0x20F7,0x1A7F,0x1B1F,0x12FF,0x1ABF,0x2159,0x28B1,0x38F5,
  0x71B8,0x30CA,0x0004,0x0846,0x0846,0x0846,0x106A,0x208E,0x58B1,0x2049,0x0024,0x0022,0x0023,0x0025,0x0045,0x0024,
  0x0004,0x0805,0x1007,0x380D,0xDA5D,0xFCFF,0xFDBF,0xFDDF,0xF5DF,0xAB5F,0xCA1F,0xFB5F,0xF31F,0xF31F,0xEA9F,0xE25F,
  0xE27F,0xE29F,0xE2BF,0xD2DE,0x9158,0x70F5,0x7115,0x5012,0x6054,0x482E,0x0803,0x1003,0x2005,0x2006,0x1805,0x1003,
  0x0802,0x0801,0x1004,0x2009,0x280B,0x300D,0x50B0,0x6873,0x8058,0xA01A,0xE07E,0xF1BD,0xF1DB,0xFD5E,0xF23E,0xB819,
  0x8034,0x6010,0x400A,0x384A,0x2006,0x1003,0x0803,0x0001,0x0000,0x0800,0x400B,0x1088,0x0865,0x0002,0x0821,0x0000,
  0x628E,0x420A,0x0884,0x7AAE,0x2925,0x7989,0x2064,0x7985,0x8370,0x008E,0x00F0,0x0277,0x0D5E,0x0071,0x0028,0x0089,
  0x8215,0xFAF1,0xF2EB,0xD572,0x2821,0x9B29,0x386E,0x304D,0x306D,0x286D,0x306D,0x306D,0x306D,0x286D,0x306D,0x306D,
  0x308D,0x288D,0x288C,0x206B,0x206A,0x206A,0x206A,0x286B,0x286B,0x286B,0x206B,0x206A,0x208A,0x206A,0x206A,0x206B,
  0x208B,0x288C,0x288C,0x28AE,0x28D1,0x2934,0x29D8,0x2A7B,0x31FA,0x2933,0x28EF,0x3110,0x3911,0x4133,0x5176,0x49B7,
  0x41B7,0x41B7,0x41B6,0x4196,0x4196,0x41B6,0x41B6,0x4196,0x4196,0x4196,0x4196,0x4174,0x3111,0x30F0,0x4111,0x48D1,
  0x8A13,0xC436,0xF2A7,0xFCB0,0xFFF6,0xFEA9,0xFFB9,0xFBCF,0xF887,0xFC6C,0x69A2,0x3803,0x6929,0xEBEC,0xFC2A,0xFE11,
  0xCA03,0xC226,0xB2C7,0x5861,0xFD0D,0xA207,0x78A7,0x7946,0x71C9,0xC2A9,0x40C6,0x0088,0x1045,0x1067,0x510B,0xB28F,
  0x292A,0x0110,0x0953,0x10AD,0x1809,0x104D,0x0044,0x00ED,0x00AC,0x0000,0x0046,0x0001,0x0000,0x0000,0x0000,0x0000,
  0x0821,0x0001,0x2129,0x3A73,0x0022,0x0000,0x0801,0x0001,0x0000,0x4025,0x6088,0x2803,0x6006,0x88AC,0x6007,0x4805,
  0x4003,0x7808,0x6805,0x9827,0xD04A,0xF00A,0xF02F,0xFC37,0xE103,0x8000,0xC024,0xF827,0xF00A,0xFBB6,0xDA11,0x800D,
  0x508E,0x388D,0x308C,0x288C,0x208B,0x208C,0x208C,0x208C,0x208C,0x208C,0x188B,0x188B,0x188B,0x188B,0x188C,0x188C,
  0x188D,0x28D2,0x20B1,0x20AF,0x30B1,0x40B6,0xC8FE,0xFB1F,0xFAFF,0x723F,0x0AFF,0x045F,0x0E5F,0x271F,0x57BF,0xA7FF,
  0xB7FF,0xAFFF,0xB7FF,0xBFFF,0xB7FF,0x97DF,0x5FBF,0x3F9F,0x1F1F,0x0E5F,0x04BF,0x029F,0x01BD,0x017A,0x0137,0x00F4,
  0x1047,0x1047,0x1848,0x1848,0x204A,0x280B,0xA2D8,0xF21F,0xC05D,0x695D,0x2A3D,0x00B3,0x023D,0x393A,0x502E,0x382A,
  0x206B,0x288C,0x3890,0x415A,0x399C,0x30D5,0x288F,0x288F,0x297B,0x3C1F,0x3D1F,0x3D1F,0x345F,0x19FB,0x3094,0x58CF,
  0x2045,0x0808,0x208E,0x28CE,0x2110,0x3954,0x3914,0x208D,0x1868,0x0067,0x0088,0x0068,0x0067,0x0068,0x008A,0x108B,
  0x106A,0x0827,0x0806,0x300C,0x9919,0xD1BF,0xD89F,0xB01D,0x581D,0x401D,0x681F,0x781E,0x781E,0x701E,0x681C,0x581A,
  0x581A,0x5819,0x5817,0x4010,0x280B,0x200A,0x280A,0x280A,0x300B,0x400D,0x380C,0x2808,0x1803,0x0801,0x0802,0x1803,
  0x2004,0x1803,0x2003,0x300B,0x280B,0x2009,0x200A,0x280C,0x5012,0x8839,0xB01C,0xE01D,0xF41E,0xFFBF,0xFE7F,0xF9BF,
  0xE01D,0x9035,0x582E,0x504D,0x2005,0x1003,0x0803,0x0802,0x0001,0x0000,0x1804,0x286A,0x10A7,0x1066,0x0003,0x0001,
  0x6986,0xAB08,0x0000,0x4862,0x2001,0x40A4,0x4945,0x40C2,0xC450,0x00CE,0x00CE,0x0175,0x0D7E,0x0112,0x0007,0x00C6,
  0x8A34,0xE272,0xEACB,0xFED5,0x6208,0x8286,0x592F,0x302E,0x386E,0x306E,0x386E,0x386F,0x386F,0x306E,0x306E,0x306D,
  0x286C,0x286C,0x206B,0x206B,0x206B,0x206A,0x206A,0x206A,0x288B,0x288C,0x288C,0x286B,0x206A,0x206A,0x208B,0x208C,
  0x20AC,0x20CD,0x2912,0x323B,0x3B1E,0x3B5E,0x441F,0x551F,0x3BBF,0x2998,0x3111,0x3933,0x3912,0x3111,0x4154,0x4996,
  0x41B7,0x41B7,0x41B6,0x4196,0x4196,0x4196,0x41B6,0x41B6,0x41B6,0x4196,0x41B6,0x4175,0x3911,0x38F0,0x40F1,0x69B2,
  0x9AB5,0xCB0E,0xFD50,0xFFF5,0xFEA5,0xFFB7,0xFDF5,0xF8E8,0xFA0A,0x8245,0x4003,0x7009,0xA36F,0xFBE9,0xFD2E,0xFC29,
  0xC162,0xDAC6,0x9964,0xE3AA,0xE4EE,0x88C3,0x9986,0x8146,0x81E9,0xC2A9,0x2087,0x10A8,0x0843,0x20A8,0x616D,0x922E,
  0x40E8,0x00AC,0x0112,0x18AE,0x280B,0x202F,0x0027,0x0089,0x00CD,0x00E9,0x0067,0x0046,0x0000,0x0000,0x0000,0x0000,
  0x0000,0x0000,0x1042,0x18C7,0x0000,0x0001,0x0000,0x0021,0x0801,0x6808,0x706A,0x5806,0x6006,0x3803,0x880A,0x5806,
  0x4804,0x8009,0x6805,0x9828,0xD80A,0xF08D,0xF8B1,0xFCD9,0xD1A5,0x9800,0xC824,0xE827,0xF80B,0xFA75,0xFC57,0xA80E,
  0x588E,0x388D,0x306C,0x288C,0x208B,0x208C,0x208C,0x208C,0x208C,0x208C,0x208C,0x188B,0x188B,0x188C,0x188C,0x188C,
  0x18AD,0x20D2,0x20B1,0x20D0,0x38B2,0x40B6,0xC91E,0xFB9F,0xFB9F,0x827F,0x033F,0x0E5F,0x77FF,0xAFFF,0xB7FF,0xAFFF,
  0xA7FF,0xAFFF,0xBFFF,0xBFDF,0xAFDF,0x4FDF,0x067F,0x051F,0x04BF,0x03DF,0x02DF,0x021E,0x019C,0x015A,0x0137,0x0115,
  0x1048,0x1048,0x1848,0x2049,0x202A,0x6111,0xF67F,0xD97F,0x70BD,0x3AFF,0x00D1,0x18D2,0x58F6,0x480B,0x284A,0x206A,
  0x206A,0x206A,0x286C,0x3890,0x38D3,0x38B1,0x308F,0x3091,0x31BC,0x3C3F,0x3CBF,0x3CFF,0x347F,0x29FB,0x384A,0x1024,
  0x28D0,0x4937,0x4119,0x4959,0x6957,0x58CF,0x0846,0x0045,0x0067,0x0088,0x0087,0x0067,0x0068,0x0088,0x0006,0x28CA,
  0x392D,0x0006,0x182B,0x3811,0x4015,0x581C,0x583D,0x387A,0x2879,0x3838,0x3837,0x2836,0x2833,0x3033,0x3815,0x3813,
  0x3010,0x380F,0x480E,0x500E,0x500E,0x500D,0x502E,0x482D,0x400C,0x400B,0x400B,0x400B,0x3809,0x2806,0x1803,0x1002,
  0x1002,0x2003,0x2003,0x1801,0x2005,0x280A,0x280A,0x280B,0x380C,0x4810,0x6013,0xC01C,0xE83D,0xFC9E,0xFF7F,0xFF1F,
  0xFA3F,0xD81C,0x7010,0x580F,0x482C,0x1003,0x0803,0x1003,0x0802,0x0000,0x0800,0x3047,0x20A9,0x18A9,0x1887,0x0002,
  0x2820,0xE3A8,0x1061,0x4966,0x936C,0x20A1,0xA40B,0x2861,0xE52F,0x198F,0x00AD,0x00D2,0x0CBC,0x0254,0x0006,0x0044,
  0xB293,0xD1F0,0xEAEE,0xFE72,0xACB0,0x61C4,0x71CF,0x3810,0x4890,0x3870,0x386F,0x386F,0x386E,0x306D,0x306D,0x286D,
  0x286C,0x288C,0x288C,0x288C,0x288C,0x288B,0x288B,0x288B,0x206A,0x288B,0x288C,0x288C,0x38AD,0x38D0,0x2912,0x2933,
  0x2952,0x3153,0x31DA,0x4C1F,0x75DF,0x655F,0x657F,0x6E1F,0x3BFF,0x2198,0x3111,0x3112,0x3111,0x2910,0x3133,0x4196,
  0x41B7,0x41B7,0x41B7,0x4196,0x4196,0x4196,0x4196,0x41B6,0x4196,0x4196,0x49B7,0x4175,0x3912,0x4111,0x5111,0x8A34,
  0x912F,0xF5D4,0xFFF6,0xFEE3,0xFF31,0xFFDB,0xFACC,0xF128,0xA925,0x2801,0x982C,0x68AC,0xE4CF,0xFBA7,0xFDB1,0xFB24,
  0xC9E3,0x60E6,0xE1C6,0xFDF1,0xC2A7,0xC244,0xE326,0x7946,0x9A48,0xBA68,0x1888,0x10A9,0x1863,0x40E9,0x614C,0x60E9,
  0x58A6,0x08EB,0x0953,0x20D0,0x300D,0x1007,0x0846,0x0088,0x00AB,0x00A8,0x0088,0x0069,0x0023,0x0000,0x0002,0x0022,
  0x0000,0x0000,0x0000,0x0800,0x0000,0x0001,0x0000,0x0000,0x3805,0x6007,0x784A,0x6828,0x5005,0x60A8,0x880A,0x6827,
  0x7027,0x8008,0xA00A,0x9069,0xE84E,0xF04E,0xF8F2,0xFC79,0xD964,0x9000,0xE026,0xE827,0xF82C,0xF173,0xFD5A,0xC06F,
  0x584D,0x406D,0x308D,0x288C,0x208C,0x208C,0x208C,0x208C,0x20AC,0x20AC,0x20AC,0x208C,0x188C,0x188C,0x188C,0x188C,
  0x18AD,0x20D0,0x20B0,0x28B0,0x38B2,0x40B5,0xC0DD,0xFB5F,0xFB5F,0x829F,0x0B5F,0x1E9F,0x87FF,0x9FFF,0x6FFF,0x479F,
  0x4FBF,0x8FDF,0xBFFF,0xBFFF,0xB7FF,0x87FF,0x2F5F,0x059F,0x047F,0x03DF,0x02FF,0x023E,0x019C,0x017A,0x0138,0x0115,
  0x1048,0x1049,0x1849,0x2069,0x200A,0xBD1A,0xFD1F,0x881D,0x2ADF,0x01B7,0x2008,0x500B,0x302A,0x286B,0x306B,0x306B,
  0x206A,0x206A,0x286B,0x286B,0x306C,0x306D,0x306D,0x308F,0x3117,0x2A1D,0x2A5D,0x2ABF,0x3B9E,0x3931,0x286C,0x3113,
  0x3917,0x28D7,0x5A3A,0x69D3,0x2848,0x0047,0x0068,0x0089,0x0089,0x0089,0x00AA,0x008A,0x0069,0x0046,0x0067,0x08ED,
  0x0994,0x0135,0x08B3,0x1892,0x2071,0x2071,0x1870,0x186F,0x1870,0x2071,0x3072,0x3071,0x306F,0x202A,0x200D,0x68D3,
  0x91B4,0x684F,0x700F,0xA895,0xB016,0xB015,0xA816,0xA015,0x9013,0x8011,0x7010,0x602E,0x500C,0x580C,0x500B,0x4009,
  0x3005,0x2804,0x2003,0x1802,0x1001,0x1801,0x2007,0x280A,0x300B,0x380B,0x380C,0x6813,0xC01C,0xD01B,0xFC5F,0xFE7F,
  0xF43E,0xF0BE,0xA817,0x400C,0x480F,0x482D,0x2026,0x0802,0x0802,0x0000,0x0000,0x0000,0x2868,0x18A9,0x1888,0x0844,
  0x0800,0xCB08,0x7228,0x1864,0xDDB2,0x2082,0xC42A,0x4124,0xF44A,0x734F,0x004B,0x00AF,0x0378,0x0357,0x0006,0x0024,
  0xA272,0xD9AF,0xDA2E,0xFD6E,0xEED4,0x6A25,0x820D,0x4010,0x4090,0x386F,0x306E,0x306E,0x306E,0x306E,0x306E,0x306E,
  0x308D,0x308D,0x308D,0x308E,0x308D,0x288C,0x286B,0x288B,0x288B,0x28AC,0x28CD,0x30CE,0x6935,0x71D9,0x41FA,0x39D9,
  0x39B8,0x3997,0x3A3C,0x547F,0x7E3F,0x6DDF,0x659F,0x6E1F,0x43DF,0x2998,0x2911,0x2911,0x2910,0x2910,0x3133,0x4196,
  0x41B7,0x4197,0x4197,0x4196,0x4196,0x4196,0x4196,0x4196,0x41B6,0x41B6,0x49B7,0x4976,0x4132,0x4911,0x6132,0x88D1,
  0xE4B7,0xFFFA,0xFF06,0xFE89,0xFFDA,0xFCD0,0xC8A6,0xC165,0x6061,0x982B,0x980E,0xA2CF,0xFBE9,0xFC6C,0xFD2E,0xFB42,
  0x80E5,0xA0CE,0xFB2A,0xF56D,0xD225,0xF408,0xA1A5,0x6927,0xC309,0xA1A6,0x1889,0x18A9,0x3082,0x6908,0x612B,0x714A,
  0x68C6,0x18A8,0x0952,0x20F1,0x300B,0x1828,0x1048,0x0065,0x0088,0x0087,0x0170,0x0068,0x0089,0x0000,0x0046,0x0024,
  0x0000,0x0000,0x0000,0x0800,0x0000,0x0001,0x0000,0x0000,0x6827,0x7829,0x7809,0x982C,0x4004,0x5087,0x880A,0x6007,
  0x8849,0x6806,0xB00B,0x9007,0xF00F,0xF82F,0xF810,0xFD5B,0xE9C6,0x9000,0xE827,0xF829,0xF84C,0xF0B3,0xFC38,0xDA12,
  0x700D,0x508E,0x388D,0x308D,0x288D,0x208D,0x20AC,0x20AC,0x20AD,0x20AD,0x28CE,0x28CE,0x20AD,0x188C,0x188C,0x188C,
  0x18AD,0x20AF,0x20AF,0x28B0,0x38B2,0x4895,0xD0DD,0xFB9F,0xFB7F,0x827F,0x12FF,0x04FF,0x16DF,0x16DF,0x061F,0x067F,
  0x3FBF,0x9FFF,0xBFFF,0xB7FF,0x97FF,0xA7DF,0xAFFF,0x57DF,0x0E7F,0x04BF,0x031F,0x021F,0x01BD,0x017B,0x0138,0x0116,
  0x1049,0x184A,0x206B,0x182A,0x512F,0xFEBF,0xC8DE,0x321F,0x023C,0x400B,0x680D,0x284B,0x204A,0x284A,0x284A,0x306B,
  0x286B,0x206A,0x286B,0x286B,0x306C,0x386C,0x386D,0x386D,0x388F,0x30B2,0x30B3,0x3917,0x4ABA,0x30F3,0x30D1,0x206F,
  0x3934,0x7B79,0x5270,0x0867,0x0088,0x0089,0x0089,0x00AA,0x008A,0x008A,0x008A,0x00CD,0x0191,0x01D4,0x09B6,0x0196,
  0x0174,0x0155,0x0134,0x0114,0x00F3,0x00B3,0x0094,0x0074,0x0054,0x0033,0x0812,0x1010,0x0809,0x1006,0x0807,0x588F,
  0xC257,0x9071,0xA054,0xFD5F,0xFE9F,0xFDBF,0xFC9F,0xFB5E,0xF1FD,0xE0FA,0xD859,0xC015,0xB814,0x880D,0x5829,0x5809,
  0x5008,0x4807,0x3005,0x2803,0x2002,0x1001,0x1802,0x2806,0x2808,0x300A,0x402C,0x402D,0x8035,0xA038,0xB819,0xFA3E,
  0xFD1F,0xFD7F,0xD09B,0x500E,0x400D,0x400E,0x508F,0x1824,0x0001,0x0801,0x0000,0x0000,0x1002,0x2869,0x1888,0x1866,
  0x0000,0x8A2A,0xCCF4,0x0000,0xB32A,0x4124,0x68E3,0x38C2,0x8903,0x4107,0x008B,0x00AD,0x0213,0x0439,0x0007,0x0004,
  0x8251,0xF231,0xC9CF,0xF3EC,0xFF97,0x9389,0x81EB,0x4051,0x386F,0x306E,0x304E,0x386F,0x4070,0x4871,0x4070,0x386F,
  0x388F,0x388E,0x308E,0x308D,0x388D,0x308C,0x308C,0x28AD,0x28CD,0x28EE,0x28EF,0x30F0,0x6956,0x721B,0x4A3C,0x41FA,
  0x39D9,0x3998,0x3A1B,0x4BDF,0x653F,0x54DF,0x4C7F,0x54DF,0x437F,0x31B9,0x2912,0x2910,0x2910,0x3110,0x3933,0x4196,
  0x49B7,0x4997,0x4197,0x4196,0x4196,0x4196,0x4196,0x4196,0x49B7,0x49B7,0x51B8,0x5196,0x5132,0x5933,0x7092,0xC3D7,
  0xFFFC,0xFEE9,0xFE64,0xFFB6,0xFE31,0xB946,0xB0C3,0xB1A2,0x7007,0xD852,0x604A,0xCC4F,0xFAE5,0xFD0F,0xFC06,0xB9C4,
  0x882B,0xF14E,0xFD0C,0xEB47,0xF385,0xD284,0x60E4,0xA1E7,0xDB68,0x8946,0x18AA,0x1087,0x3881,0x7128,0x7149,0x7949,
  0x7907,0x2086,0x0930,0x1911,0x3809,0x284B,0x086B,0x0845,0x0023,0x0067,0x0214,0x00AC,0x00AC,0x0043,0x0045,0x0047,
  0x0000,0x0000,0x0000,0x0000,0x0000,0x0001,0x0020,0x1802,0x4826,0x784A,0x900C,0x7009,0x6008,0x7009,0x882A,0x8029,
  0xA04B,0x6825,0xB00B,0xD00B,0xD8CE,0xF913,0xF894,0xFB57,0xEA27,0xB800,0xD825,0xF849,0xF84C,0xF811,0xFA97,0xFC36,
  0xA00E,0x588F,0x408E,0x308D,0x288D,0x288D,0x20AD,0x28CE,0x28CF,0x28EF,0x3111,0x3912,0x30AF,0x188C,0x188C,0x188C,
  0x188D,0x20AF,0x28B0,0x30B0,0x40B2,0x6096,0xE11E,0xFC9F,0xFC1F,0x823F,0x0ABF,0x035F,0x041F,0x045F,0x051F,0x275F,
  0x8FFF,0x97FF,0xA7FF,0xAFFF,0x47BF,0x4FBF,0xB7DF,0xBFDF,0x87FF,0x377F,0x05BF,0x031F,0x01DE,0x019C,0x0139,0x0116,
  0x1069,0x184A,0x288C,0x200C,0xAC79,0xF39F,0x593E,0x0ADF,0x4890,0x580B,0x404D,0x306B,0x204A,0x2049,0x2049,0x286A,
  0x286A,0x206A,0x286B,0x286B,0x386C,0x406D,0x406D,0x386D,0x388E,0x388E,0x406E,0x4090,0x3893,0x3091,0x204E,0x6A13,
  0x7B56,0x296D,0x0007,0x008A,0x00AA,0x00AA,0x00AB,0x00AB,0x00AB,0x094F,0x09F5,0x135D,0x023C,0x01FA,0x01B9,0x0198,
  0x0177,0x0158,0x017B,0x019B,0x01BB,0x01FB,0x0A5C,0x1ABD,0x233D,0x33BD,0x2B5B,0x2298,0x2AF8,0x3238,0x2935,0x38D5,
  0x4015,0x4815,0x7816,0xE09C,0xFA7F,0xFBDF,0xFCFF,0xFE1F,0xFEDF,0xFF3F,0xFB5C,0xFBBA,0xFA99,0xC030,0xB00E,0xA80E,
  0x800A,0x6028,0x5007,0x4005,0x3004,0x2003,0x1802,0x2004,0x2806,0x2807,0x382A,0x380A,0x480C,0x7832,0x6811,0xD8DA,
  0xFD9F,0xFF7F,0xFBBF,0x9816,0x500F,0x400E,0x400F,0x408C,0x0802,0x0802,0x0001,0x0000,0x0800,0x1824,0x2089,0x1888,
  0x0024,0x6967,0x9187,0x0801,0x1803,0x0000,0x0002,0x0002,0x2989,0x08EA,0x00AB,0x00EE,0x0130,0x049A,0x006A,0x0002,
  0x69F0,0xFA92,0xC1CF,0xFD14,0xFFDD,0xCCED,0x89C9,0x5092,0x4070,0x386F,0x384F,0x4051,0x4852,0x4853,0x4852,0x4071,
  0x3870,0x3890,0x308E,0x30AE,0x48D0,0x68D1,0x48D0,0x30EF,0x30EF,0x30EF,0x30F0,0x30EF,0x3910,0x4175,0x41FA,0x41FA,
  0x39D9,0x3998,0x39DA,0x431E,0x4BFF,0x3B3E,0x32FE,0x3B5F,0x3A9E,0x3197,0x2911,0x2910,0x3111,0x4112,0x4154,0x4997,
  0x49B7,0x49B7,0x4997,0x41B7,0x49B7,0x41B7,0x4196,0x4996,0x49B7,0x51B7,0x59D8,0x6196,0x6133,0x60B3,0xAA96,0xFFDB,
  0xFF48,0xFE44,0xF58E,0xFEB4,0xCA44,0xB041,0xF221,0x6862,0xC013,0x880E,0x71EB,0xFC8E,0xFB46,0xFD0E,0xC982,0x7828,
  0xC84E,0xFA6E,0xFE4E,0xF487,0xFB44,0x60C1,0x7144,0xDB08,0xE389,0x8905,0x28A8,0x0822,0x3881,0x7148,0x8189,0x9189,
  0x8928,0x38C5,0x090F,0x1910,0x1804,0x284B,0x108B,0x1046,0x0000,0x0026,0x09D2,0x0151,0x00EE,0x0069,0x0044,0x0047,
  0x0000,0x0000,0x0000,0x0000,0x0000,0x0001,0x0000,0x4005,0xA80F,0x6808,0x6048,0x784A,0xA00F,0x880B,0x7048,0x906B,
  0xA06C,0x8827,0xA029,0xE00D,0xC84B,0xE88E,0xF934,0xFB58,0xEA68,0xD801,0xE025,0xF029,0xF82C,0xF811,0xF995,0xFD99,
  0xC82E,0x606F,0x488E,0x388D,0x28AD,0x28AD,0x28CE,0x4112,0x4934,0x3912,0x3934,0x4935,0x30D0,0x188C,0x188C,0x188C,
  0x208D,0x4093,0x6077,0x4894,0x4092,0x6096,0xE11E,0xFCBF,0xFC3F,0x81FF,0x0A7F,0x0B3F,0x03BF,0x04BF,0x1F1F,0x87FF,
  0x9FDF,0x3FBF,0x77DF,0xAFFF,0x275F,0x067F,0x47BF,0x9FFF,0xC7FF,0xBFFF,0x67FF,0x053F,0x01FF,0x019C,0x0139,0x00F6,
  0x1069,0x186A,0x204C,0x40F0,0xFDDF,0x817F,0x0A7F,0x5092,0x2829,0x186A,0x286A,0x286B,0x206A,0x2069,0x2069,0x286A,
  0x286A,0x286A,0x286B,0x306C,0x406D,0x506E,0x506E,0x486D,0x406E,0x406E,0x406F,0x388F,0x302F,0x488F,0x8B16,0x62D4,
  0x008A,0x0048,0x00CA,0x00AA,0x008A,0x00AB,0x110D,0x19B2,0x1A17,0x09FB,0x0BBE,0x0B5F,0x023E,0x02BF,0x031F,0x139E,
  0x343D,0x44DE,0x55BF,0x6E9F,0x771F,0x6F5F,0x6F3F,0x6EDF,0x66BF,0x55FF,0x457F,0x5DFF,0x3CDF,0x2C3D,0x237A,0x32D7,
  0x18AF,0x2052,0x58BA,0x787D,0xA01D,0xC01C,0xC01B,0xD01A,0xF05D,0xC977,0xD0D6,0xFC3D,0xFEDF,0xFF1F,0xFD7E,0xFA7A,
  0xE814,0xB80E,0x800A,0x5807,0x4006,0x3004,0x3004,0x2803,0x2003,0x3007,0x2807,0x2807,0x3009,0x400B,0x500E,0x8013,
  0xF8BE,0xFDDF,0xFF3F,0xF15F,0xA018,0x480F,0x380F,0x300E,0x0802,0x0802,0x0801,0x0000,0x0000,0x0000,0x1866,0x20AA,
  0x1888,0x0001,0x0000,0x0000,0x49EC,0x0022,0x0065,0x0046,0x0069,0x00AA,0x00CC,0x092F,0x00EF,0x0418,0x092C,0x0001,
  0x61EF,0xFAB1,0xCA30,0xEB4F,0xFE58,0xF692,0x9208,0x5071,0x4070,0x4070,0x4051,0x5835,0x7018,0x8019,0xA01C,0x803A,
  0x4894,0x4092,0x38B0,0x28AF,0x7113,0xC157,0xA154,0x50F1,0x30CF,0x30EF,0x30F0,0x28EF,0x28CE,0x3133,0x41D9,0x41FA,
  0x41D9,0x3997,0x31BA,0x4B3F,0x543F,0x439F,0x43BE,0x5C5F,0x4B3F,0x3198,0x2912,0x3112,0x3912,0x4933,0x5175,0x4997,
  0x49B7,0x49B7,0x49B7,0x49B7,0x49B7,0x4996,0x4196,0x4996,0x51B7,0x51B8,0x61B9,0x6998,0x6116,0x89D5,0xFF1B,0xFF68,
  0xFEE6,0xF527,0xF4F0,0xFD6C,0xE1E2,0xF9C2,0x88E1,0x900B,0xB833,0x580B,0xD472,0xFBE9,0xFCED,0xF3EE,0xC90E,0xB84E,
  0xE08E,0xFC2F,0xFF2E,0xFBE5,0xC9C3,0x1861,0xA1A4,0xF3EA,0xDB48,0x8924,0x38A4,0x0823,0x40E3,0x8167,0x89A9,0x91C8,
  0x8948,0x50C4,0x090D,0x292F,0x28A5,0x2829,0x186A,0x204A,0x0802,0x0047,0x092F,0x0951,0x0130,0x00EE,0x0024,0x0022,
  0x0001,0x0001,0x0001,0x0000,0x0000,0x0000,0x0000,0x4806,0x900C,0x884B,0x704A,0x982E,0xA82F,0x902B,0x6026,0xA82E,
  0xB80C,0xA809,0xB00A,0xE80E,0xE80C,0xF830,0xF871,0xFCBA,0xF2AA,0xE002,0xE827,0xF02A,0xF00C,0xF02F,0xFA34,0xFE1A,
  0xF253,0x800F,0x48AF,0x408E,0x30AE,0x28AE,0x28AE,0x4913,0x6157,0x4134,0x3934,0x4134,0x30D0,0x208C,0x188C,0x188C,
  0x288F,0x8079,0xC83E,0x787A,0x4094,0x6096,0xE0DD,0xFC7F,0xFC1F,0x89DF,0x0A5F,0x0B1F,0x043F,0x069F,0x6FFF,0xBFFF,
  0x67BF,0x071F,0x5FBF,0xB7FF,0x375F,0x051F,0x05FF,0x277F,0x7FFF,0xBFFF,0x67DF,0x049F,0x01BE,0x017B,0x0118,0x00F5,
  0x1048,0x188A,0x180C,0x9B77,0xDC5F,0x19DE,0x38D2,0x302A,0x1869,0x2069,0x2069,0x2069,0x2069,0x2069,0x2069,0x286A,
  0x388C,0x386C,0x306B,0x386C,0x486D,0x588E,0x588E,0x508E,0x506E,0x486E,0x406E,0x302D,0x6951,0x8BBB,0x29F2,0x0028,
  0x00AA,0x00CB,0x00AA,0x008B,0x092F,0x2214,0x32B9,0x0A1B,0x021D,0x03BE,0x051F,0x0B9E,0x3CFF,0x563F,0x971F,0x6FBF,
  0x67FF,0x9FFF,0x775F,0x563F,0x2D1F,0x13DF,0x0B3E,0x029F,0x02FE,0x01FC,0x01BC,0x439E,0x3BBE,0x221B,0x1934,0x1912,
  0x18F0,0x10CB,0x188A,0x206C,0x3072,0x5097,0x5075,0x68D3,0x8832,0x680E,0x580D,0xC016,0xE877,0xF2B8,0xFDBD,0xFF9F,
  0xFEBF,0xFB7B,0xE874,0xB80E,0x880B,0x6028,0x5006,0x3804,0x3003,0x3004,0x3007,0x2005,0x2005,0x3009,0x480C,0x482D,
  0x9816,0xF93F,0xFF3F,0xFD5F,0xE81F,0x7014,0x300B,0x3011,0x1008,0x0801,0x0802,0x0000,0x0000,0x0000,0x0001,0x2089,
  0x18AA,0x0865,0x1043,0x0000,0x596C,0x2909,0x0047,0x10A8,0x4A2E,0x00AB,0x00AB,0x3A51,0x10ED,0x02D3,0x01CF,0x0001,
  0x4230,0xF2D1,0xD24F,0xE28E,0xFD34,0xFF13,0xA32B,0x5012,0x5074,0x4053,0x5857,0xC01E,0xE87F,0xF09F,0xF8FF,0xD85F,
  0x5858,0x38B3,0x38B1,0x28AF,0x60F3,0xB976,0xD195,0x9933,0x40F0,0x30F0,0x30F0,0x28EF,0x28CF,0x3934,0x4999,0x41B9,
  0x41B8,0x3997,0x39FB,0x5C1F,0x7DBF,0x755F,0x759F,0x7DFF,0x541F,0x31B9,0x3113,0x3933,0x3912,0x4933,0x4955,0x4997,
  0x49B7,0x49B7,0x49B7,0x49B7,0x49B7,0x4996,0x4996,0x4996,0x51B7,0x59D8,0x79DA,0x81BA,0x8158,0xE63B,0xFF8C,0xFEE8,
  0xFCCB,0xFDED,0xFF35,0xFB42,0xFA62,0xB962,0x7007,0xD814,0x9811,0x794E,0xF4CF,0xFC26,0xFBEC,0xC889,0xC9B1,0xF030,
  0xF8CC,0xFDAC,0xF589,0xF244,0x8163,0x1061,0xD205,0xF46C,0xE2A6,0x7923,0x2022,0x1026,0x4944,0xC227,0xA1C7,0x91C8,
  0x8148,0x60C4,0x10CB,0x210F,0x30A7,0x300A,0x184A,0x184C,0x1005,0x0003,0x00EF,0x0993,0x090E,0x11B2,0x0047,0x0000,
  0x0022,0x0045,0x0023,0x0001,0x0000,0x0000,0x0000,0x706A,0x902C,0xB02F,0x804B,0x884C,0x900A,0x988D,0x804A,0xB02E,
  0xA80B,0xC8AF,0xC84C,0xE00D,0xF82F,0xF02E,0xF871,0xFCDA,0xFACC,0xE803,0xF029,0xF009,0xF00D,0xF191,0xF951,0xFAD5,
  0xF396,0x980E,0x58AF,0x408E,0x30AE,0x28AE,0x28AE,0x38F1,0x4934,0x30F1,0x28F0,0x28F1,0x20CE,0x188C,0x188D,0x188D,
  0x3891,0xA05C,0xF01F,0x907A,0x4073,0x5075,0xD8BD,0xFB7F,0xFB5F,0x91DF,0x1A5F,0x0B7F,0x065F,0x5FFF,0xB7FF,0x87FF,
  0x16DF,0x063F,0x67DF,0xB7FF,0x375F,0x04DF,0x045F,0x04DF,0x0E5F,0x377F,0x163F,0x029F,0x017D,0x013A,0x00F6,0x00D4,
  0x1048,0x186A,0x306E,0xE5BE,0x4ADE,0x20B2,0x304B,0x206B,0x206A,0x2069,0x2069,0x1869,0x1869,0x1869,0x1869,0x286A,
  0x388C,0x386C,0x386B,0x406C,0x586E,0x804F,0x8850,0x7870,0x688F,0x506F,0x402D,0x81F3,0x7B9C,0x025A,0x0048,0x00A9,
  0x00CB,0x00CB,0x00AB,0x2212,0x1A7A,0x0A7D,0x01DC,0x01FC,0x0C1E,0x469F,0x76DF,0x877F,0x67FF,0x2FFF,0x27FF,0x0FBF,
  0x061F,0x051F,0x03DE,0x02FE,0x039F,0x13FF,0x343D,0x127C,0x09FB,0x1A7A,0x1A5A,0x1179,0x1997,0x2174,0x1973,0x2154,
  0x2175,0x2976,0x2933,0x28EF,0x208B,0x186B,0x206D,0x30CF,0x2049,0x6830,0x6810,0x484C,0xB8B7,0xA810,0xA00D,0xE8F5,
  0xFBBA,0xFE9F,0xFEFF,0xFBFC,0xF875,0x9009,0x5826,0x6027,0x4805,0x3003,0x2004,0x2806,0x2006,0x2006,0x2808,0x400A,
  0x482F,0xA819,0xFA1F,0xFFFF,0xFABF,0xC01C,0x400E,0x280D,0x2810,0x0804,0x0001,0x0001,0x0000,0x0000,0x0000,0x1044,
  0x20AA,0x1088,0x20C7,0x2905,0x7A2F,0x5A50,0x0007,0x0888,0x3989,0x08CB,0x00AA,0x00CB,0x0069,0x01CE,0x0230,0x0003,
  0x192F,0x91ED,0xF2D0,0xD22E,0xFC72,0xFEB3,0xD591,0x9038,0x905D,0x5859,0x803D,0xF0DF,0xFADF,0xFB3F,0xFA9F,0xE05F,
  0x6058,0x3893,0x3091,0x28B0,0x30B0,0x50F1,0x8112,0x9114,0x48F1,0x30F0,0x30F0,0x28EF,0x28CF,0x3913,0x4135,0x3934,
  0x3154,0x3955,0x39FB,0x5C5F,0x8E3F,0x861F,0x8E1F,0x8E5F,0x5C5F,0x31D9,0x3113,0x3113,0x3112,0x3912,0x4153,0x4996,
  0x49B8,0x49B7,0x4997,0x4996,0x4997,0x4996,0x4996,0x4997,0x51B8,0x69F9,0x923C,0x917A,0xDD5B,0xFFB0,0xFE26,0xF5D2,
  0xFD8D,0xFF55,0xFC29,0xFA44,0xE1C4,0x6846,0xB010,0xE898,0x8010,0xB332,0xFCEA,0xF407,0xF86C,0xB0CC,0xE1B2,0xF04F,
  0xFA2A,0xFE2E,0xEA83,0xEA85,0x2061,0x40E2,0xF2C7,0xFCCC,0xEA24,0x48A2,0x5885,0x1869,0x4944,0xCA68,0xBA88,0xAA68,
  0x7927,0x68E5,0x2889,0x18AE,0x0803,0x488D,0x388B,0x102A,0x1827,0x0000,0x006B,0x0952,0x00CE,0x112D,0x110D,0x0002,
  0x0045,0x0067,0x0001,0x0003,0x0001,0x0001,0x0000,0x5827,0x6829,0xA00D,0x800B,0xA02D,0x884B,0xA88E,0xC030,0xB02E,
  0xA82B,0xD04E,0xC82C,0xD80C,0xF8F3,0xF070,0xF933,0xFCDB,0xFB0D,0xF005,0xF82A,0xF009,0xF00D,0xF8D2,0xF132,0xFAB4,
  0xFC58,0xB00F,0x60B0,0x488F,0x38AE,0x28AE,0x28AD,0x28AE,0x28CF,0x20AE,0x20AD,0x20AE,0x20AD,0x188C,0x208C,0x188D,
  0x3090,0x805A,0xB01D,0x6857,0x3852,0x4073,0xB03B,0xF99F,0xF9FF,0x899F,0x125F,0x0D3F,0x5FFF,0xC7FF,0xA7FF,0x277F,
  0x051F,0x05DF,0x77FF,0xCFFF,0x3F7F,0x049F,0x03DF,0x03BF,0x037F,0x03DF,0x02FF,0x01DE,0x015C,0x0118,0x00D5,0x00B3,
  0x1869,0x0809,0x82B4,0xA51F,0x1873,0x386C,0x308D,0x308C,0x308B,0x288B,0x206A,0x1869,0x1869,0x1869,0x1869,0x206A,
  0x286B,0x306B,0x386C,0x486D,0xA050,0xF092,0xF0F3,0xE873,0xC012,0x8810,0xA256,0x835C,0x027D,0x014F,0x0067,0x00CC,
  0x00CB,0x00CD,0x1A13,0x1258,0x0157,0x0138,0x01DB,0x551D,0xA7BF,0xA7DF,0x67FF,0x27FF,0x07FF,0x075F,0x05DF,0x047F,
  0x037F,0x02DE,0x027C,0x01FA,0x0238,0x0A18,0x0157,0x0955,0x0974,0x1153,0x1972,0x1952,0x1931,0x1910,0x1910,0x1910,
  0x1911,0x1911,0x20F1,0x2913,0x3135,0x28D1,0x208D,0x208C,0x204A,0x204B,0x1809,0x1007,0x3009,0xA916,0x684C,0x6809,
  0xA00D,0xD011,0xFA98,0xFD1D,0xFE7F,0xF378,0xA80A,0x9809,0x6027,0x4004,0x2803,0x2003,0x2806,0x2807,0x2006,0x2807,
  0x480C,0x6032,0xC01C,0xFBBF,0xFF3F,0xE87F,0x6814,0x200B,0x2810,0x200D,0x0805,0x0000,0x0000,0x0000,0x0000,0x0000,
  0x1887,0x18A9,0x18A9,0x1888,0x0027,0x29ED,0x0047,0x0068,0x0089,0x08EA,0x0089,0x08CA,0x0089,0x012B,0x0270,0x0004,
  0x5A14,0x28AA,0xE310,0xE28F,0xF452,0xFE34,0xF6F5,0xE279,0xD85F,0x703C,0x803E,0xF0FF,0xFB3F,0xFB5F,0xFA7F,0xD83F,
  0x6038,0x3893,0x3891,0x30B0,0x28AF,0x28AF,0x38AF,0x40D0,0x38D0,0x30F0,0x30F0,0x30EF,0x28CF,0x30F0,0x30F1,0x28F0,
  0x3110,0x3111,0x3997,0x5BDF,0x861F,0x861F,0x861F,0x8E3F,0x5C7F,0x31D9,0x30F1,0x3112,0x3111,0x3110,0x3932,0x4996,
  0x51B7,0x49B7,0x4996,0x4996,0x5197,0x4997,0x4997,0x4997,0x5998,0x69F9,0x8159,0xCC9C,0xFFD2,0xFDE6,0xE30D,0xF5D5,
  0xFECE,0xFDAF,0xF1E4,0xF9EA,0x6844,0xA80F,0xF0D9,0xE219,0xA031,0xF534,0xFBC8,0xF8CD,0xE010,0xCA31,0xF8B1,0xF1EF,
  0xFB8B,0xF48A,0xF1E2,0x91A3,0x0000,0x8183,0xFBC9,0xFD0B,0x9941,0x2021,0x8969,0x28A8,0x4924,0xD227,0xCB4A,0xD3AA,
  0x8106,0x7106,0x60CA,0x28AD,0x1806,0x48CD,0x594C,0x1009,0x2029,0x0000,0x0023,0x00EE,0x090F,0x10CC,0x210A,0x0865,
  0x0089,0x0088,0x0066,0x0002,0x0823,0x0001,0x0000,0x7009,0x982D,0x802B,0xA82F,0xB80F,0x904B,0xC091,0xD812,0xC02E,
  0xC0AF,0xE812,0xE050,0xA828,0xE88F,0xF051,0xF893,0xFB99,0xF32F,0xF007,0xF84A,0xF80A,0xF02C,0xF852,0xF853,0xF8D2,
  0xFD9B,0xD8B2,0x7070,0x488F,0x388E,0x28AD,0x28AD,0x20AD,0x20AD,0x20AD,0x20AD,0x20AD,0x20AD,0x188C,0x208C,0x208C,
  0x288E,0x5055,0x7839,0x5056,0x4053,0x5074,0xB85C,0xFA7F,0xFB1F,0xA1BF,0x123F,0x0D9F,0x6FFF,0xA7FF,0x379F,0x055F,
  0x03DF,0x059F,0x5FFF,0xA7FF,0x275F,0x043F,0x037F,0x033F,0x029F,0x021F,0x01DE,0x019D,0x013B,0x00F7,0x00D4,0x00B3,
  0x1069,0x1029,0xB41B,0x5158,0x204B,0x30AD,0x38AE,0x48AE,0x50AE,0x38AD,0x206A,0x1869,0x1869,0x2069,0x206A,0x286A,
  0x308B,0x388C,0x408D,0x606E,0xD872,0xFAF4,0xFC35,0xFB14,0xF9B4,0xF3FA,0x9C5E,0x129E,0x0218,0x0068,0x00AA,0x00CB,
  0x012F,0x01B3,0x0174,0x0177,0x021B,0x02FD,0x765F,0xC7FF,0x6FFF,0x47FF,0x17DF,0x0F1F,0x053F,0x039E,0x027E,0x023D,
  0x01FC,0x01DB,0x01B9,0x0175,0x0132,0x0911,0x1130,0x1130,0x110F,0x10EE,0x10EE,0x110F,0x190F,0x190F,0x190F,0x190F,
  0x10CF,0x18CE,0x18CE,0x20CE,0x20EF,0x20AF,0x208D,0x20AE,0x20CE,0x28F0,0x208D,0x284C,0x204C,0x304C,0x88D1,0x606C,
  0x4808,0x6809,0x980B,0xD00F,0xF9F6,0xFE1E,0xFE1D,0xF192,0xA809,0x5805,0x3804,0x2802,0x2003,0x2805,0x2807,0x2006,
  0x2808,0x482C,0x6834,0xC81C,0xFD9F,0xFC3F,0xA019,0x280D,0x280E,0x200F,0x104E,0x0023,0x0000,0x0000,0x0000,0x0000,
  0x0822,0x20CA,0x108A,0x38E9,0x1869,0x4334,0x090D,0x0049,0x21AD,0x216C,0x0048,0x08CA,0x08AA,0x00A8,0x0290,0x0025,
  0x7275,0x286B,0x79CB,0xFB91,0xF391,0xFD93,0xFEF5,0xFDB9,0xE0FF,0x801D,0x805E,0xF07F,0xF9BF,0xF9FF,0xF9BF,0xE03F,
  0x6858,0x4093,0x38B1,0x30B0,0x28AF,0x30CF,0x30AF,0x28AE,0x28CF,0x30F0,0x30F0,0x30F0,0x38F0,0x30F0,0x30D0,0x30CF,
  0x30EF,0x30EF,0x3954,0x635E,0x853F,0x7CDF,0x751F,0x85FF,0x647F,0x31F9,0x3111,0x3912,0x3912,0x3111,0x3932,0x4976,
  0x51B7,0x4997,0x4997,0x5197,0x5197,0x4997,0x4997,0x5197,0x61B8,0x7118,0xBB9C,0xFFD5,0xFDA6,0xB931,0xD43A,0xFF30,
  0xFF34,0xFC4A,0xFA0A,0xA867,0x800A,0xF817,0xFB1E,0xD878,0xE2B9,0xFD4F,0xF92B,0xF853,0xC0CE,0xD9D2,0xF8B1,0xF28D,
  0xF44C,0xF327,0xDA43,0x1861,0x0000,0xB203,0xFCCB,0xEC87,0x1800,0x4884,0x79A9,0x3084,0x4104,0xDA26,0xC329,0xD369,
  0x8926,0x8147,0x78E7,0x2089,0x1826,0x308A,0x820C,0x182A,0x282B,0x0001,0x0000,0x00A9,0x090E,0x10CD,0x10CB,0x0885,
  0x0066,0x08CC,0x08CC,0x0023,0x0802,0x0001,0x0000,0x4806,0xB051,0x904C,0x880A,0xC00F,0xB80F,0xA84E,0xE033,0xA00A,
  0xD030,0xF012,0xD8F0,0xD0CE,0xF030,0xF8F3,0xF853,0xFA57,0xF330,0xF008,0xF82C,0xF84C,0xF82B,0xF831,0xF833,0xF1B4,
  0xFD5A,0xD992,0x780F,0x488F,0x388E,0x288D,0x288D,0x28AD,0x20AD,0x20AD,0x20AD,0x20AD,0x20AD,0x208C,0x208C,0x208C,
  0x288E,0x6836,0xB01C,0x881A,0x6055,0x7076,0xE0BD,0xFC1F,0xFC9F,0xB9FF,0x219F,0x0B3F,0x161F,0x1EDF,0x04DF,0x037F,
  0x039F,0x041F,0x061F,0x169F,0x04FF,0x035F,0x02FF,0x0A7F,0x09FF,0x09BF,0x017E,0x013C,0x011A,0x08D7,0x08B4,0x08B2,
  0x0828,0x38EE,0xA21A,0x200A,0x1889,0x206B,0x308C,0x48AE,0x58AF,0x40AE,0x288C,0x206A,0x206A,0x206A,0x206A,0x308B,
  0x388C,0x408D,0x488E,0x706F,0xE092,0xFC35,0xFD55,0xFD16,0xFE7D,0x849E,0x023C,0x02FF,0x0171,0x0069,0x00CC,0x01B4,
  0x0218,0x0197,0x01DA,0x031E,0x0BFF,0xA6BF,0xF7FF,0x6FFF,0x379F,0x065F,0x049F,0x031F,0x1BDF,0x0ADE,0x023E,0x029D,
  0x1B5D,0x0A7A,0x0973,0x0953,0x1154,0x1153,0x1951,0x110E,0x1930,0x1932,0x2131,0x2152,0x2132,0x2131,0x2132,0x2971,
  0x4273,0x3A34,0x1152,0x2215,0x2A98,0x2AB7,0x19D4,0x1994,0x1196,0x3256,0x39F2,0x188B,0x286A,0x1005,0x1004,0x708E,
  0x582A,0x5008,0x6029,0x784A,0x980B,0xD80F,0xFB17,0xFE7E,0xFB57,0xB80A,0x5805,0x3804,0x2002,0x2003,0x2007,0x2006,
  0x2006,0x2808,0x382B,0x7014,0xD0BF,0xFE3F,0xE97D,0x6012,0x200D,0x2810,0x102C,0x0069,0x0000,0x0000,0x0000,0x0001,
  0x0000,0x1887,0x188B,0x5927,0x2047,0x0111,0x1A34,0x006C,0x00AA,0x08EB,0x0089,0x00AA,0x08CA,0x0046,0x020F,0x0087,
  0x6234,0x50AD,0x2887,0xE30F,0xFAF0,0xF4D2,0xFEF5,0xFD97,0xE1BD,0x781D,0x785E,0xD81F,0xF85F,0xF85F,0xF89F,0xD81F,
  0x6059,0x4093,0x38B1,0x30B0,0x30D0,0x40F1,0x38D0,0x30AF,0x30CF,0x38F1,0x38F1,0x4112,0x5113,0x5113,0x38F1,0x30F0,
  0x30F0,0x30F0,0x3912,0x51F9,0x7ADD,0x7A9C,0x62DD,0x5BDF,0x4B1F,0x3198,0x3912,0x4134,0x4113,0x3911,0x3933,0x4997,
  0x51B8,0x4997,0x5197,0x5198,0x51B8,0x5198,0x5197,0x59B8,0x6918,0xB2FC,0xFFB9,0xED2A,0xA0F7,0xA23D,0xFFF8,0xFF32,
  0xFEB2,0xFA69,0xD0C9,0x6068,0xE815,0xFA9C,0xEA9C,0xE017,0xFD57,0xFA48,0xFA32,0xE933,0xAA0D,0xF8F3,0xF211,0xF1EA,
  0xF268,0xFAE6,0x7983,0x0000,0x1041,0xD263,0xFDCE,0x6203,0x1801,0x50E6,0x81A9,0x60E3,0x3903,0xE287,0xCB69,0xD3EA,
  0xA145,0x8147,0x70E5,0x0800,0x1826,0x2029,0x926B,0x308A,0x302C,0x1002,0x0000,0x0043,0x10EE,0x10ED,0x2132,0x212F,
  0x0043,0x08ED,0x10EE,0x0889,0x0000,0x0821,0x0000,0x4846,0xB030,0xD053,0xB171,0xC810,0xC811,0xA80D,0xB82E,0xA84B,
  0xD80F,0xE0F3,0xE0B1,0xF030,0xF092,0xF050,0xF1D5,0xFB57,0xF2F0,0xF008,0xF82E,0xF82E,0xF02B,0xF830,0xF853,0xF133,
  0xFB16,0xE2D5,0x880F,0x50AF,0x388E,0x288D,0x288D,0x28AD,0x28AD,0x20AD,0x20AD,0x20AD,0x20AD,0x208C,0x208C,0x20AC,
  0x308F,0xA05B,0xF87F,0xC83D,0x6857,0x6076,0xD05D,0xFB5F,0xFBBF,0xB15F,0x295F,0x199F,0x029F,0x033F,0x02BF,0x02DF,
  0x0B1F,0x0B1F,0x035F,0x035F,0x0ADF,0x12BF,0x125F,0x11DF,0x117F,0x115E,0x113D,0x091B,0x08F9,0x10B6,0x08B4,0x0892,
  0x0827,0x48CE,0x406E,0x1848,0x1849,0x1848,0x2069,0x288B,0x388C,0x388D,0x308C,0x288B,0x308B,0x308B,0x308C,0x388C,
  0x388C,0x408D,0x508E,0x8870,0xF133,0xFC34,0xFDB8,0xFE9E,0x6B3D,0x017B,0x029D,0x02DA,0x006A,0x00EF,0x01F8,0x01DB,
  0x017B,0x0ABD,0x553F,0x76BF,0xC79F,0xA7FF,0x369F,0x051E,0x037E,0x027D,0x021C,0x01FB,0x0A59,0x01B5,0x0153,0x0150,
  0x090B,0x0066,0x0002,0x0045,0x08AA,0x08AA,0x0866,0x0001,0x0865,0x10CB,0x18EE,0x1910,0x2153,0x1910,0x1088,0x212F,
  0x3A18,0x29D6,0x1934,0x1974,0x1975,0x1995,0x2A15,0x1931,0x2130,0x210F,0x210F,0x2110,0x20EE,0x1848,0x1026,0x1004,
  0x2806,0x500A,0x5829,0x5007,0x5849,0x7029,0x9809,0xD08F,0xFC59,0xFBFA,0xA06A,0x4004,0x2803,0x1000,0x0801,0x1806,
  0x2007,0x2007,0x3008,0x382B,0x7017,0xE21E,0xFC5F,0x7813,0x200B,0x2832,0x102C,0x008B,0x0024,0x0000,0x0000,0x0001,
  0x0001,0x0822,0x20AB,0x1048,0x086B,0x1217,0x233A,0x0133,0x00ED,0x116E,0x088A,0x088A,0x08AA,0x0005,0x012B,0x00A8,
  0x59D2,0x50CC,0x2889,0x89C9,0xFAD0,0xEC30,0xFF14,0xF5D7,0xDA1A,0x783D,0x683D,0xD85F,0xF99F,0xFA3F,0xFA1F,0xD87F,
  0x6059,0x4093,0x38B1,0x30B0,0x5112,0x8175,0x6933,0x30CF,0x30CF,0x38F1,0x4112,0x4913,0x5935,0x5934,0x40F2,0x30F0,
  0x30F0,0x30F1,0x3911,0x4933,0x7976,0x8177,0x6177,0x51B9,0x41B8,0x3933,0x3913,0x4134,0x4133,0x3912,0x4154,0x5197,
  0x51B8,0x51B8,0x59B9,0x51B9,0x59B9,0x5999,0x61B9,0x6139,0xA2FB,0xFF99,0xDC2E,0x911A,0x80BD,0xEEDC,0xFF74,0xFF55,
  0xFB6C,0xE0AA,0x5085,0xB913,0xF03A,0xFCBF,0xE83A,0xEA99,0xFBEF,0xF9CB,0xFB37,0x9827,0xAAEF,0xF952,0xF351,0xF167,
  0xFAA8,0xE2E5,0x1040,0x0800,0x3062,0xF3A6,0xBC27,0x0000,0x3884,0x5928,0x91EA,0x9164,0x4924,0xEAA7,0xEC2A,0xBBCA,
  0x88C5,0x8967,0x7925,0x1020,0x3006,0x1809,0x9229,0x592A,0x380A,0x3004,0x0003,0x0000,0x08AA,0x110F,0x18CD,0x2954,
  0x08C9,0x0086,0x0067,0x08CA,0x0844,0x0801,0x0000,0x2804,0xA00D,0xC032,0xA8B0,0xA80D,0xD812,0xE012,0xA02A,0xB890,
  0xD030,0xD871,0xE851,0xE892,0xF070,0xF8B2,0xF893,0xFCDA,0xFA8F,0xF009,0xF82E,0xF82D,0xF82E,0xF02E,0xF812,0xF812,
  0xFBD8,0xF3D7,0x9810,0x58B0,0x388E,0x308E,0x28AD,0x28AE,0x28AE,0x20AE,0x20AE,0x20AE,0x20AD,0x208C,0x208D,0x20AD,
  0x3090,0x985B,0xF05F,0xB83C,0x5055,0x4854,0xC03C,0xFA9F,0xFAFF,0xB0FF,0x293E,0x297E,0x199E,0x09DF,0x09FF,0x0A1F,
  0x125F,0x129F,0x1A9F,0x1A7F,0x1A3F,0x221F,0x21DF,0x197E,0x193E,0x211D,0x18FC,0x10FA,0x10B8,0x18B7,0x2097,0x2857,
  0x1047,0x0827,0x1849,0x206A,0x1849,0x1848,0x1848,0x1868,0x2069,0x286B,0x288B,0x308C,0x388D,0x408D,0x48AE,0x48AE,
  0x48AE,0x488E,0x506E,0x9070,0xF0D3,0xFCF8,0xE6DF,0x4ABD,0x017A,0x025C,0x031F,0x0131,0x00AF,0x0177,0x01DB,0x027C,
  0x653E,0x871F,0x673F,0x97DF,0x35FE,0x035C,0x021B,0x019B,0x019A,0x01BA,0x0198,0x0154,0x00D0,0x00AC,0x0068,0x0025,
  0x0004,0x0044,0x0022,0x0001,0x0000,0x0000,0x0000,0x0000,0x0000,0x0000,0x0000,0x0001,0x0023,0x0023,0x0001,0x18CE,
  0x18F4,0x18F3,0x2914,0x2913,0x2913,0x28F2,0x20F0,0x18EF,0x18EE,0x18CC,0x0846,0x1068,0x18ED,0x18CC,0x1848,0x1848,
  0x1847,0x2026,0x70CD,0x604B,0x4006,0x4807,0x5028,0x6007,0x7006,0xA92E,0xB0AD,0x3002,0x2002,0x1001,0x0800,0x1003,
  0x1806,0x1806,0x2808,0x2808,0x300C,0x8017,0xEA1E,0x8934,0x200B,0x2030,0x100D,0x0007,0x0025,0x0000,0x0000,0x0001,
  0x0003,0x0000,0x2868,0x40CD,0x008F,0x13FE,0x7EDF,0x141E,0x00F2,0x11F1,0x092C,0x0068,0x08AA,0x0004,0x00A7,0x08A9,
  0x6191,0x48CB,0x48CB,0x48E8,0xE26D,0xF3B0,0xFF13,0xF699,0xDA98,0x88DD,0x781D,0xF0FF,0xFB3F,0xFBDF,0xFB7F,0xE8BF,
  0x685A,0x38B3,0x38B1,0x30B1,0x6153,0xB9F7,0xA1B5,0x4910,0x48F0,0x5913,0x5113,0x4113,0x4913,0x4913,0x38F1,0x30F0,
  0x30F0,0x30F1,0x3911,0x4932,0x6975,0x7195,0x5954,0x5954,0x5154,0x3912,0x3912,0x3933,0x3912,0x3911,0x4154,0x51B7,
  0x51B8,0x69BA,0x71DA,0x59B9,0x59B9,0x61D9,0x615A,0x9B3B,0xFEDA,0xCB14,0x893B,0x709B,0xC49B,0xFFF8,0xFED4,0xFB4E,
  0xF08C,0x6043,0x9A30,0xF81B,0xFADE,0xFAFE,0xE81A,0xFC56,0xF9EB,0xFB33,0xE0AA,0x8947,0xE9F1,0xFAB4,0xF2EC,0xE9E8,
  0xFB88,0x79C2,0x0000,0x2002,0x58E5,0xFC67,0x30C1,0x2843,0x48C6,0x8A09,0xA249,0xBA05,0x5924,0xF286,0xEC4B,0xE4AD,
  0x9146,0xA9C7,0xBA06,0x1840,0x3003,0x380A,0x79A9,0x922B,0x500B,0x2825,0x0007,0x0003,0x0023,0x190F,0x0068,0x3131,
  0x2111,0x08A9,0x0044,0x0866,0x08A9,0x0802,0x0800,0x0801,0x900D,0xC031,0xB02F,0x904B,0xB82F,0xC850,0xB82D,0xD00F,
  0xE875,0xF854,0xF833,0xE06F,0xE88F,0xF975,0xF873,0xFCBA,0xFA50,0xF809,0xF84D,0xF82E,0xF871,0xF850,0xF153,0xF8F4,
  0xF9B5,0xFC79,0xA811,0x6090,0x488F,0x30AE,0x28AE,0x28CF,0x28CF,0x28CF,0x28F0,0x28CF,0x20AE,0x208D,0x208D,0x208D,
  0x288F,0x7058,0xB03E,0x7859,0x4053,0x4873,0xC03B,0xFADF,0xFB7F,0xB8FF,0x28FE,0x295D,0x217D,0x117D,0x119F,0x19BF,
  0x19BF,0x19FF,0x223F,0x221F,0x21BF,0x299F,0x215E,0x211E,0x20FE,0x30DD,0x28DD,0x28BC,0x409C,0x605D,0x905E,0x985E,
  0x1047,0x1047,0x1848,0x1849,0x1869,0x1849,0x1868,0x1848,0x1848,0x1869,0x206A,0x288B,0x308C,0x388D,0x40AE,0x48AE,
  0x50AE,0x608F,0x608F,0x8810,0xFA56,0xCE3E,0x225C,0x01BA,0x023B,0x029E,0x01B7,0x0155,0x023A,0x033D,0x3D1F,0xC7BF,
  0xAFBF,0x467F,0x3DDE,0x02FA,0x0137,0x0178,0x0198,0x0197,0x0176,0x0133,0x0111,0x00EF,0x00AC,0x00AB,0x0068,0x0088,
  0x0047,0x0867,0x0067,0x0068,0x08CA,0x08EB,0x110B,0x110A,0x192B,0x18EA,0x10C9,0x10A8,0x0865,0x0004,0x0003,0x0000,
  0x0002,0x0024,0x0067,0x08AD,0x10CC,0x18CB,0x2112,0x18F1,0x18EF,0x2110,0x18AB,0x0845,0x0846,0x1048,0x1048,0x1048,
  0x1848,0x1848,0x1827,0x506A,0x582A,0x4007,0x3005,0x3806,0x3826,0x2803,0x3804,0x4004,0x4004,0x1801,0x0800,0x0000,
  0x1004,0x1005,0x1806,0x1806,0x404C,0x382E,0x7874,0xEA7D,0x300D,0x180D,0x2932,0x190D,0x0003,0x0023,0x0000,0x0000,
  0x0024,0x0001,0x1023,0x58EF,0x004F,0x0BBB,0x67FF,0x1D1E,0x0156,0x010F,0x0069,0x0068,0x08CA,0x0025,0x0024,0x10CB,
  0x69B2,0x50CC,0x48EC,0x718B,0xB1CA,0xFBD0,0xFED4,0xF6FA,0xE2F5,0xB25C,0x701D,0xD85F,0xF97F,0xF19F,0xF93F,0xD03F,
  0x5878,0x38B3,0x38B2,0x30B1,0x5913,0xB1D6,0xB9D5,0x7152,0x9153,0xC996,0x9177,0x5134,0x4113,0x4112,0x38F2,0x30F1,
  0x38F1,0x38F1,0x4111,0x7974,0xBA16,0xB216,0x8195,0x7996,0x7196,0x4934,0x3933,0x4133,0x3912,0x3911,0x4154,0x51B8,
  0x59DA,0x91FD,0x89FC,0x61DA,0x59D9,0x597A,0x9B1B,0xF539,0xB1B7,0x78DA,0x70D9,0x8A78,0xFF9C,0xFEF4,0xF432,0xF04A,
  0xA826,0x79C9,0xF9BD,0xF09D,0xFCBF,0xF81C,0xF19A,0xFBB1,0xF96D,0xFB50,0xC0A5,0xB28F,0xF953,0xF312,0xF207,0xFAE9,
  0xE386,0x1040,0x1802,0x2804,0x9247,0x92A4,0x0801,0x50E7,0x5907,0x8A27,0xC267,0xC285,0x60E3,0xEAA5,0xE368,0xDC4D,
  0xA984,0xB1C6,0xDA67,0x2861,0x0801,0x580A,0x68EA,0xBB4C,0x700B,0x4027,0x0007,0x0809,0x0001,0x18CB,0x0868,0x18CB,
  0x3151,0x1911,0x18EC,0x0066,0x0866,0x1024,0x0800,0x0000,0x6829,0xB04F,0xB870,0xB00D,0xD032,0xD852,0xD00E,0xD811,
  0xE031,0xF0D6,0xF812,0xF052,0xF873,0xF914,0xF873,0xFD1A,0xF9CF,0xF80C,0xF84E,0xF84F,0xF84F,0xF851,0xF831,0xF174,
  0xF975,0xFCD9,0xB031,0x6090,0x488F,0x30AF,0x30AF,0x30F1,0x3111,0x28F1,0x28F1,0x28CF,0x208D,0x208C,0x208C,0x208D,
  0x288E,0x5855,0x883A,0x6057,0x4052,0x4852,0xB83B,0xFAFF,0xFBBF,0xC11F,0x30DD,0x291C,0x213C,0x195D,0x195E,0x215E,
  0x215E,0x219F,0x29BF,0x299F,0x313F,0x40FF,0x60BE,0x789E,0x909E,0xB8FF,0xA0BF,0x707E,0xA09F,0xD8DF,0xF93F,0xE8DF,
  0x1047,0x1047,0x1048,0x1848,0x1848,0x1848,0x1848,0x1848,0x1848,0x1848,0x1869,0x2069,0x206A,0x206A,0x288B,0x308C,
  0x388D,0x50AE,0x582E,0x91D3,0x9CBE,0x11FD,0x021C,0x02BD,0x031E,0x23DE,0x01DB,0x037F,0x1CDF,0x96DF,0xFFFF,0x8EBE,
  0x02DB,0x039D,0x025D,0x0179,0x01D8,0x0196,0x0154,0x00F2,0x00D1,0x00F0,0x00EE,0x00ED,0x014E,0x010E,0x00ED,0x00CC,
  0x118D,0x11AF,0x1190,0x19AF,0x198D,0x114C,0x110B,0x10C9,0x08A8,0x0867,0x0047,0x0069,0x0048,0x0003,0x0001,0x0024,
  0x0026,0x0024,0x0002,0x0000,0x0000,0x0042,0x10AC,0x20D0,0x20F1,0x20F1,0x2111,0x2110,0x20CD,0x186A,0x1848,0x1848,
  0x1047,0x1047,0x204A,0x2008,0x2806,0x4008,0x504A,0x2805,0x3005,0x3005,0x2003,0x2803,0x5027,0x2002,0x0800,0x0000,
  0x0000,0x1005,0x1006,0x1005,0x2028,0x4850,0x280D,0xB138,0x88F5,0x080B,0x2935,0x192E,0x0004,0x0025,0x0002,0x0000,
  0x0024,0x0024,0x0001,0x28AC,0x10B1,0x02FC,0x679F,0x3E1F,0x021A,0x0130,0x2292,0x08A9,0x08CA,0x0046,0x0002,0x18AC,
  0x6192,0x48CB,0x48EC,0x610B,0x58C9,0xDA4C,0xFE93,0xFF7A,0xEAD4,0xD37C,0x681E,0xB03F,0xE81F,0xE81F,0xF81F,0xB81E,
  0x5077,0x38B2,0x38B1,0x30B1,0x40F2,0x6934,0x7153,0x5911,0x9153,0xE9D8,0xB9B8,0x6155,0x4113,0x4113,0x4113,0x4913,
  0x4112,0x3911,0x4933,0xBA36,0xFBF7,0xFBF7,0xE2F7,0xCA78,0x91F7,0x5155,0x4134,0x4955,0x4133,0x3932,0x4976,0x59D9,
  0x61DA,0x99DD,0x81BB,0x4977,0x4957,0x8237,0xC377,0x78D5,0x58B5,0x58D4,0x60B2,0xE6BC,0xFEF7,0xF5B5,0xE8ED,0xE068,
  0x78C4,0xE3FA,0xF81E,0xFBDE,0xFA1D,0xF039,0xFCF9,0xF9AB,0xF2CF,0xFACB,0x9947,0xD150,0xFA76,0xF26D,0xF246,0xFB68,
  0x71C3,0x0000,0x3024,0x3006,0x7A06,0x30C2,0x3865,0x58E8,0x6127,0x4924,0xD2E7,0xCAE6,0x60C2,0xF2E6,0xE327,0xDCAE,
  0xF326,0xB9E5,0xD266,0x3882,0x0000,0x4826,0x6829,0xC3AD,0x908B,0x502A,0x0004,0x1009,0x0005,0x0844,0x0866,0x0889,
  0x314E,0x2111,0x190E,0x08A7,0x10CB,0x0804,0x1002,0x0000,0x2802,0xC831,0xD833,0xE833,0xF837,0xC830,0xC890,0xE052,
  0xD00E,0xF0B3,0xF092,0xF011,0xF832,0xF8F4,0xFA16,0xFD19,0xF8AC,0xF84D,0xF84E,0xF870,0xF871,0xF8D0,0xF852,0xF1B4,
  0xF216,0xFC99,0xC092,0x6070,0x40AF,0x30AE,0x28AF,0x30F1,0x3111,0x30F1,0x38F1,0x28AF,0x208D,0x208C,0x208C,0x208D,
  0x208D,0x5053,0x981A,0x7837,0x4872,0x4873,0xC05B,0xFB1F,0xFBDF,0xC91F,0x38DD,0x291C,0x291C,0x211C,0x211D,0x291D,
  0x311E,0x411F,0x511F,0x50DF,0x98BF,0xD11F,0xE95F,0xF99F,0xFA7F,0xFB7F,0xF9FF,0xA07F,0xA0DF,0xE91F,0xF93F,0xE0BF,
  0x1047,0x1047,0x1048,0x1848,0x1848,0x1048,0x1048,0x1848,0x1848,0x1848,0x1848,0x1869,0x2069,0x2069,0x206A,0x286A,
  0x308B,0x304C,0x68F0,0xA37D,0x327F,0x231E,0x0B7F,0x03FF,0x145F,0x0B7F,0x047F,0x667F,0xC7BF,0xF7FF,0x6E9F,0x021A,
  0x02DD,0x02FF,0x027E,0x021B,0x01B8,0x0175,0x00D0,0x01D1,0x0294,0x01B2,0x01F3,0x01D1,0x0190,0x012F,0x00CB,0x00A8,
  0x08EA,0x08EA,0x0889,0x0067,0x0046,0x0046,0x0047,0x0047,0x0067,0x0067,0x0068,0x0045,0x0002,0x0045,0x008A,0x008B,
  0x008C,0x006C,0x0049,0x0025,0x0000,0x0000,0x0000,0x0822,0x1066,0x28CA,0x4130,0x3130,0x28EE,0x3990,0x28CB,0x2869,
  0x2067,0x1026,0x1847,0x1847,0x1827,0x2006,0x506B,0x4028,0x2005,0x2806,0x2004,0x2003,0x2003,0x1802,0x0800,0x0000,
  0x0000,0x0001,0x1005,0x1005,0x1006,0x2009,0x404E,0x402D,0xA0B5,0x1008,0x104E,0x0005,0x0005,0x0003,0x0025,0x0000,
  0x0023,0x0047,0x0001,0x0866,0x18F1,0x023A,0x4F1F,0x56DF,0x027B,0x010F,0x00EB,0x0047,0x08CA,0x0025,0x0001,0x290C,
  0x69B2,0x40AA,0x40EB,0x690B,0x4049,0x8108,0xFE92,0xFF99,0xF394,0xEC9C,0x903F,0xD8DF,0xF95F,0xF99F,0xF9BF,0xD85F,
  0x5878,0x38B2,0x30B1,0x30B1,0x38F2,0x3933,0x4112,0x38D0,0x5912,0x8956,0x8177,0x5955,0x5135,0x5134,0x4914,0x5935,
  0x5134,0x4113,0x5133,0xC297,0xFD18,0xFD58,0xFCD8,0xFC39,0xBA98,0x5175,0x4134,0x4955,0x4133,0x3932,0x4155,0x4976,
  0x4155,0x6116,0x5114,0x30F0,0x38F0,0x6171,0x40D1,0x38D1,0x48F0,0x4030,0xB477,0xFF9C,0xF5F5,0xEA91,0xF80A,0x9024,
  0xACD4,0xF97D,0xF13C,0xFC7E,0xF01A,0xF39C,0xFCD3,0xF24E,0xFC52,0xC926,0x698B,0xF9F5,0xFB94,0xF186,0xFAE7,0xE2C6,
  0x1821,0x2803,0x3005,0x4006,0x2023,0x3885,0x50E8,0x4087,0x6186,0x40C1,0xEB69,0xDAE6,0x60C2,0xFB46,0xC9E4,0xCBEB,
  0xFBE7,0xC1C4,0xD246,0x48C2,0x0001,0x1821,0x7007,0xBAEA,0xC18C,0x5009,0x0006,0x1009,0x0809,0x0003,0x0000,0x0888,
  0x18EB,0x2110,0x1910,0x0864,0x08A9,0x1068,0x1804,0x1800,0x0800,0x980C,0xB00E,0xB08E,0xC891,0xC870,0xE854,0xE052,
  0xC82D,0xF031,0xF1B7,0xF030,0xF874,0xF8B5,0xF8F5,0xFCF8,0xF84B,0xF82D,0xF84F,0xF810,0xF893,0xF871,0xF893,0xF893,
  0xF1D5,0xFDBB,0xC953,0x602F,0x40AF,0x30AE,0x28AE,0x28CF,0x30F0,0x4912,0x5113,0x38D0,0x288E,0x208C,0x206C,0x208D,
  0x208D,0x7076,0xD83D,0xB03B,0x5074,0x4873,0xC05C,0xFADF,0xFBBF,0xC91F,0x38DA,0x30F9,0x30D8,0x28DA,0x50BD,0x789E,
  0xA0BF,0xC95F,0xD95F,0xC8DF,0xFA1F,0xFBDF,0xFC1F,0xFBFF,0xFC3F,0xFCBF,0xFA9F,0x905E,0x607E,0x885E,0xB05E,0xC03E,
  0x0847,0x1047,0x1048,0x1848,0x1848,0x1048,0x1048,0x1848,0x1848,0x1848,0x1868,0x1869,0x2069,0x206A,0x208A,0x288B,
  0x306C,0x386C,0xCC7A,0x627E,0x127F,0x02DF,0x03BF,0x0C3F,0x0C5F,0x4DBF,0xA7BF,0xCFFF,0xD7FF,0x567F,0x027A,0x021B,
  0x02BD,0x021C,0x01FB,0x0177,0x0132,0x00CE,0x0170,0x0316,0x0234,0x0171,0x010E,0x00CB,0x00CC,0x00A8,0x0066,0x00A9,
  0x0046,0x0067,0x0868,0x0888,0x0888,0x0867,0x0867,0x0868,0x0867,0x0046,0x0002,0x0000,0x0049,0x0071,0x00D4,0x00F5,
  0x0136,0x0177,0x00B1,0x0003,0x0000,0x0001,0x0002,0x0000,0x0000,0x0000,0x0823,0x1067,0x1889,0x1068,0x0846,0x0846,
  0x0847,0x1048,0x1047,0x1046,0x0845,0x1826,0x1827,0x1805,0x1804,0x2005,0x2005,0x2004,0x1803,0x1803,0x0801,0x0000,
  0x0000,0x0000,0x1003,0x2005,0x1005,0x0805,0x1807,0x1808,0x380A,0x482A,0x0068,0x0826,0x0004,0x0003,0x0004,0x0002,
  0x0001,0x0047,0x0025,0x0003,0x190F,0x0178,0x2E3F,0x4F7F,0x031C,0x00CE,0x00CC,0x008A,0x0088,0x0024,0x0000,0x28C9,
  0x614F,0x40CA,0x40EA,0x610B,0x504A,0x9149,0xFE93,0xFF98,0xFC75,0xF5BC,0xB09F,0xE8DF,0xFA3F,0xFA3F,0xFA1F,0xE07F,
  0x6099,0x38D3,0x38B2,0x30D1,0x38F2,0x4134,0x4112,0x38D1,0x40F3,0x5115,0x5936,0x5936,0x6157,0x6157,0x5135,0x4914,
  0x4914,0x4933,0x5954,0xCAB7,0xFC98,0xFC98,0xFC58,0xFC19,0xC2B8,0x4974,0x3912,0x3912,0x30F0,0x30CF,0x30F0,0x30F0,
  0x30F0,0x30CF,0x30CF,0x30CE,0x30CE,0x30AF,0x38CF,0x40CF,0x4090,0x81D3,0xFFDD,0xFDD5,0xF3D3,0xF82C,0xB806,0x732B,
  0xFBBE,0xE81A,0xFC9E,0xF15D,0xF0BB,0xFE7C,0xFA0B,0xFCF4,0xF9EA,0x68A6,0xBAB1,0xFBB6,0xFACD,0xF205,0xFBC8,0x5122,
  0x1001,0x5827,0x6008,0x3005,0x3064,0x58E7,0x6128,0x58C7,0x7A46,0x58E2,0xFC6D,0xE306,0x68C2,0xF347,0x90E2,0xD389,
  0xFC28,0xD203,0xDA66,0x58E3,0x0002,0x0020,0x4803,0xBA2A,0xF2EF,0x6008,0x0008,0x304E,0x102A,0x0809,0x0000,0x0044,
  0x08AA,0x18EE,0x2112,0x10C9,0x0044,0x0845,0x1804,0x2022,0x1000,0x2001,0xA08D,0xD853,0xE052,0xC04F,0xE811,0xF055,
  0xF095,0xF831,0xF093,0xF030,0xF874,0xF854,0xFB38,0xF3B4,0xF82A,0xF82E,0xF831,0xF831,0xF811,0xF873,0xF873,0xF833,
  0xF033,0xFD3A,0xC973,0x6050,0x38CF,0x30AE,0x28AE,0x30CF,0x38F1,0x48F2,0x50F2,0x38D0,0x28AE,0x208C,0x208C,0x208D,
  0x288E,0x7877,0xD83E,0xB03B,0x5073,0x4092,0x9838,0xF91F,0xF97F,0x987C,0x3096,0x38B6,0x30B6,0x609C,0xD0FF,0xF9DF,
  0xFA5F,0xFB7F,0xFB5F,0xF9DF,0xFB3F,0xFD1F,0xFCBF,0xFBBF,0xFBDF,0xFC1F,0xFA1F,0x881E,0x483D,0x583D,0x803E,0xA81E,
  0x0847,0x1047,0x1048,0x1848,0x1048,0x1048,0x1048,0x1848,0x1868,0x1868,0x1868,0x1869,0x2069,0x206A,0x288A,0x30AC,
  0x282C,0xA3F7,0x42DF,0x01DD,0x02BF,0x039F,0x0C1E,0x039F,0x46BF,0xCFFF,0x9FDF,0xB7FF,0x3E5F,0x02DB,0x00D3,0x01FA,
  0x01D9,0x01D8,0x0196,0x0130,0x012E,0x0130,0x0170,0x0170,0x00AD,0x00CC,0x00CB,0x00CB,0x00C9,0x00A7,0x0068,0x0067,
  0x0067,0x0067,0x0067,0x0067,0x0067,0x0066,0x0867,0x0866,0x0022,0x0000,0x0001,0x0027,0x0112,0x239C,0x147E,0x357F,
  0x463E,0x5F5F,0x231A,0x10AB,0x1066,0x692E,0x1047,0x0002,0x0002,0x0000,0x0000,0x0001,0x0844,0x1088,0x188A,0x1048,
  0x0847,0x0827,0x0827,0x0805,0x0825,0x1046,0x1047,0x1047,0x0825,0x0803,0x1805,0x1805,0x1804,0x1002,0x1803,0x0801,
  0x0000,0x0000,0x0000,0x2005,0x4008,0x1805,0x0804,0x1807,0x1007,0x8051,0x186A,0x094C,0x0003,0x0024,0x0003,0x0024,
  0x0000,0x0046,0x0068,0x0005,0x08AB,0x0158,0x14FE,0x475F,0x033C,0x00F0,0x00CB,0x00AA,0x0068,0x0024,0x0000,0x6186,
  0x612B,0x38CA,0x40EA,0x690C,0x60AB,0x7848,0xEDF3,0xFF97,0xFDF6,0xFE9D,0xC0FF,0xE89F,0xF9DF,0xF95F,0xF95F,0xD85F,
  0x6079,0x38D4,0x38D3,0x38D2,0x3912,0x5134,0x4913,0x38D1,0x4914,0x5937,0x6157,0x6157,0x7178,0x7979,0x5956,0x4114,
  0x3913,0x3912,0x5154,0x9A17,0xCAD8,0xAA96,0x9A35,0xB236,0x7194,0x3910,0x30CF,0x30EF,0x30CF,0x28CE,0x30CF,0x30F0,
  0x30F0,0x30F0,0x30CF,0x30AE,0x30CF,0x38F0,0x40F1,0x4912,0x60B3,0xE57A,0xFEB7,0xF431,0xF0CE,0xE00B,0x5945,0xE55C,
  0xF81D,0xFADD,0xFBBF,0xF01A,0xFD1E,0xFC11,0xFD55,0xFC70,0xC887,0x614A,0xF393,0xFC34,0xF9C8,0xFB28,0x69C4,0x0800,
  0x7849,0x984E,0x6009,0x1803,0x60E4,0x58E7,0x8947,0xB1E9,0x8B06,0x58C1,0xFD8F,0xF346,0x9103,0xE368,0xCA63,0xF449,
  0xFCCA,0xE284,0xEAE6,0x5923,0x1844,0x78A7,0x0800,0xA927,0xFC54,0x7008,0x0008,0x4852,0x304F,0x0009,0x0808,0x0000,
  0x0888,0x18EE,0x38F1,0x18A9,0x0868,0x0825,0x0802,0x1021,0x2001,0x0800,0x3003,0xD832,0xF856,0xE053,0xE852,0xF835,
  0xE892,0xF091,0xF874,0xF8B4,0xF8B5,0xF876,0xF53A,0xF10D,0xF80B,0xF8AE,0xF832,0xF851,0xF133,0xF872,0xF8D3,0xF954,
  0xFCFA,0xF336,0x9010,0x50D0,0x38AF,0x30AE,0x30AF,0x30D0,0x30D0,0x38D0,0x38D0,0x38D0,0x30AF,0x208D,0x208C,0x208D,
  0x288E,0x5073,0x8859,0x6875,0x4070,0x4070,0x5852,0xD81B,0xF01D,0x7838,0x4098,0x60BB,0x589B,0x989E,0xFAFF,0xFC9F,
  0xFBFF,0xFCBF,0xFC5F,0xF9DF,0xFA9F,0xFC9F,0xFBFF,0xF25F,0xF27F,0xFBBF,0xF9FF,0x981E,0x803E,0x983F,0x883F,0x883E,
  0x1047,0x1047,0x1048,0x1848,0x1048,0x1048,0x1068,0x1848,0x1848,0x1869,0x1869,0x1869,0x2069,0x206A,0x28AB,0x200A,
  0x8AF3,0x73DF,0x01BE,0x2B7F,0x037F,0x0C7F,0x037E,0x463F,0xB7FF,0xAFFF,0x97DF,0x25BF,0x033C,0x0090,0x0157,0x01FB,
  0x01B8,0x01B5,0x0234,0x0150,0x0193,0x0150,0x00ED,0x00ED,0x010D,0x00CB,0x00CB,0x0067,0x0065,0x0067,0x0067,0x0087,
  0x0067,0x0067,0x0067,0x0066,0x0067,0x0866,0x0023,0x0000,0x0000,0x0001,0x0047,0x006B,0x09D5,0x97BF,0x477F,0x573F,
  0x469F,0x35DF,0x1237,0x0027,0x1045,0x40C8,0x1025,0x0823,0x0001,0x1803,0x5028,0x0000,0x0000,0x0000,0x0845,0x1069,
  0x0026,0x7210,0x518C,0x18E9,0x1088,0x0805,0x0826,0x1046,0x0825,0x0824,0x2047,0x2026,0x1004,0x1003,0x1003,0x1003,
  0x0801,0x0000,0x0000,0x0001,0x2006,0x4808,0x2005,0x0805,0x0005,0x3029,0x500B,0x010C,0x220F,0x0004,0x0003,0x0004,
  0x0000,0x0024,0x008A,0x0068,0x0028,0x01B9,0x153F,0x8FFF,0x1CDE,0x00F1,0x00CA,0x00CA,0x0089,0x0024,0x0000,0x8AC6,
  0x81EA,0x40EA,0x40EB,0x712C,0x60CB,0x8028,0xDD10,0xFF13,0xFEF5,0xFFBE,0xE19F,0xF0FF,0xFA9F,0xFA3F,0xFA5F,0xE09F,
  0x5878,0x38D3,0x38B2,0x30B2,0x4934,0x7997,0x6956,0x48F2,0x7136,0x8179,0x6959,0x6138,0x6958,0x7137,0x5115,0x3912,
  0x38F1,0x30D0,0x30F1,0x4932,0x4953,0x3932,0x3911,0x4111,0x30D0,0x28CE,0x30CF,0x38F0,0x38F0,0x30CF,0x30F0,0x3110,
  0x3911,0x4112,0x40F1,0x38F0,0x4112,0x4954,0x6196,0x58D6,0xB3BA,0xFDF7,0xF614,0xF9CC,0xF80E,0x9006,0xBCD5,0xFA3F,
  0xF8FC,0xFD9F,0xF03D,0xFA7B,0xFC92,0xFB8E,0xFF39,0xF9C8,0x8089,0x79A9,0xFCB5,0xFACE,0xFA08,0x6124,0x0000,0x4806,
  0x784D,0xB071,0x3806,0x2862,0x7126,0x6927,0x8127,0xC2CA,0x7AC5,0x6902,0xFDCF,0xFB45,0x9943,0x79A5,0xF2C3,0xFCE8,
  0xFD2A,0xF2C4,0xF326,0x6943,0x0003,0x2845,0x0022,0x6021,0xFC34,0x68A9,0x0007,0x2830,0x5874,0x0006,0x100B,0x0805,
  0x0021,0x10CC,0x40F1,0x2889,0x0066,0x0847,0x0826,0x0823,0x1000,0x1000,0x0000,0x4004,0xE834,0xE874,0xD86F,0xE82F,
  0xF073,0xF0D5,0xF814,0xF957,0xF8F6,0xFA38,0xF456,0xF00B,0xF82D,0xF84D,0xF091,0xF072,0xF0B2,0xF8F3,0xF9B5,0xFA76,
  0xFC99,0xC012,0x60B1,0x48AF,0x30AE,0x28AE,0x30AE,0x30D0,0x38D0,0x30B0,0x38D0,0x38D0,0x38AF,0x28AD,0x208C,0x28AD,
  0x208C,0x308E,0x4872,0x4070,0x386F,0x408F,0x9034,0xF8FC,0xF9FD,0xC07C,0x509B,0x78DF,0x709F,0xA8DF,0xFBBF,0xFD1F,
  0xFBDF,0xFC1F,0xFB7F,0xE0DF,0xF19F,0xFB9F,0xFB5F,0xE9BF,0xF1BF,0xFBBF,0xFA7F,0xB03F,0x901F,0x903F,0x703F,0x701E,
  0x1047,0x1047,0x1048,0x1848,0x1848,0x1048,0x1868,0x1868,0x1869,0x1869,0x1869,0x2069,0x206A,0x288A,0x204A,0x618F,
  0xBC9E,0x29FE,0x4BBE,0x139F,0x047F,0x039E,0x5E3F,0xAFFF,0xC7FF,0x8F9F,0x0CFE,0x037F,0x01B5,0x0136,0x023C,0x0259,
  0x0215,0x01B3,0x01B5,0x0152,0x010E,0x00EC,0x010D,0x010C,0x00CA,0x00AB,0x00EC,0x0087,0x0066,0x0088,0x0888,0x0067,
  0x0067,0x0066,0x0066,0x0867,0x0865,0x0001,0x0000,0x0000,0x0002,0x20EA,0x390D,0x10A9,0x008E,0x029D,0x027D,0x01FC,
  0x019A,0x0138,0x008E,0x0026,0x0026,0x0025,0x0824,0x0823,0x0001,0x3045,0x2824,0x1002,0x2802,0x1001,0x0000,0x0001,
  0x312A,0xC4DA,0x1065,0x7A8F,0x82F3,0x294B,0x18A7,0x0003,0x0804,0x0825,0x0824,0x1024,0x0802,0x0803,0x0803,0x1004,
  0x0802,0x0001,0x0000,0x0000,0x0802,0x1805,0x4808,0x2025,0x0002,0x0804,0x3008,0x0804,0x21EF,0x192B,0x0003,0x0002,
  0x0001,0x0022,0x0069,0x0089,0x0005,0x0257,0x039D,0x2D9F,0x0B7C,0x00D0,0x00AA,0x00CA,0x0047,0x0004,0x0001,0x9AA5,
  0x5928,0x40EB,0x40CA,0x714C,0x58CA,0x7007,0xCBED,0xFED2,0xFEB4,0xFFFE,0xEA7F,0xE0BF,0xF21F,0xE9DF,0xF19F,0xC8BF,
  0x58B8,0x38B2,0x38B2,0x30B2,0x4913,0x79B8,0x7198,0x5914,0x8915,0x9138,0x5916,0x50F5,0x50F4,0x48F2,0x38D1,0x30D0,
  0x30D0,0x30D0,0x30CF,0x30F0,0x30F0,0x30F0,0x38F0,0x38F1,0x38F1,0x30F0,0x30F0,0x3911,0x38F1,0x3911,0x4953,0x4974,
  0x5196,0x7199,0x6998,0x5176,0x5997,0x61D8,0x6979,0xA29B,0xFDB9,0xFDF6,0xFCB1,0xF88E,0xD00C,0x8A4C,0xFC7E,0xF81D,
  0xFC7E,0xFA7E,0xF81C,0xEB31,0xF227,0xFF1B,0xFBED,0xD109,0x3067,0xA2EB,0xFD34,0xFA28,0x60E3,0x0000,0x2064,0x5009,
  0x704C,0x802C,0x2805,0x48C3,0x7107,0x91C7,0x9147,0xDBAA,0x51A3,0x8164,0xFD4E,0xFB03,0x9922,0x5102,0xF283,0xFC87,
  0xFDAB,0xF2E3,0xFB04,0x7163,0x0003,0x1045,0x1844,0x0800,0xDA0C,0x716B,0x0005,0x102C,0x6874,0x182B,0x0006,0x180E,
  0x0001,0x0045,0x20F3,0x28CC,0x0865,0x0868,0x1028,0x2049,0x0801,0x1000,0x1000,0x0800,0x6005,0xE030,0xE834,0xF034,
  0xF8B7,0xF8F6,0xF8D6,0xF937,0xF855,0xFCFB,0xF14F,0xF00D,0xF82E,0xF80E,0xF872,0xF0F3,0xF0B3,0xF955,0xF893,0xFCB9,
  0xE955,0x9854,0x58D2,0x38B0,0x30AE,0x28AE,0x30AF,0x38D0,0x38B0,0x38B0,0x38D0,0x38D0,0x30AF,0x288D,0x208C,0x208C,
  0x208C,0x308E,0x4871,0x4090,0x408F,0x48B1,0xB837,0xFA3E,0xFBDE,0xD8DE,0x5079,0x58BB,0x587C,0x90BE,0xFA7F,0xFB9F,
  0xE9FF,0xE9BF,0xE99F,0xB01F,0xE15F,0xFB9F,0xFBBF,0xFB1F,0xFB1F,0xFC3F,0xFADF,0xA85F,0x601F,0x703E,0x703E,0x803E,
  0x1047,0x1047,0x1068,0x1869,0x1848,0x1868,0x1869,0x1869,0x1869,0x2069,0x206A,0x206A,0x208A,0x288B,0x38AC,0xD47B,
  0x6A1F,0x437E,0x0B5F,0x049F,0x03DF,0x3D5F,0xC7FF,0xBFFF,0x7F3F,0x049F,0x02DE,0x02BC,0x01B8,0x01D9,0x0236,0x02F8,
  0x01D3,0x0193,0x010F,0x010E,0x010D,0x010D,0x00EC,0x0069,0x00CB,0x0150,0x00C9,0x0066,0x0087,0x0887,0x0867,0x0867,
  0x0867,0x0887,0x0866,0x0044,0x0000,0x0000,0x0001,0x0024,0x0025,0x0866,0x0024,0x0025,0x008A,0x00D1,0x00D1,0x00CF,
  0x00CF,0x00AC,0x0069,0x0047,0x0847,0x0847,0x0825,0x0824,0x0824,0x0023,0x0002,0x0001,0x1001,0x1801,0x1001,0x1822,
  0x486A,0x28E9,0x1068,0x8A09,0x91C9,0x724C,0x7AF0,0x420D,0x1886,0x0005,0x0004,0x0023,0x0001,0x0802,0x0803,0x0804,
  0x1004,0x0802,0x0000,0x0000,0x0000,0x0802,0x0803,0x68ED,0x3887,0x0002,0x0804,0x1804,0x0005,0x21CF,0x0023,0x0002,
  0x0001,0x0000,0x0047,0x0089,0x0046,0x010D,0x00EF,0x11D3,0x006C,0x00CD,0x0089,0x00AA,0x0045,0x0002,0x1060,0xAAA6,
  0x4067,0x38CA,0x38CA,0x60EC,0x58AA,0x7009,0xBACC,0xFED2,0xFE94,0xFFFF,0xE37E,0xA01E,0x88FE,0x78BD,0x887E,0x709C,
  0x40B5,0x38B2,0x38B1,0x38D1,0x38D2,0x4914,0x4914,0x40F2,0x58F3,0x58D3,0x40B2,0x40D2,0x40D1,0x38D0,0x30CF,0x30D0,
  0x30D0,0x30D0,0x30D0,0x30F0,0x30F0,0x38F0,0x38F0,0x4132,0x4134,0x3933,0x3932,0x4153,0x4133,0x5175,0x69D9,0x69FA,
  0x69FA,0x79FB,0x79BA,0x5997,0x6197,0x6198,0x917A,0xF57B,0xFC73,0xFEB9,0xF92D,0xF0B3,0x6867,0xDCD8,0xFB3F,0xFA1E,
  0xFB9E,0xF81D,0xA010,0xA966,0xFD13,0xFE17,0xF968,0x910C,0x3065,0xE553,0xFC8D,0x60E2,0x1001,0x40C9,0x48E9,0x2024,
  0x884E,0x6029,0x0801,0x6924,0x8187,0xAA07,0xA988,0xE42B,0x40A2,0xAA07,0xFD2D,0xFAC1,0xA942,0x89A4,0xF283,0xFC67,
  0xFE4D,0xF404,0xFB03,0x81A2,0x0002,0x1846,0x38A5,0x0821,0x6886,0x892D,0x0007,0x080A,0x5833,0x4832,0x0006,0x2830,
  0x200D,0x0001,0x108E,0x3112,0x0845,0x10AA,0x1069,0x2029,0x602A,0x0800,0x1800,0x2001,0x2800,0x6004,0xF834,0xF819,
  0xF0F7,0xF977,0xF8D6,0xF8D8,0xFB7B,0xFD78,0xF8EE,0xF80E,0xF82F,0xF0B2,0xF893,0xF154,0xF134,0xF011,0xFC59,0xEAF6,
  0xB015,0x78F5,0x50B2,0x38AF,0x30AE,0x30AE,0x30AF,0x38CF,0x48B0,0x50B0,0x6891,0x7892,0x508F,0x288C,0x208C,0x208C,
  0x208C,0x308E,0x4090,0x4090,0x4090,0x50B1,0xB057,0xFA1E,0xFB5E,0xD89D,0x4877,0x3896,0x3898,0x707D,0xE13F,0xFA5F,
  0xD11F,0xC8BF,0xE93F,0xD8FF,0xFABF,0xFCDF,0xFCBF,0xFC3F,0xFC1F,0xFC7F,0xFADF,0xA85F,0x603F,0x803F,0x901F,0x983F,
  0x1068,0x1068,0x1869,0x1869,0x1869,0x1869,0x1869,0x2069,0x206A,0x206A,0x206A,0x206A,0x28AB,0x200A,0xA335,0x7AFF,
  0x09DE,0x031E,0x045E,0x037E,0x1C5E,0xD7FF,0xC7FF,0x5E9F,0x03DF,0x027E,0x02DE,0x0174,0x01D4,0x01F5,0x0278,0x01B3,
  0x00CD,0x00EE,0x012F,0x012F,0x00ED,0x006B,0x00CC,0x0210,0x02B4,0x01ED,0x0025,0x0087,0x0087,0x0067,0x0867,0x0867,
  0x0867,0x0866,0x0022,0x0000,0x0000,0x0002,0x0005,0x0826,0x0827,0x0828,0x0849,0x104A,0x104C,0x086C,0x086E,0x088E,
  0x086C,0x086A,0x0848,0x1027,0x1027,0x1046,0x0845,0x0825,0x0845,0x0825,0x0825,0x0824,0x0001,0x0000,0x0000,0x1803,
  0x4826,0x0001,0x1848,0x30AB,0x2886,0x69A6,0x6103,0x832D,0x49CB,0x6AD1,0x39AA,0x0824,0x0825,0x0824,0x0824,0x0803,
  0x0001,0x0802,0x0803,0x0000,0x0000,0x0000,0x0803,0x1005,0x8111,0x4089,0x0001,0x1825,0x0804,0x0049,0x0047,0x0002,
  0x0001,0x0000,0x0046,0x0069,0x0069,0x0049,0x00AA,0x198B,0x0047,0x00AC,0x0088,0x0088,0x0043,0x0000,0x28E1,0xAAA6,
  0x4066,0x38C9,0x38A9,0x50AA,0x588A,0x800B,0xB1AB,0xFEB4,0xFED6,0xFFFF,0xEC3C,0x8019,0x58F9,0x40B7,0x40B7,0x40B5,
  0x40D3,0x38D2,0x38D1,0x38D2,0x38B1,0x38B1,0x38B1,0x40D1,0x40D1,0x48B2,0x50B2,0x50B2,0x48D2,0x40D1,0x38D1,0x38D1,
  0x38F1,0x38F1,0x38F1,0x30F1,0x38F1,0x4112,0x4112,0x4113,0x4133,0x4133,0x4154,0x4975,0x4154,0x4955,0x6198,0x6999,
  0x5197,0x5977,0x5155,0x4933,0x4134,0x7197,0xDC3A,0xFC13,0xFD16,0xFB73,0xF832,0x6827,0x82CC,0xFA7F,0xF03C,0xFC1E,
  0xF87D,0xD818,0x796A,0xF32E,0xFEFA,0xFBCE,0xD129,0x784B,0x8A6C,0xFE95,0x6922,0x0800,0x3027,0x30AD,0x7A2B,0xA16F,
  0x980E,0x2823,0x1020,0x99A7,0xAA27,0xBA26,0xB229,0xE46B,0x4001,0xCAAB,0xFD8E,0xFB02,0x5081,0x7963,0xFAE3,0xFCA8,
  0xFE4D,0xFC81,0xFC24,0x89C2,0x0003,0x80AC,0x79A8,0x1842,0x1822,0x6089,0x280F,0x100B,0x3031,0x88B8,0x080A,0x284D,
  0x605B,0x100A,0x0004,0x30D2,0x1088,0x0888,0x18CC,0x1049,0x4009,0x2824,0x1800,0x2801,0x4001,0x1000,0x6022,0xE870,
  0xF8B9,0xF938,0xF856,0xF8F8,0xFF5E,0xF414,0xD8EE,0xE8D0,0xF851,0xF851,0xF892,0xF133,0xF093,0xF1B5,0xF3B7,0x9810,
  0x7115,0x6135,0x40F2,0x30AF,0x28AE,0x30AE,0x30AF,0x7091,0xC074,0xC873,0xE0B4,0xF0B5,0xA852,0x408E,0x308D,0x288C,
  0x208D,0x288D,0x308E,0x388F,0x40AF,0x60B1,0xC077,0xFA1E,0xFB5E,0xD89D,0x4857,0x3896,0x3898,0x703D,0xE9BF,0xFBBF,
  0xF23F,0xE9BF,0xFB1F,0xFA5F,0xFAFF,0xFCBF,0xFC9F,0xFC1F,0xFBFF,0xFC7F,0xFB3F,0xB87F,0x603F,0x703F,0x603D,0x583A,
  0x1068,0x1068,0x206A,0x208B,0x186A,0x1869,0x1869,0x2069,0x206A,0x206A,0x286A,0x288B,0x204B,0x71F0,0xACBF,0x01BF,
  0x0B5F,0x0C9F,0x03BE,0x02FD,0xB71F,0xE7FF,0x3DBF,0x035E,0x023D,0x021C,0x025A,0x0215,0x0257,0x0217,0x0172,0x00CD,
  0x00EE,0x012F,0x0130,0x00CF,0x012F,0x0AD5,0x1376,0x01CE,0x0044,0x0024,0x0067,0x0088,0x0067,0x0867,0x0888,0x0868,
  0x0845,0x0001,0x0000,0x0001,0x0003,0x0804,0x1005,0x1005,0x1005,0x1004,0x0803,0x0803,0x0803,0x1005,0x2009,0x200A,
  0x1808,0x1807,0x1807,0x1827,0x1826,0x1026,0x0825,0x0825,0x1025,0x0825,0x0825,0x0824,0x0803,0x0001,0x0001,0x0001,
  0x2864,0x1041,0x0800,0x0803,0x1847,0x1046,0x28C5,0x2061,0x7A07,0xE38D,0x624B,0x0002,0x0825,0x0024,0x1066,0x6912,
  0x3868,0x0000,0x0001,0x0802,0x0000,0x0000,0x0802,0x0805,0x1006,0x80F0,0x3048,0x0004,0x1025,0x0024,0x0068,0x0002,
  0x0001,0x0000,0x0045,0x0068,0x0089,0x2A30,0x0068,0x114B,0x0886,0x0046,0x1129,0x0088,0x0043,0x0000,0x49A1,0x9226,
  0x4066,0x38A8,0x38AA,0x594C,0x608A,0x882C,0xB0AB,0xFE54,0xFF17,0xFFFF,0xF4FC,0x9017,0x58F6,0x48D5,0x48D5,0x48D5,
  0x48D4,0x40D3,0x38D2,0x38B2,0x40D2,0x40D2,0x40D2,0x48D1,0x50D2,0x58B3,0x60B3,0x60D4,0x58D3,0x50D3,0x48D3,0x40D2,
  0x40F2,0x40F3,0x40F2,0x38F1,0x38F2,0x4112,0x4112,0x4112,0x30F1,0x30F1,0x3911,0x3912,0x3912,0x38F1,0x4133,0x4133,
  0x3912,0x30F1,0x38F0,0x38F0,0x5973,0xA254,0xE618,0xFBF2,0xF455,0xF8D2,0x986B,0x50A2,0xFCDB,0xF81E,0xF37D,0xF9BE,
  0xF81D,0x9090,0xDAB1,0xFC94,0xFED9,0xE9E7,0x3042,0x6888,0xF5D6,0x9A47,0x3000,0x1864,0x10B0,0x1868,0x2042,0x9911,
  0x882C,0x0000,0x38C2,0xB208,0xC2A7,0xCA47,0xDB4A,0xC3A9,0x4802,0xEAED,0xFDCC,0xB221,0x3001,0x8983,0xF2E3,0xF447,
  0xFE8F,0xFCA1,0xFD25,0x9A22,0x0805,0x78CE,0x4066,0x1044,0x1023,0x0000,0x3811,0x3813,0x080B,0x8959,0x5055,0x0808,
  0x5858,0x4819,0x0805,0x1827,0x308D,0x0066,0x20CD,0x206A,0x2028,0x1803,0x2021,0x3001,0x2801,0x4800,0x2000,0xA841,
  0xF18F,0xFAB9,0xF939,0xF416,0xFC2C,0xFDD5,0xD1D1,0x904E,0xB8AF,0xF08F,0xF952,0xF1D3,0xF193,0xFC18,0xB050,0x58B1,
  0x4934,0x4977,0x3933,0x30CF,0x30CE,0x30CE,0x48B0,0xC895,0xF996,0xFA16,0xFA56,0xFA16,0xD874,0x5870,0x38AF,0x308D,
  0x28AD,0x28AD,0x288D,0x308E,0x40AF,0x90D2,0xE097,0xFA7D,0xFBDE,0xE8BE,0x585A,0x489A,0x487B,0x783D,0xF9FF,0xFC3F,
  0xFB5F,0xFB5F,0xFC5F,0xFABF,0xF19F,0xFB5F,0xFC1F,0xFB5F,0xFA5F,0xFA7F,0xF97F,0x901E,0x3058,0x2857,0x2053,0x184F,
  0x1068,0x1069,0x288B,0x30AD,0x206A,0x1869,0x286A,0x408C,0x408C,0x308B,0x388C,0x308C,0x302B,0xDDFB,0x439F,0x02BE,
  0x249F,0x0BDF,0x15BF,0x6E9F,0xE7FF,0x253F,0x031F,0x025D,0x01D7,0x02D9,0x02D9,0x0278,0x01B5,0x0173,0x00EE,0x010F,
  0x0130,0x00F3,0x01D6,0x02B8,0x0236,0x0B16,0x00CC,0x0004,0x0024,0x0066,0x0088,0x0067,0x0867,0x0888,0x0044,0x0002,
  0x0001,0x0000,0x0000,0x0000,0x0000,0x0000,0x0000,0x0000,0x0000,0x0000,0x0000,0x0000,0x0000,0x0000,0x0000,0x0000,
  0x0000,0x0000,0x0801,0x0802,0x0802,0x0803,0x0824,0x1025,0x0804,0x0825,0x0824,0x0003,0x0822,0x1063,0x0822,0x0000,
  0x496A,0x2084,0x2884,0x1022,0x0801,0x0802,0x0803,0x1045,0x30C6,0x58C1,0x1002,0x624F,0x1026,0x0825,0x0002,0x204A,
  0x60D8,0x7154,0x40AD,0x0802,0x0000,0x0000,0x0001,0x0806,0x0007,0x1006,0x7891,0x2007,0x0804,0x0002,0x0026,0x0003,
  0x0001,0x0000,0x0044,0x0047,0x08A9,0x83F7,0x0868,0x21CC,0x08E7,0x0002,0x0064,0x00A9,0x0024,0x0000,0x7242,0x7986,
  0x48A7,0x3086,0x38AA,0x718D,0x606A,0x884C,0xC00A,0xF552,0xFF78,0xFFFF,0xF59C,0x9817,0x60F7,0x50D6,0x48D5,0x48D5,
  0x40D4,0x38D3,0x38B2,0x40D2,0x50F4,0x60F5,0x60F5,0x58D3,0x68D4,0x78D5,0x78D6,0x78D6,0x70D5,0x68D4,0x58D4,0x50F4,
  0x50F4,0x48F3,0x40F2,0x38F1,0x38F1,0x30F1,0x38F1,0x30F1,0x30F0,0x30F0,0x30F0,0x30F0,0x30D0,0x30D0,0x30F0,0x30F0,
  0x30F0,0x30F0,0x38F0,0x4110,0x7111,0xABF7,0xFE98,0xF330,0xFA96,0xD8AD,0x7000,0xEC93,0xFA5F,0xF1DC,0xF37E,0xF81E,
  0xB853,0x81AE,0xFA33,0xFEFB,0xFC4E,0x98E5,0x3004,0xBA6E,0x934C,0x6803,0x3803,0x0049,0x110D,0x38C6,0x78EB,0xB894,
  0x3805,0x0000,0x6945,0xC268,0xDB28,0xD267,0xFC8B,0x8A85,0x6005,0xFB51,0xED2A,0x5040,0x6805,0x6923,0xE284,0xDB25,
  0xFE8F,0xFC60,0xFD84,0xAA82,0x1807,0x70EF,0x610D,0x416C,0x1867,0x0000,0x200A,0x5019,0x080B,0x5113,0x915C,0x180E,
  0x304D,0x581B,0x3033,0x0002,0x2869,0x0847,0x10CC,0x208B,0x204A,0x4848,0x2822,0x2801,0x2001,0x4821,0x4000,0x8020,
  0xD920,0xDA4B,0xFD7B,0xE9E8,0xF102,0xFE51,0xFCB4,0xA8B0,0x70AF,0x80EF,0xC04F,0xF130,0xFD39,0xD954,0x7051,0x40F0,
  0x4155,0x49F9,0x4196,0x30F0,0x30CF,0x38D0,0x58B2,0xD8F6,0xFAF7,0xFB16,0xFA56,0xF9D6,0xD854,0x5070,0x38AF,0x288D,
  0x208C,0x288D,0x308E,0x308E,0x50B0,0xB0D3,0xF877,0xFB1D,0xFCFE,0xF17E,0x685C,0x509C,0x487C,0x783D,0xF1BF,0xFC5F,
  0xFC5F,0xFC7F,0xFCBF,0xFA9F,0xD8BF,0xF15F,0xF15F,0xD8BF,0xA83E,0x981E,0x781E,0x3037,0x106F,0x186E,0x106D,0x104B,
  0x1068,0x1068,0x208A,0x308C,0x208B,0x1869,0x388C,0x80AF,0xA8B0,0x888F,0x68CF,0x380C,0x9B74,0x9D7F,0x01FE,0x249F,
  0x03DF,0x1DFF,0x479F,0xAF7F,0x2D1F,0x02DE,0x01B7,0x00CE,0x0214,0x031A,0x0193,0x0111,0x0172,0x010F,0x010F,0x0112,
  0x0177,0x139C,0x369F,0x141C,0x006E,0x002B,0x0048,0x0044,0x0068,0x0087,0x0887,0x0066,0x0066,0x0022,0x0000,0x0000,
  0x0000,0x0000,0x0000,0x0000,0x0000,0x0000,0x0000,0x0001,0x0001,0x0001,0x0001,0x0001,0x0001,0x0001,0x0001,0x0000,
  0x0000,0x0000,0x0000,0x0000,0x0000,0x0000,0x0000,0x1003,0x38A8,0x1846,0x1867,0x1065,0x492B,0x616F,0x1047,0x0824,
  0x1085,0x0001,0x0000,0x1842,0x1041,0x1041,0x0820,0x0801,0x1023,0x0000,0x28E4,0x3926,0x590B,0x3087,0x0002,0x0000,
  0x080B,0x3077,0x79BC,0x619B,0x106E,0x0022,0x0000,0x0001,0x0828,0x0007,0x1809,0x7051,0x3008,0x1003,0x0003,0x0005,
  0x0001,0x0000,0x0044,0x0047,0x10C9,0x4A0F,0x0003,0x18A6,0x18A5,0x0002,0x0866,0x10C9,0x0024,0x0000,0x8282,0x5906,
  0x48A6,0x3085,0x38C9,0x3067,0x604A,0x906B,0xB80A,0xEC10,0xFF97,0xFFFF,0xFE5D,0xA858,0x60D9,0x50F8,0x48F8,0x48F7,
  0x40D4,0x38D3,0x38D2,0x40D2,0x50F4,0x68F6,0x68D6,0x70D5,0x80B5,0xA077,0xA878,0xA878,0x9877,0x78B5,0x60D4,0x50D3,
  0x48F3,0x48F2,0x38F1,0x38F1,0x38D1,0x38D1,0x30F0,0x30D0,0x30D0,0x30F0,0x30D0,0x30D0,0x30D0,0x30F0,0x30F0,0x38F0,
  0x38F0,0x38F1,0x40F1,0x48D1,0x7132,0xF71B,0xFA49,0xF211,0xF190,0xA001,0xDA8C,0xFCDF,0xF89C,0xF45D,0xF89F,0xD036,
  0x5108,0xEA15,0xFBB6,0xFF39,0xD9E5,0x4828,0x692B,0xE333,0xA86B,0xA02C,0x29D1,0x2254,0x18CA,0x89AE,0xA870,0x980E,
  0x0000,0x1021,0x91C7,0xD2C8,0xDB29,0xDAA8,0xFD4C,0x6163,0x800A,0xFBAE,0x8A83,0x6004,0x6805,0x40C2,0xCA05,0xB224,
  0xFE8F,0xF420,0xFE07,0xD323,0x3006,0x58AD,0x610C,0x0823,0x28A9,0x0824,0x0804,0x4817,0x4815,0x204E,0xAA5C,0x6039,
  0x284E,0x4016,0x4017,0x3832,0x2025,0x1028,0x0869,0x20AB,0x184A,0x506D,0x5045,0x1000,0x2001,0x2000,0x70A2,0x3800,
  0xD161,0xD0A0,0xD822,0xF225,0xF0C1,0xFDAE,0xFED6,0xEAF2,0x9090,0x68F1,0x58D0,0x80D0,0xB973,0x7893,0x48D0,0x38D0,
  0x4175,0x4A1A,0x41B7,0x30F1,0x30CF,0x40D1,0x58B3,0xD0B6,0xF9F7,0xF9B6,0xF0B4,0xE895,0xA852,0x408F,0x288E,0x288D,
  0x208C,0x38AE,0x58B1,0x68B2,0x60B1,0xA8D3,0xF077,0xFAFD,0xFCFE,0xF17E,0x683B,0x489A,0x489B,0x781E,0xF9BF,0xFBDF,
  0xFAFF,0xFA7F,0xFA3F,0xC8FF,0x789F,0x803E,0x701C,0x485A,0x2879,0x287A,0x2098,0x1871,0x186D,0x106C,0x104B,0x104B,
  0x1068,0x1068,0x186A,0x288C,0x288B,0x206A,0x388C,0x98B0,0xE0D2,0xD8B1,0xA871,0x9930,0xCE1D,0x0A1F,0x1B9E,0x0BFE,
  0x2DFF,0x77DF,0x2DFF,0x23BD,0x019A,0x0113,0x00ED,0x01F5,0x025A,0x0132,0x00EF,0x0172,0x010E,0x00ED,0x0112,0x0279,
  0x3E5F,0x36DF,0x0B5A,0x00B0,0x008A,0x0088,0x0024,0x0068,0x00AA,0x0088,0x0045,0x0002,0x0000,0x0000,0x0000,0x0000,
  0x0000,0x0000,0x0000,0x0001,0x0001,0x0001,0x0001,0x0802,0x0802,0x0803,0x0803,0x0803,0x0803,0x0802,0x0802,0x0801,
  0x0801,0x1002,0x2805,0x3007,0x3809,0x3009,0x2809,0x384B,0x50CC,0x2849,0x1828,0x1026,0x51AC,0x510D,0x1827,0x1047,
  0x0846,0x0825,0x0003,0x0002,0x0001,0x0821,0x1863,0x2082,0x0000,0x0000,0x1883,0x2044,0x1004,0x2844,0x4885,0x1000,
  0x0001,0x2031,0x1011,0x3996,0x329F,0x11DC,0x00B1,0x0044,0x0002,0x0029,0x0009,0x200B,0x8052,0x4068,0x0001,0x0006,
  0x0003,0x0000,0x0043,0x0089,0x0088,0x00CA,0x00C8,0x3906,0x5126,0x0002,0x0825,0x40C9,0x0024,0x1040,0x7A21,0x3885,
  0x50C7,0x3065,0x48EA,0x508A,0x680A,0x986B,0xC00A,0xEAEE,0xFFB8,0xFFFE,0xFEDE,0xB97E,0x827F,0x72BF,0x72DF,0x6A1F,
  0x4918,0x40D3,0x40F3,0x40D3,0x48D3,0x58D4,0x68D4,0x78B5,0xC078,0xE8BB,0xE89B,0xF0BB,0xF0DB,0xB878,0x70B5,0x58D3,
  0x48D3,0x40D2,0x38D1,0x38F1,0x38D1,0x38D1,0x38D1,0x30D0,0x30D0,0x30F0,0x30D0,0x30D0,0x30D0,0x30F0,0x30F1,0x38F1,
  0x38F1,0x40F2,0x5113,0x50B1,0xD63C,0xFC6E,0xE928,0xF393,0xC002,0xD9AC,0xFD7D,0xF93E,0xFB9C,0xF9DF,0xD037,0x2022,
  0xB2B2,0xF935,0xFE9C,0xFC8F,0x8067,0x3048,0x9A8E,0xE1D2,0xF854,0x2809,0x19B1,0x3270,0x2846,0xA911,0xE0B5,0x5006,
  0x0000,0x3884,0xC247,0xDAC8,0xD2A8,0xF369,0xED0B,0x5824,0xB02E,0xCAC9,0x5841,0x9808,0x6006,0x2881,0xB9A5,0xA9C4,
  0xFE4F,0xFCA1,0xFDC5,0xF405,0x5805,0x406A,0x892E,0x1045,0x1889,0x1889,0x1024,0x3813,0x703A,0x1813,0xA29C,0x6916,
  0x304E,0x60D7,0x3816,0x4838,0x5891,0x0824,0x1069,0x208B,0x406D,0x284D,0x70CB,0x1802,0x1001,0x0800,0x5822,0x5001,
  0x7840,0xEA83,0xC8A1,0xE902,0xFB26,0xFB45,0xFFF7,0xFC32,0xB0F1,0x68B1,0x60D1,0x50B0,0x4891,0x5112,0x40F1,0x38D0,
  0x3933,0x3996,0x3954,0x30F0,0x30CF,0x40B0,0x48B1,0x9093,0xE8B6,0xF075,0xC813,0xA852,0x6891,0x388E,0x308E,0x308E,
  0x288E,0x58D1,0xB156,0xB936,0x80B3,0x70B2,0xA855,0xF0FA,0xF9DC,0xC87C,0x4878,0x40B9,0x40BA,0x585C,0xC07F,0xE11F,
  0xB85F,0x983E,0x787D,0x487B,0x2898,0x2898,0x20B7,0x20B5,0x2095,0x2096,0x2094,0x186E,0x186D,0x1850,0x2852,0x3834,
  0x1068,0x1068,0x1869,0x288B,0x208B,0x208A,0x40AD,0xA8F1,0xF132,0xF112,0xE031,0xF4B9,0x4BFF,0x133F,0x143E,0x0DBE,
  0xBFFF,0x451E,0x0137,0x0137,0x00F2,0x012F,0x0279,0x023A,0x01B4,0x00EF,0x0173,0x0171,0x00CC,0x006D,0x0277,0x26DF,
  0x257E,0x01D7,0x00AF,0x008A,0x0068,0x3829,0x1827,0x008A,0x0067,0x0023,0x0002,0x0001,0x0000,0x0000,0x0000,0x0001,
  0x0001,0x0001,0x0001,0x0803,0x0803,0x0803,0x0804,0x1004,0x1004,0x1004,0x1004,0x1004,0x1003,0x1003,0x1003,0x0801,
  0x500B,0x7011,0x600F,0x480D,0x380C,0x300B,0x50ED,0x2009,0x1808,0x2069,0x412B,0x2067,0x2027,0x40E8,0x68E8,0x2025,
  0x1026,0x1043,0x30E8,0x1044,0x1064,0x0845,0x1866,0x1022,0x0000,0x30A5,0x1041,0x0002,0x1826,0x1004,0x2003,0x2002,
  0x0000,0x0824,0x2875,0x100F,0x1154,0x547F,0x4B9F,0x00FC,0x00D0,0x0028,0x000B,0x004D,0x380D,0x1806,0x0003,0x0004,
  0x0007,0x0001,0x0022,0x008A,0x0088,0x00A8,0x01CB,0x1023,0x2023,0x0001,0x0004,0x2064,0x0003,0x28C0,0x61C1,0x2025,
  0x60E8,0x40A6,0x38C9,0x5069,0x7029,0x984B,0xC80B,0xE9AB,0xFF78,0xFFFF,0xFF3F,0xD2FF,0xACFF,0x9D1F,0x9D1F,0x7B5F,
  0x493A,0x40F4,0x40F4,0x40F3,0x48F4,0x60F5,0x68B5,0x9897,0xF97B,0xFBFD,0xFC7C,0xFC7C,0xFBDD,0xF11B,0x9877,0x68D5,
  0x50D3,0x48F3,0x40F2,0x40F2,0x38F2,0x38F1,0x38D1,0x38D1,0x30D0,0x30F0,0x30F1,0x30D0,0x30F0,0x30F0,0x30F0,0x38D0,
  0x38D1,0x4912,0x4872,0xAC39,0xFEF7,0xF188,0xF579,0xE968,0xD849,0xFBFB,0xFB1F,0xF1FC,0xFB1F,0xD035,0x2801,0x620B,
  0xF9F7,0xFB78,0xFF9A,0xD1E9,0x2826,0x49A9,0xCA6F,0xF853,0x982E,0x00CA,0x2A53,0x08C9,0x60CB,0xD916,0xD072,0x0802,
  0x1004,0x7125,0xEAA7,0xDAA7,0xDA05,0xFD2F,0xCC29,0x7006,0xC8CF,0x7947,0xA00A,0xA80B,0x6006,0x1020,0x9924,0xA9C5,
  0xFE31,0xFD24,0xFDC6,0xC282,0xAA28,0x4008,0xB131,0x3869,0x1068,0x308C,0x1845,0x300F,0x803C,0x2815,0x79BA,0xBAFB,
  0x4832,0x4890,0x5037,0x4818,0x6038,0x1804,0x0847,0x188E,0x4090,0x282E,0x588E,0x3064,0x1803,0x2001,0x2800,0x6801,
  0x5000,0xE224,0xEBE7,0xC840,0xFC88,0xFC67,0xFE6F,0xFD95,0xE251,0x88F1,0x60B0,0x50B0,0x48D0,0x40D1,0x38F0,0x30CF,
  0x30EF,0x30F0,0x28CF,0x28AE,0x30AF,0x38B0,0x4090,0x5890,0xD075,0xF896,0xF0B5,0xE895,0xA053,0x488F,0x30AF,0x30AF,
  0x308F,0x70F3,0xE9F7,0xF1D7,0x90D2,0x5090,0x5071,0x7033,0x8035,0x4873,0x28B3,0x30B5,0x30B5,0x3095,0x4879,0x585B,
  0x3879,0x2897,0x2096,0x2894,0x2891,0x2093,0x2094,0x2075,0x3077,0x4079,0x4859,0x3054,0x3074,0x685C,0x985E,0xB05F,
  0x1068,0x1068,0x1869,0x206A,0x208A,0x208A,0x40AD,0x98F1,0xE933,0xF8D2,0xFA55,0x8D1F,0x0AFF,0x359F,0x05BF,0xAFFF,
  0x763F,0x0116,0x0114,0x00F0,0x012E,0x025A,0x01D7,0x01B5,0x010F,0x0173,0x01B3,0x00EE,0x00AE,0x0B17,0x1DFF,0x0B1A,
  0x00F3,0x00CD,0x008B,0x0068,0x402D,0x700E,0x0088,0x0045,0x0003,0x0003,0x0003,0x0001,0x0000,0x0001,0x0003,0x0003,
  0x0822,0x0001,0x0003,0x0804,0x1005,0x1005,0x1005,0x1005,0x1005,0x1805,0x1804,0x1804,0x1804,0x1003,0x1804,0x1805,
  0x2807,0x600F,0x7051,0x6870,0x70B0,0x602D,0x592E,0x79D2,0x6150,0x510D,0x38AA,0x306A,0x3069,0x1844,0x3864,0x1822,
  0x0803,0x2884,0x30C6,0x1864,0x3125,0x1884,0x28C7,0x0804,0x0803,0x1024,0x1022,0x0000,0x0001,0x0802,0x0803,0x0002,
  0x0000,0x0000,0x184A,0x2878,0x1012,0x08D5,0x5CFE,0x443F,0x00DF,0x013B,0x00B1,0x002F,0x0831,0x300C,0x0006,0x0004,
  0x0007,0x0003,0x0000,0x0068,0x0067,0x08C9,0x22AF,0x0845,0x0865,0x0000,0x0002,0x0001,0x0801,0x5160,0x5163,0x2026,
  0x60E8,0x48A7,0x3889,0x914E,0x7869,0x902A,0xD00B,0xE0AA,0xFF3A,0xFFFF,0xFE1E,0xCA9F,0xA4DF,0x9CDF,0x949F,0x731F,
  0x495A,0x40F4,0x40F4,0x40D3,0x48F4,0x70D6,0x80B7,0xA878,0xF9DB,0xFDBD,0xFEBD,0xFE9D,0xFCFD,0xF93C,0xA878,0x70F6,
  0x58D4,0x48F3,0x48F3,0x4914,0x4113,0x38F2,0x38F2,0x38F1,0x38F1,0x38F2,0x38F2,0x38F1,0x38F1,0x3911,0x3932,0x4133,
  0x4133,0x40B3,0x79F7,0xFF7B,0xEAAC,0xC3D9,0xFBF1,0xE804,0xD972,0xFD5F,0xF1DB,0xFB7E,0xC874,0x3803,0x7869,0xEAF7,
  0xF955,0xFF5F,0xFCEE,0x6025,0x40C7,0x898B,0xD973,0xF0F8,0x3009,0x2233,0x2251,0x1866,0x48E9,0x78AC,0x6829,0x1803,
  0x2804,0xCA08,0xEAE8,0xDAC7,0xE245,0xFE72,0xA2A5,0x980B,0x9009,0x5005,0xB80D,0xC8AE,0x5825,0x0000,0x8145,0xB1E6,
  0xFDD0,0xFCA3,0xEDC7,0x5060,0xDA89,0x81EB,0xA130,0x610E,0x396E,0x308B,0x3046,0x300C,0x883D,0x2814,0x5058,0xE3DF,
  0x5033,0x5011,0x7859,0x5018,0x5818,0x482E,0x0000,0x186C,0x2091,0x5951,0x50CD,0x5089,0x1803,0x4826,0x1000,0x8885,
  0x6842,0xA021,0xFC0A,0xDA26,0xE1A2,0xFE0A,0xFDEA,0xFF94,0xF3B2,0xB870,0x70D1,0x58D1,0x48B0,0x38CF,0x38CF,0x30CF,
  0x30CE,0x30CE,0x28AE,0x28AF,0x38F1,0x40F3,0x40D1,0x9093,0xF8D7,0xF9B8,0xFA38,0xF9F8,0xE896,0x5870,0x30AF,0x38B0,
  0x30B0,0x68F3,0xE1F7,0xD9B6,0x70D1,0x408F,0x408F,0x308F,0x288F,0x288E,0x208D,0x208E,0x206F,0x2890,0x2893,0x2894,
  0x2893,0x2872,0x2872,0x2852,0x3053,0x4857,0x605A,0x785C,0x905E,0xB05F,0xB85F,0x785C,0x509A,0x905E,0xB85F,0xA07E,
  0x1048,0x1069,0x1869,0x1869,0x186A,0x188A,0x288B,0x50AE,0x80D0,0xA84F,0xD47A,0x1B5F,0x353E,0x057F,0x9F5F,0xBF9F,
  0x027A,0x00F3,0x006B,0x012E,0x0238,0x0151,0x010F,0x0131,0x0151,0x0194,0x0130,0x0130,0x0048,0x0AD4,0x0194,0x006E,
  0x00CC,0x0068,0x0046,0x2828,0x9836,0x210F,0x0886,0x0003,0x0024,0x0002,0x0001,0x0001,0x0002,0x0004,0x0003,0x0001,
  0x1044,0x0804,0x0805,0x1005,0x1005,0x1806,0x1826,0x2006,0x2007,0x1805,0x1803,0x2005,0x2807,0x3009,0x3009,0x400C,
  0x480C,0x400A,0x588C,0xB996,0xA113,0x584C,0x7971,0x71F0,0x50ED,0x486C,0x302A,0x388B,0x40C9,0x2864,0x2063,0x1004,
  0x1005,0x0804,0x1005,0x1007,0x0805,0x0803,0x0803,0x1005,0x1005,0x1005,0x0804,0x0802,0x0000,0x0000,0x0001,0x0802,
  0x0002,0x0000,0x0000,0x2831,0x2097,0x0852,0x0075,0x09FC,0x44FE,0x449F,0x01FF,0x0138,0x0053,0x2811,0x200A,0x0007,
  0x0004,0x0004,0x0000,0x0045,0x08A9,0x0088,0x08C8,0x0046,0x0086,0x0000,0x0001,0x0000,0x79A2,0xCBA4,0x3084,0x2046,
  0x60E8,0x4086,0x58AA,0x5869,0x6048,0xA02A,0xE02C,0xE809,0xF577,0xFFFF,0xFBF8,0xB21E,0x835F,0x7B5F,0x72FF,0x6A3F,
  0x493A,0x40F5,0x40F4,0x40F3,0x48D4,0x70D7,0x98B8,0xB059,0xF17B,0xFD3D,0xFE9D,0xFE7D,0xFCBE,0xF91D,0xA878,0x70F6,
  0x58D4,0x48F3,0x48F3,0x4915,0x4915,0x4113,0x38F2,0x40F2,0x4913,0x4934,0x4134,0x3913,0x3913,0x4154,0x5198,0x59BA,
  0x5999,0x5939,0xE5F9,0xE3D0,0x79B8,0xDC97,0xF868,0xE08F,0xF4BC,0xFCBE,0xFAFD,0xB8D2,0x4004,0x900A,0xCAB4,0xFA38,
  0xF358,0xFF5C,0xB147,0x70CA,0x818B,0xB971,0xF99D,0x908F,0x018D,0x22D5,0x0109,0x5809,0xB972,0x982D,0x3804,0x2805,
  0x3023,0x9966,0xE328,0xE2C8,0xF36A,0xFEB0,0x9903,0xA80E,0xA0AB,0xA80B,0xA80D,0xA08C,0x3844,0x0000,0x6965,0xBA07,
  0xFD2F,0xFC21,0xB381,0x4042,0xB8E6,0xA22A,0xD291,0x70ED,0x1049,0x306A,0x5048,0x3008,0x803D,0x3814,0x4019,0xD37F,
  0xB1DB,0x5014,0x6856,0x6058,0x4016,0x6856,0x1002,0x1005,0x2850,0x30B1,0x7170,0x9190,0x1825,0x3827,0x3003,0x3023,
  0x3022,0x6000,0xF9C7,0xF4AE,0xE801,0xFC47,0xFF70,0xFEEC,0xFF95,0xE233,0x9052,0x68D1,0x58D0,0x40CF,0x38CF,0x38CF,
  0x30F0,0x30F0,0x30CF,0x30CF,0x38F2,0x4913,0x48D3,0xB8B6,0xF9F9,0xFAF9,0xFAB9,0xFA79,0xE8B6,0x6871,0x30B0,0x38B0,
  0x30B0,0x50F3,0x9978,0x9178,0x48D1,0x308E,0x388E,0x308F,0x308F,0x206C,0x186B,0x186B,0x206C,0x206F,0x3073,0x3875,
  0x3856,0x5057,0x5878,0x5058,0x783B,0xB81F,0xD03F,0xD05F,0xC85F,0xC05F,0xC05F,0x787C,0x3074,0x4055,0x4055,0x3072,
  0x1068,0x1069,0x1869,0x186A,0x188A,0x188A,0x208B,0x28AC,0x204C,0x7A52,0x6C7F,0x0C5E,0x051E,0x769F,0xE7FF,0x147E,
  0x0116,0x00AE,0x014F,0x01F7,0x0152,0x00CC,0x010F,0x0130,0x0151,0x0151,0x010E,0x010B,0x0024,0x002A,0x0069,0x0089,
  0x0047,0x0026,0x1869,0x6073,0x5938,0x08A8,0x0003,0x0024,0x0003,0x0003,0x0023,0x0024,0x0826,0x0024,0x0000,0x0803,
  0x1026,0x1827,0x1827,0x1806,0x1806,0x2007,0x2007,0x2807,0x2005,0x2005,0x3009,0x402D,0x500F,0x500F,0x602F,0x602F,
  0x602F,0x680F,0x2806,0x584A,0x4008,0x606D,0x9153,0x502B,0x486B,0x482C,0x384B,0x48AC,0x58C9,0x5108,0x1822,0x0802,
  0x1826,0x2028,0x2829,0x2029,0x1827,0x1004,0x0804,0x1005,0x1005,0x1025,0x1025,0x1004,0x0803,0x0803,0x0001,0x0000,
  0x0001,0x0802,0x0000,0x1004,0x5016,0x2053,0x1053,0x0016,0x13BE,0x97FF,0x763F,0x03BF,0x025C,0x08B5,0x3010,0x1008,
  0x0805,0x0002,0x0002,0x0003,0x0047,0x0088,0x0024,0x0025,0x0067,0x0001,0x0001,0x0000,0xAAA3,0x9A84,0x1003,0x1865,
  0x50C7,0x3885,0x3045,0x6808,0x6008,0xB02B,0xE82C,0xF8ED,0xF6BB,0xFFFF,0xFAD5,0xA9BE,0x7A7F,0x6A3F,0x61DF,0x617E,
  0x48F9,0x40D5,0x48F5,0x48F5,0x48F5,0x70D7,0x98B9,0xB87A,0xF1BC,0xFD1E,0xFE5D,0xFE7E,0xFD5E,0xF19D,0xA078,0x70F6,
  0x58D5,0x48F3,0x48F3,0x4914,0x4114,0x40F3,0x38F2,0x4112,0x4934,0x4955,0x4955,0x4134,0x4134,0x5977,0x721C,0x6A1D,
  0x595D,0xCCDB,0xE3B2,0x5078,0xB45C,0xF96F,0xF254,0xF3DB,0xFF1F,0xFC7D,0xC151,0x4804,0xB00C,0xB8D0,0xEB79,0xF095,
  0xEB78,0xF573,0xA8A9,0x60E8,0x61CB,0xF178,0xE859,0x28A8,0x124F,0x0A90,0x2827,0xD936,0xF9FA,0x880B,0x2002,0x1802,
  0x2803,0x50E3,0xF328,0xE265,0xFCEE,0xF5EC,0xA026,0xB8EF,0xD9F2,0xD80E,0xA02C,0x7808,0x2002,0x0000,0x4923,0xB9E7,
  0xEC6F,0xFBA2,0x69E1,0x3823,0xB929,0x8029,0xF434,0xC1AE,0x2805,0x3869,0x606A,0x4826,0x6818,0x3815,0x501A,0xA19D,
  0xEB9F,0x6817,0x6074,0x7898,0x4016,0x6019,0x504B,0x0000,0x1847,0x2050,0x3811,0xC214,0x38E8,0x1006,0x5027,0x1001,
  0x40A5,0x4062,0xD021,0xFC8F,0xF289,0xF2A5,0xFECF,0xFF8F,0xFF09,0xFF56,0xE1F1,0x9072,0x6090,0x48D0,0x40F0,0x4111,
  0x3912,0x30F1,0x30D0,0x30CF,0x38F2,0x40F3,0x48D4,0xB0B7,0xFA19,0xFB19,0xFAD9,0xFA79,0xF0B7,0x7093,0x38B1,0x38B0,
  0x30AF,0x38B0,0x5134,0x4935,0x30D0,0x288D,0x288D,0x208D,0x208C,0x186B,0x186B,0x208D,0x206E,0x3874,0x785C,0xA85D,
  0xA83E,0xB03E,0xB81F,0x903E,0x985D,0xB83E,0xA85E,0x885C,0x605A,0x5057,0x4876,0x3071,0x186B,0x106B,0x106A,0x1049,
  0x1068,0x1068,0x1869,0x188A,0x188A,0x188A,0x208B,0x20AC,0x308D,0xA47B,0x145F,0x045E,0x4E5F,0xFFFF,0x2E3F,0x0178,
  0x00AF,0x0191,0x01D5,0x0172,0x00ED,0x00EE,0x010F,0x092F,0x0930,0x0088,0x0003,0x0024,0x00AB,0x008A,0x0067,0x0846,
  0x486A,0x50B1,0x50F4,0x4936,0x10A9,0x0002,0x0024,0x0024,0x0024,0x0025,0x0025,0x0826,0x0024,0x0002,0x0825,0x1027,
  0x1828,0x1828,0x1806,0x2007,0x2808,0x2809,0x2007,0x1804,0x2005,0x400B,0x500E,0x580F,0x6810,0x6810,0x8032,0x9815,
  0xB017,0x580B,0x700D,0x780D,0x98B0,0xD298,0x802D,0x704B,0x702B,0x804D,0x904D,0xB172,0x6828,0x4805,0x782A,0x682B,
  0x584A,0x482A,0x382A,0x3829,0x3048,0x2847,0x2826,0x2006,0x1806,0x1005,0x0804,0x0804,0x0803,0x0002,0x0001,0x0002,
  0x0000,0x0000,0x0001,0x0000,0x380C,0x5017,0x2874,0x10B7,0x00B9,0x143F,0xAFFF,0x9F9F,0x257F,0x037E,0x10D8,0x0806,
  0x1809,0x0004,0x0003,0x0003,0x0002,0x0066,0x0024,0x18E7,0x3A0C,0x0001,0x0022,0x0000,0xBB64,0x6984,0x0802,0x0843,
  0x40A6,0x4886,0x4806,0x8009,0x7808,0xC82C,0xF00B,0xFA93,0xFF9F,0xFF9E,0xFA12,0x915F,0x61BF,0x599F,0x619F,0x593F,
  0x48D9,0x40D5,0x48F5,0x48F5,0x48F5,0x68D7,0x8898,0xA87A,0xF93D,0xFB7E,0xFC3E,0xFC7E,0xFBBE,0xF13C,0x98B8,0x70F6,
  0x58D5,0x48F4,0x48F4,0x4914,0x40F3,0x38F2,0x38F2,0x38F2,0x4113,0x4955,0x4956,0x4955,0x4135,0x6198,0x8A7D,0x79FE,
  0xB45C,0xD3F7,0x5039,0x7B3C,0xFA75,0xFB18,0xF277,0xFD5B,0xFEDF,0xD151,0x8007,0xD82F,0xD010,0xAAF4,0xE956,0xE0B5,
  0xFEFB,0xE34D,0x98CA,0x3925,0xBA73,0xF8FC,0x9010,0x09A9,0x1A4F,0x0043,0x882C,0xF137,0xF0D5,0x3003,0x1801,0x3002,
  0x4008,0x6105,0xF2C6,0xEA64,0xFE32,0xEC4B,0x5803,0xD950,0xD930,0xE00F,0x980B,0x6006,0x0800,0x0000,0x28A1,0xB9A5,
  0xEC90,0xFBC4,0x3922,0x2023,0xB90A,0x904B,0xC1EF,0xFBB4,0xB94C,0x6007,0x786B,0x5046,0x400F,0x4013,0x601A,0x803B,
  0xFCBF,0x98DB,0x7838,0xA85C,0x5017,0x5019,0x6874,0x0821,0x0000,0x1827,0x4016,0x91D7,0x724C,0x0003,0x3849,0x4827,
  0x3044,0x68E6,0x9000,0xF9A6,0xF511,0xE8A1,0xFD0A,0xFF71,0xFF50,0xFF0C,0xFE56,0xE18F,0x90D3,0x60D2,0x50F2,0x4112,
  0x3933,0x3112,0x30F0,0x30D0,0x3913,0x4935,0x48F5,0xB0B7,0xF9FA,0xFAF9,0xFA99,0xF9D9,0xE877,0x6893,0x30B0,0x28AE,
  0x288D,0x208C,0x288E,0x4092,0x3872,0x3092,0x3091,0x3870,0x5853,0x4070,0x288D,0x30B2,0x38D6,0x58BB,0xB87F,0xE03F,
  0xC83F,0xA03D,0x903D,0x6059,0x4855,0x4854,0x3873,0x2870,0x206D,0x206B,0x186A,0x186A,0x1069,0x1069,0x1048,0x1048,
  0x1068,0x1069,0x1069,0x188A,0x188B,0x188B,0x20AC,0x104B,0x6A32,0x5CFF,0x039E,0x159F,0xE7FF,0x66DF,0x02FC,0x004E,
  0x0193,0x01D5,0x0192,0x012F,0x00CD,0x010F,0x090E,0x092F,0x08CA,0x0823,0x0802,0x008A,0x006A,0x0048,0x384A,0xC130,
  0xF995,0x78F4,0x4936,0x28AC,0x0001,0x0024,0x0024,0x0045,0x0025,0x0026,0x0026,0x0023,0x0824,0x1026,0x1828,0x1828,
  0x1828,0x2006,0x2006,0x2808,0x2808,0x2808,0x382A,0x6050,0x9037,0x9817,0x9016,0xA018,0xB019,0xC03B,0xE03E,0xF81F,
  0xC015,0xB012,0xC012,0x7008,0x886C,0x98AD,0x902A,0x902B,0x902B,0x880A,0x8029,0x6006,0x6848,0xA04D,0x980D,0x882D,
  0x782C,0x604B,0x4007,0x6829,0xC072,0xB0D2,0xA9B5,0xCA59,0xD997,0xC973,0xB0F0,0xA070,0x8890,0x78CE,0x608C,0x588B,
  0x3828,0x1802,0x0000,0x0000,0x0000,0x4014,0x2839,0x10B8,0x015C,0x01FE,0x0CFF,0x9FDF,0x9FFF,0x0D7F,0x01DE,0x0916,
  0x204C,0x1007,0x0002,0x0003,0x0001,0x0024,0x0047,0x0064,0x11AA,0x0000,0x0002,0x1001,0xAB02,0x3883,0x0801,0x0823,
  0x4086,0x5067,0x5827,0x8028,0xA02A,0xD84C,0xF00C,0xFB97,0xFEFF,0xFE7B,0xF172,0x89DF,0x6A1F,0x623F,0x72DF,0x61FF,
  0x40FA,0x40D5,0x40D5,0x48F5,0x48F5,0x60D6,0x78B7,0x8098,0xB89B,0xE8FE,0xE8FE,0xE8FE,0xE8FE,0xB8BB,0x78F8,0x68F6,
  0x58F5,0x48F3,0x48F3,0x4113,0x40F3,0x4113,0x3912,0x3912,0x4133,0x4955,0x4956,0x4935,0x4935,0x6198,0x8A3E,0xC4BD,
  0xBBFB,0x60BC,0x621E,0xEB96,0xFB57,0xF2B9,0xF1D6,0xFFFF,0xE2B5,0xB80B,0xE853,0xE814,0x712D,0xCAB6,0xE035,0xFC7A,
  0xF615,0xA888,0x7949,0x720B,0xF9FB,0xF09B,0x490C,0x0A0C,0x00C6,0x4047,0xD8F4,0xF958,0x980D,0x1800,0x2802,0x3824,
  0x680C,0x6926,0xFAA6,0xFB47,0xF54F,0x98C3,0xC80D,0xFAF6,0xD0CE,0xD80E,0xA00C,0x5006,0x0000,0x1002,0x1060,0xB9C4,
  0xFCB0,0xE384,0x2062,0x1845,0x78A8,0xA8CD,0x804B,0xB8EC,0xFCF6,0xB92B,0x880B,0x7049,0x2807,0x5033,0x681B,0x881B,
  0xF37F,0xF47F,0x901C,0xB8DD,0x883A,0x4817,0x7058,0x3045,0x0000,0x0000,0x4012,0x6059,0x8290,0x0001,0x2028,0x688B,
  0x4006,0x6065,0x70C4,0xB000,0xFCCF,0xF267,0xF983,0xFE8D,0xFFF7,0xFDCF,0xFDB2,0xFE35,0xE0F0,0x80B4,0x58F2,0x4913,
  0x41D8,0x423B,0x3976,0x30F1,0x3913,0x4936,0x5136,0x98B6,0xF0D8,0xF118,0xE0D7,0xE076,0xA073,0x4090,0x288D,0x208C,
  0x208B,0x208C,0x6075,0xC05C,0xC07D,0x90BE,0x70DC,0x887A,0xC03C,0x8858,0x3891,0x3916,0x4139,0x48D9,0x705B,0x785A,
  0x5056,0x3832,0x3050,0x286E,0x284C,0x204B,0x206B,0x204A,0x184A,0x186A,0x186A,0x186A,0x1049,0x1048,0x0847,0x1047,
  0x1069,0x1069,0x108A,0x188A,0x188B,0x20AC,0x20AC,0x206C,0x845A,0x13DE,0x04DE,0xAFDF,0x9F3F,0x03DF,0x00B0,0x0110,
  0x01B5,0x0172,0x0171,0x00ED,0x0110,0x092F,0x090F,0x08CA,0x0022,0x1844,0x0025,0x004A,0x286B,0x40B0,0x68B2,0xC0F3,
  0xE133,0x88F5,0x38EF,0x0002,0x0805,0x0025,0x0045,0x0025,0x0025,0x0025,0x0002,0x0804,0x1027,0x1828,0x1828,0x2028,
  0x2027,0x2807,0x3009,0x2808,0x3809,0x7033,0x9058,0x983A,0xA83A,0xA019,0xB83B,0xD85D,0xF01E,0xF01E,0xF81E,0xE119,
  0xD836,0xF058,0xB80F,0xC80D,0xC80C,0xB80B,0xB80B,0xC00B,0xC00B,0xC00C,0xC00A,0xB80A,0xC00B,0xC00E,0xC02F,0xA84D,
  0xA04D,0x984C,0x802A,0x6006,0x5806,0x8809,0x700A,0x586E,0x70F2,0xA973,0xEA36,0xF2D6,0xD1D5,0x90D0,0x684D,0x706F,
  0x7871,0x708F,0x3828,0x48C9,0x30C5,0x1004,0x3819,0x1818,0x0879,0x015C,0x027E,0x0D3E,0x5F1F,0x87FF,0x0BFE,0x011E,
  0x291A,0x2029,0x0001,0x0002,0x0002,0x0002,0x0068,0x0044,0x01CC,0x0000,0x0000,0x1880,0x9AE1,0x1803,0x0802,0x0823,
  0x4087,0x6889,0x5806,0x8848,0xC82A,0xB049,0xF80E,0xFC7A,0xFF5F,0xFC99,0xF0D1,0xA33F,0x8BFF,0x8C3F,0x8C7F,0x6B1F,
  0x493B,0x40F5,0x40D4,0x48F5,0x50F6,0x58F5,0x60D6,0x60B6,0x90FA,0xE1FE,0xE9DF,0xE99F,0xE17F,0x991B,0x68F7,0x60F6,
  0x50F4,0x48F4,0x4914,0x40F3,0x40F3,0x4113,0x4113,0x4113,0x4134,0x5156,0x5157,0x4956,0x4935,0x6158,0xBADD,0xBB9E,
  0x79DE,0x71FE,0xCBD9,0xFC16,0xFB5B,0xE815,0xF55C,0xFCBC,0xE813,0xF034,0xF836,0x5008,0x828F,0xF157,0xF196,0xFEBB,
  0xDA0A,0x88E8,0x40C5,0xB213,0xF8DE,0xA8B5,0x0905,0x312B,0x780C,0xD874,0xF179,0xE918,0x3804,0x3002,0x0000,0x5027,
  0x500A,0x7968,0xFAE6,0xFCAC,0xEC0E,0xA806,0xF011,0xF1F3,0xC82D,0xC80D,0xB80E,0x4004,0x0801,0x2804,0x0000,0xA1A4,
  0xFC8E,0xA242,0x0804,0x2869,0x2067,0x90EB,0x88EC,0xA00B,0xFC16,0xFD35,0xB049,0x880B,0x3806,0x2006,0x380F,0x981E,
  0xE0BF,0xFEBF,0xE95F,0xB87D,0xB8FB,0x5816,0x5818,0x584D,0x0001,0x0801,0x1805,0x5016,0x89F5,0x1883,0x1007,0x486C,
  0x90ED,0x4804,0x7106,0x60A3,0xC944,0xFDD1,0xF8C1,0xFD8B,0xFF50,0xFFFE,0xFAAC,0xFC70,0xFCD4,0xB013,0x68D3,0x5114,
  0x4A5C,0x537F,0x4A1A,0x30F2,0x30F1,0x4113,0x40F3,0x48B1,0x7872,0x7872,0x6090,0x6891,0x6892,0x38AF,0x288D,0x208C,
  0x28AD,0x38B1,0xB0DD,0xF9FF,0xF9DF,0xC8FF,0x88DE,0x887A,0xB83B,0x7857,0x308F,0x30F2,0x3114,0x28D0,0x206D,0x206C,
  0x184A,0x1849,0x204A,0x286C,0x286C,0x204A,0x184A,0x184A,0x1849,0x1849,0x206A,0x206B,0x186A,0x1047,0x0847,0x0847,
  0x1069,0x106A,0x108A,0x188B,0x208C,0x20AD,0x186D,0x49D1,0x4C7F,0x043E,0x6F9F,0xCFBF,0x0BDF,0x0197,0x010D,0x01B3,
  0x0130,0x0172,0x010E,0x0110,0x0931,0x0930,0x08ED,0x0022,0x1067,0x0000,0x38ED,0xC237,0xB157,0x40B1,0x38B0,0x60D1,
  0x88D2,0x68F2,0x2026,0x280A,0x0827,0x0025,0x0025,0x0025,0x0825,0x0002,0x0806,0x1007,0x1006,0x2029,0x2009,0x2008,
  0x2808,0x400B,0x3009,0x400B,0x6030,0x8015,0x8014,0xA038,0xC83C,0xE01E,0xF81F,0xF85F,0xF8FF,0xFB1F,0xFD7E,0xF1FA,
  0xF818,0xF015,0xF895,0xF976,0xF9F7,0xFA58,0xFAD9,0xFBD9,0xFCFB,0xFB36,0xFB76,0xFB17,0xF973,0xF090,0xE00D,0xD80C,
  0xD00C,0xC80C,0xA00A,0x6807,0x5806,0x4805,0x4804,0x1802,0x1806,0x200B,0x408E,0x790F,0xC1F5,0xB9B4,0xA1B2,0x7910,
  0x504C,0x400B,0x400B,0x3849,0xA9D5,0xB1F4,0xB219,0x695C,0x1839,0x0017,0x00FA,0x027D,0x035D,0x873F,0x979F,0x027D,
  0x087A,0x58B8,0x1825,0x0001,0x0004,0x0001,0x0045,0x0067,0x020C,0x0041,0x0000,0x20A0,0x8A81,0x1003,0x0823,0x0824,
  0x3848,0x80AA,0x6005,0x71AB,0xC18B,0x9807,0xF810,0xFD5C,0xFFDF,0xFB78,0xE0CF,0xAC5F,0xA53F,0x9D3F,0x94FF,0x7B7F,
  0x517C,0x40F5,0x40F4,0x50F6,0x6117,0x50F6,0x50D5,0x60D7,0xC9FD,0xFD1F,0xFDDF,0xFD9F,0xFC9F,0xC9FE,0x6918,0x5115,
  0x4914,0x4915,0x4915,0x4113,0x38F2,0x4113,0x4114,0x4114,0x4935,0x5157,0x5177,0x4956,0x4935,0x6958,0x91FC,0x821E,
  0x81FF,0xBBDD,0xF538,0xFBFD,0xF819,0xEB59,0xFDDD,0xF0D7,0xF014,0xF855,0x5006,0x2986,0xF2D9,0xF055,0xFC9A,0xECB3,
  0xC969,0xC28B,0x896B,0xE97B,0xF83C,0x50AB,0x5006,0xB00F,0xC8B3,0xE1D8,0xF858,0x980D,0x1820,0x0800,0x0000,0x5008,
  0x400A,0x9189,0xFB46,0xFDF1,0xF2CC,0xE00C,0xE851,0xF1F1,0xC00C,0xC00D,0xC00E,0x2002,0x1002,0x3026,0x0001,0x7923,
  0xFC2C,0x58E1,0x0827,0x2869,0x2068,0x30A6,0x88CC,0xA80D,0xF251,0xFD14,0xF0EB,0xB06D,0x4005,0x400B,0x6816,0xA01D,
  0xE01F,0xFD7F,0xFCFF,0xE81F,0xB09A,0x7876,0x681B,0x8057,0x2003,0x1004,0x0000,0x2009,0x9938,0x4107,0x1005,0x2029,
  0x78CD,0x98AA,0x4802,0x9A28,0x8800,0xF46D,0xFBC9,0xFC06,0xFECF,0xFF31,0xFF1C,0xE849,0xF410,0xEBB5,0x8812,0x58D3,
  0x49B8,0x4A7C,0x3998,0x28AF,0x28AD,0x28CE,0x30CE,0x30AE,0x388E,0x388E,0x38AE,0x5090,0x6893,0x48D3,0x30D0,0x28AE,
  0x30B0,0x40D3,0xA0DC,0xE95F,0xC8DD,0x705B,0x4876,0x3871,0x4871,0x3070,0x206C,0x208C,0x20AD,0x20AC,0x206A,0x1849,
  0x1849,0x1849,0x204A,0x286B,0x204B,0x1849,0x1849,0x1849,0x1848,0x1849,0x206A,0x206B,0x186A,0x1047,0x0847,0x0847,
  0x186A,0x188A,0x108A,0x188B,0x18AC,0x20CE,0x186D,0x63B9,0x041F,0x265F,0xDFFF,0x2CDF,0x021D,0x010F,0x014F,0x0130,
  0x0130,0x012F,0x00ED,0x0973,0x1132,0x08EE,0x0001,0x108A,0x1089,0x30AC,0xDA1A,0xFB3E,0xD199,0x48B1,0x308F,0x38AF,
  0x58D2,0x7871,0x480D,0x1829,0x0026,0x0025,0x0826,0x0826,0x0002,0x0826,0x1028,0x1007,0x1808,0x2009,0x2809,0x2807,
  0x3008,0x400A,0x8035,0xA03A,0xA839,0xD03C,0xE01D,0xF01E,0xF81F,0xF89F,0xFA9F,0xFD1F,0xFEFF,0xFFFF,0xFB7D,0xFB7D,
  0xFCDD,0xFE1E,0xFF1F,0xFFFF,0xFFFF,0xFFFF,0xFFFF,0xFFFF,0xFE3C,0xFE3B,0xFFFF,0xFFFF,0xFFFF,0xFF5E,0xFE3C,0xFCD9,
  0xFB36,0xF9D3,0xF850,0xD80D,0xB00A,0x8008,0x3803,0x1001,0x0800,0x1023,0x2049,0x182B,0x1809,0x2009,0x508D,0x9974,
  0xB9F7,0xB194,0xC217,0x80B0,0x3008,0x704F,0xB116,0xFA7F,0xC33E,0x5A3B,0x08B7,0x00B8,0x019D,0x02FF,0x8F7F,0x6E3F,
  0x011C,0x1879,0x78D6,0x1023,0x0003,0x0001,0x0022,0x0045,0x01AA,0x0062,0x0000,0x38E0,0x71C2,0x0805,0x0823,0x1024,
  0x3848,0x5829,0x4003,0x618B,0xD370,0xA006,0xE831,0xFE7E,0xFF1F,0xE0B1,0xCB10,0xA4DF,0x9D3F,0x94FF,0x94BF,0x733F,
  0x495B,0x40F5,0x40F5,0x5116,0x6118,0x5116,0x50F5,0x60D8,0xD21E,0xFDFF,0xFF7F,0xFF7F,0xFDDF,0xD23F,0x60F9,0x5115,
  0x4915,0x5136,0x5136,0x4113,0x38F2,0x40F3,0x5115,0x5916,0x5136,0x5977,0x6178,0x5157,0x4936,0x4916,0x599A,0x717D,
  0xA2DE,0xFF7E,0xFDBE,0xF8DC,0xE917,0xF69E,0xF37B,0xF015,0xF035,0x7049,0x1061,0xB314,0xE876,0xF156,0xFEFC,0xDA8B,
  0xEB0C,0xA946,0x8231,0xF8BD,0xB814,0x780A,0xD975,0xD0D4,0xD9F6,0xF8D9,0xF0F8,0x3024,0x0000,0x0000,0x1802,0x680B,
  0x580B,0x9188,0xFBA8,0xFE33,0xF98B,0xC00B,0xE0D1,0xE9F1,0xC00C,0xC00E,0xA00C,0x0800,0x1002,0x2826,0x0000,0x58E2,
  0xEBA9,0x5122,0x40A6,0x1848,0x2068,0x38AA,0x910E,0xA80F,0xF150,0xFD75,0xF10B,0xF92F,0x9049,0x3007,0xA83C,0xB03F,
  0xD81F,0xFADF,0xFF5F,0xF07F,0xC83C,0x2848,0x5816,0x985F,0x506A,0x1003,0x1003,0x0000,0x68AF,0x798E,0x0001,0x2048,
  0x2808,0xA12D,0xB1CB,0x90C5,0x91C6,0xB207,0xFD72,0xF9A2,0xFE0E,0xFEAD,0xFFF4,0xFD76,0xD00A,0xE32F,0xD2B3,0x6810,
  0x48F2,0x38F2,0x30D0,0x28AD,0x28AC,0x28AD,0x28AD,0x30AD,0x308D,0x308C,0x308D,0x386D,0x4091,0x40F4,0x30F1,0x28AE,
  0x30AF,0x30B1,0x4894,0x6076,0x4052,0x286F,0x206D,0x206B,0x208C,0x208D,0x206C,0x206B,0x208C,0x208C,0x206B,0x184A,
  0x1849,0x1849,0x204A,0x206A,0x1849,0x1849,0x1849,0x1848,0x1047,0x1047,0x1848,0x1849,0x1048,0x1047,0x1047,0x0847,
  0x188A,0x188B,0x188B,0x18AC,0x18CD,0x188E,0x49B2,0x54BD,0x051F,0xBFFF,0x763F,0x02DF,0x01D7,0x00AB,0x00EF,0x012F,
  0x012F,0x00ED,0x0950,0x1174,0x00CC,0x0000,0x3027,0x2916,0x30F2,0x4114,0x7115,0xB158,0x9936,0x40D0,0x308E,0x288E,
  0xC17B,0x7030,0x0005,0x0026,0x0826,0x0847,0x0826,0x0823,0x0826,0x1028,0x1028,0x1828,0x2009,0x280A,0x2808,0x2807,
  0x482C,0xA83A,0xD03F,0xD83F,0xE83F,0xF01F,0xF81F,0xF97F,0xFBFF,0xF65F,0xF71F,0xFF1F,0xFF9F,0xFC7E,0xFDBE,0xFFFF,
  0xFFFF,0xFF9F,0xFE9F,0xFD7D,0xFC5C,0xFBBB,0xFB5A,0xF275,0xF1F4,0xFBB9,0xFB79,0xFBD9,0xFC5A,0xFD1C,0xFE3E,0xFF1F,
  0xFFBF,0xFFFF,0xFF1E,0xFC9A,0xF8B0,0x8007,0x2802,0x1801,0x1002,0x0801,0x0000,0x0823,0x1869,0x188D,0x084A,0x084A,
  0x302E,0x6071,0x99B5,0xDA3B,0xA994,0x1004,0x1807,0x7811,0xF0BE,0xFA3F,0xC35D,0x6AFA,0x111A,0x009D,0x027F,0x979F,
  0x3C5F,0x0036,0x2053,0x6073,0x0803,0x0000,0x0000,0x0001,0x018B,0x00C4,0x0000,0x4940,0x6183,0x0005,0x0844,0x1024,
  0x3026,0x5008,0x2823,0x4047,0xDB90,0xC0AA,0xE0D2,0xFFDF,0xFC1E,0xB00C,0xAA6D,0x8B9F,0x7BDF,0x739F,0x737F,0x625F,
  0x4919,0x40F5,0x40F4,0x48F5,0x5917,0x5916,0x5917,0x68FA,0xC9BF,0xFD7F,0xFF3F,0xFF5F,0xFDBF,0xC1DF,0x60F8,0x5115,
  0x4115,0x4915,0x4915,0x38F3,0x38F2,0x40F3,0x5115,0x5116,0x5936,0x7178,0x7999,0x6178,0x5137,0x4957,0x50F9,0x921C,
  0xF73E,0xFF1F,0xFA3E,0xC813,0xCBF6,0xFDBE,0xF817,0xF036,0x6829,0x4804,0x69AB,0xD997,0xE856,0xFC1A,0xFE16,0xEB4A,
  0xE1AA,0x40E7,0xC2F7,0xF819,0xD1F7,0xC934,0xF33B,0xE095,0xF818,0xB010,0x4844,0x0800,0x0000,0x0000,0x3005,0x900F,
  0x600A,0x99A8,0xFC29,0xFD72,0xF0ED,0xF174,0xF8D2,0xE971,0xC00C,0xC80F,0x8009,0x0000,0x0802,0x1805,0x0001,0x4902,
  0xB348,0x3902,0xB366,0x2027,0x28A9,0x308A,0x2847,0x780E,0xB04C,0xFDB7,0xF24D,0xF10D,0xF8F2,0x2802,0x2027,0xB85E,
  0xD81F,0xF89F,0xFF5F,0xF2DF,0xE81F,0x9838,0x6813,0x701B,0x78F3,0x0802,0x2007,0x0022,0x1022,0x8A10,0x0821,0x0824,
  0x1847,0x5808,0xC350,0xD1EA,0xB9E8,0x98A3,0xF44E,0xF1C6,0xFB65,0xFF0F,0xFF71,0xFEF0,0xEB11,0xA80B,0xCAD1,0xB2B2,
  0x486E,0x38AD,0x30AD,0x28AD,0x28AD,0x28AE,0x28CF,0x38D2,0x48B3,0x386F,0x286C,0x286B,0x288E,0x30D0,0x28CF,0x208D,
  0x288C,0x288D,0x288C,0x208B,0x208A,0x206A,0x206B,0x208C,0x288D,0x288D,0x206B,0x206B,0x186A,0x186A,0x206A,0x1849,
  0x1848,0x1849,0x1849,0x1849,0x1848,0x1048,0x1048,0x1047,0x1047,0x1047,0x1047,0x1047,0x1048,0x1047,0x1047,0x0846,
  0x188B,0x208C,0x20AC,0x18AD,0x18CE,0x18AF,0x4216,0x0C5F,0x671F,0xD79F,0x037F,0x023C,0x012F,0x012F,0x0130,0x010E,
  0x00ED,0x010F,0x1172,0x0088,0x2801,0x684A,0x5096,0x3118,0x38F5,0x30B0,0x38B1,0x40B1,0x40B1,0x30AF,0x186D,0x9156,
  0x80F1,0x0003,0x0847,0x0827,0x0848,0x0825,0x0002,0x1027,0x1029,0x1028,0x1809,0x2009,0x300A,0x3009,0x3008,0x6030,
  0xB83D,0xB01C,0xB03B,0xE81E,0xF81F,0xFA7F,0xFD7F,0xFEFF,0xFF1F,0xFE9F,0xFE5F,0xFF5F,0xFDDF,0xFB5D,0xFCFE,0xFADD,
  0xF9BC,0xF8DB,0xF838,0xF016,0xF015,0xE813,0xF1B6,0xF977,0xF050,0xE00C,0xE00D,0xE00D,0xE80F,0xE80F,0xE810,0xF030,
  0xF0D2,0xF994,0xFAD6,0xE252,0x9829,0x888C,0xA9B2,0x4025,0x1002,0x0801,0x0000,0x0001,0x0002,0x1048,0x188D,0x18AC,
  0x30CE,0x208D,0x100B,0x280D,0x5871,0x406D,0x2048,0x0825,0x502D,0xC85B,0xB83D,0x71FC,0x2914,0x59B7,0x295D,0x0A9E,
  0x6EFF,0x09FB,0x0010,0x182D,0x502D,0x0000,0x0000,0x0000,0x01CB,0x0147,0x0000,0x61C0,0x5163,0x0004,0x0844,0x0823,
  0x0802,0x5828,0x2044,0x2067,0xC1CD,0xF271,0xE9B4,0xFFFF,0xF97B,0xA00B,0x922D,0x69FF,0x59DE,0x59DE,0x599E,0x515D,
  0x4918,0x40F5,0x40F4,0x40F4,0x5115,0x5116,0x5936,0x60F9,0xCA1F,0xFDDF,0xFF3F,0xFF5F,0xFDBF,0xD21F,0x60F9,0x5116,
  0x40F4,0x4114,0x4114,0x38F3,0x38F2,0x40F4,0x5115,0x5115,0x5936,0x8199,0x89DA,0x6999,0x6179,0x5919,0x795B,0xEEBE,
  0xFF7F,0xFADD,0xC033,0x914E,0xF6FE,0xF97A,0xD813,0x6008,0x8029,0x3064,0xB192,0xE979,0xF9F9,0xFD7A,0xFC4C,0xEA2B,
  0x8049,0x5A6E,0xF9B9,0xE917,0xEA18,0xE918,0xE938,0xF817,0x806E,0x3002,0x3002,0x0000,0x0000,0x0000,0x580A,0x980F,
  0x700C,0xB9EA,0xFCEC,0xFC71,0xD00D,0xD871,0xF8F3,0xF1D3,0xC00D,0xC82F,0x5006,0x0000,0x1002,0x2807,0x0003,0x3903,
  0x7284,0x0001,0x8AC6,0x8AC7,0x2849,0x38AA,0x2047,0x688E,0xD06E,0xFD36,0xFBD1,0xF16D,0xF952,0x7847,0x2005,0x500F,
  0xD83F,0xE81E,0xFD5F,0xFDBF,0xF01F,0xC87D,0x7855,0x6817,0x90F9,0x2064,0x1807,0x2049,0x0002,0x48E7,0x4887,0x1802,
  0x0825,0x586A,0x788C,0xE491,0xEAAA,0xA186,0xD903,0xF2E8,0xE923,0xFD47,0xFF53,0xFCCC,0xFE73,0xC94F,0x800E,0xB272,
  0x8190,0x388E,0x30F0,0x30CF,0x28CF,0x30F1,0x3135,0x595A,0xA93D,0xA89A,0x5072,0x208C,0x208B,0x208B,0x208C,0x208D,
  0x288C,0x206B,0x206B,0x208B,0x208B,0x206A,0x206B,0x208C,0x288C,0x208B,0x206A,0x204A,0x1849,0x1848,0x1848,0x1848,
  0x1848,0x1849,0x2049,0x1849,0x1848,0x1047,0x1047,0x1047,0x1047,0x1047,0x1047,0x1048,0x1048,0x1047,0x1047,0x0826,
  0x188B,0x20AC,0x20AD,0x18AD,0x10EF,0x10F1,0x13DC,0x161F,0xDFFF,0x34BF,0x025F,0x0172,0x00ED,0x010F,0x0171,0x010E,
  0x0131,0x012F,0x0064,0x4824,0x706F,0x5095,0x4093,0x38B3,0x30D2,0x30B0,0x3890,0x40B1,0x40B1,0x288F,0x60F3,0x8912,
  0x0005,0x1048,0x0847,0x0825,0x0824,0x0804,0x1027,0x1029,0x1829,0x1809,0x200A,0x300B,0x3009,0x2006,0x7033,0xB01E,
  0xA81C,0xC03B,0xE81E,0xF8DF,0xFC1F,0xFF1F,0xFF1F,0xFE9F,0xFF1F,0xFF7F,0xFE7F,0xFC1F,0xF93D,0xF81C,0xF81B,0xF81A,
  0xF819,0xE816,0xD813,0xC030,0xC911,0xC0EF,0x8089,0xA0AD,0xC8D1,0xA0AB,0x90AA,0xB04B,0xB02B,0xB02B,0xB00B,0xB00B,
  0xC80B,0xD80C,0xA809,0x7806,0x4004,0x2804,0x4047,0x3807,0x2005,0x1005,0x0804,0x0003,0x0003,0x0002,0x0825,0x106C,
  0x286F,0x2890,0x10AD,0x088D,0x086C,0x104C,0x286B,0x284B,0x7992,0x80F3,0x7039,0x203A,0x0055,0x20EC,0x8295,0x597B,
  0x0A1B,0x1C9E,0x00B2,0x0024,0x382B,0x500B,0x0000,0x0000,0x0087,0x00E8,0x0000,0x61A0,0x38E3,0x0003,0x0824,0x0001,
  0x0000,0x4026,0x2886,0x210A,0x904A,0xFB14,0xFC78,0xFE9F,0xF819,0xA00B,0x81ED,0x593E,0x48FC,0x71BA,0x927A,0x48BA,
  0x4917,0x40F5,0x40F5,0x48F5,0x5116,0x4915,0x4915,0x5117,0xA9BE,0xFBDF,0xFC5F,0xF41F,0xFB9F,0xB1DE,0x5919,0x5116,
  0x4114,0x4114,0x4115,0x4114,0x4114,0x4915,0x5936,0x5936,0x5937,0x81BA,0x89DB,0x799A,0x797B,0x817C,0xE67F,0xFF1E,
  0xF3DB,0xE856,0x980D,0xCD98,0xFC3F,0xD815,0x4825,0xB80E,0x4805,0x59CB,0xF97B,0xF118,0xE9F5,0xFD53,0xF28C,0xA8AC,
  0x3068,0xB2D6,0xF8BA,0xE2B8,0xD012,0xF95B,0xC8D3,0x4805,0x2822,0x8027,0x1821,0x0000,0x0802,0x0802,0x700C,0x900F,
  0x900E,0xD9EB,0xFE10,0xFB30,0xD00D,0xA00D,0xF914,0xE131,0xD00F,0xC80F,0x2803,0x0822,0x1804,0x400B,0x1005,0x1843,
  0x1880,0x0021,0x2046,0xA326,0x8288,0x2829,0x408B,0x486C,0x6805,0xF453,0xFD96,0xF16C,0xF9D2,0xB0CD,0x4009,0x380C,
  0x6830,0xE81F,0xF2BE,0xFF7F,0xF8FF,0xC03C,0x6851,0x8819,0x907B,0x610C,0x0804,0x386C,0x28AB,0x0001,0x1803,0x5808,
  0x1002,0x4849,0x682C,0x99ED,0xFD73,0xC36B,0x8021,0xE164,0xE0A3,0xFAE5,0xFE0D,0xFF14,0xFF77,0xF413,0x986F,0x688F,
  0x7111,0x50F4,0x4135,0x3934,0x3111,0x3135,0x3179,0x79DD,0xE9DF,0xF11F,0x8097,0x30AE,0x288C,0x206B,0x208B,0x288D,
  0x288E,0x206B,0x206A,0x206A,0x206B,0x206B,0x206A,0x206A,0x206A,0x1869,0x1849,0x1849,0x1848,0x1848,0x1848,0x1047,
  0x1848,0x1869,0x286C,0x286C,0x1869,0x1048,0x1048,0x1848,0x1848,0x1848,0x1848,0x1869,0x1868,0x1047,0x1047,0x1047,
  0x188B,0x18AC,0x20AD,0x18CE,0x08AF,0x1255,0x063F,0x979F,0x8E9F,0x023E,0x0196,0x010D,0x00CD,0x0151,0x0130,0x0110,
  0x012E,0x1823,0x3806,0x406E,0x286F,0x4091,0x4091,0x3890,0x3890,0x388F,0x40B1,0x60B4,0x5093,0x48B2,0x99D6,0x1829,
  0x1049,0x0825,0x0003,0x0825,0x0802,0x1027,0x0808,0x182A,0x2029,0x200A,0x300C,0x300B,0x2807,0x7013,0xA81D,0xC03E,
  0xD85E,0xF01E,0xFA9F,0xFF3F,0xFF5F,0xFE3F,0xFF5F,0xFF3F,0xFD9F,0xFAFF,0xF87E,0xF81C,0xF81B,0xF019,0xD836,0xC033,
  0xA810,0x980E,0x984E,0x4825,0x6006,0x982C,0x880B,0x7009,0x7029,0x784A,0x80CB,0x808B,0x902B,0x982B,0x8829,0x9029,
  0x8828,0x6805,0x5825,0x5826,0x4025,0x2804,0x2004,0x1003,0x0802,0x1003,0x1006,0x0808,0x0007,0x0004,0x0002,0x004B,
  0x4199,0x7237,0x088D,0x08CE,0x08CE,0x088C,0x0069,0x0048,0x1029,0x286B,0x40D0,0x5138,0x28D6,0x002E,0x0006,0x7154,
  0x79B8,0x3A5B,0x0133,0x0808,0x0025,0x500D,0x3009,0x0000,0x0066,0x00E9,0x0000,0x4041,0x1843,0x0023,0x0823,0x0000,
  0x0001,0x0802,0x2066,0x312B,0x684B,0xF9D1,0xFFDF,0xF45B,0xF816,0x908C,0x824E,0x511D,0x48FB,0x8A1A,0xD3FA,0x5898,
  0x4916,0x48F5,0x40F5,0x5116,0x6137,0x5936,0x4915,0x4916,0x613A,0x999E,0x991F,0x88DF,0x913E,0x615B,0x5118,0x4916,
  0x4114,0x4114,0x4135,0x4115,0x4114,0x4915,0x5136,0x5136,0x5937,0x89DB,0xA9FC,0xA1BD,0xA9BD,0xEEBF,0xFE9C,0xF1F6,
  0xE816,0xE016,0xB253,0xFDBF,0xD835,0x5827,0xC812,0x7008,0x10E2,0xF2BB,0xF93D,0xC812,0xECF6,0xFCD3,0xC8EE,0x684A,
  0x71AF,0xF17A,0xF29A,0xE136,0xE014,0x80CD,0x0800,0x2801,0x8008,0x5024,0x0000,0x1002,0x1005,0x2806,0x9830,0x980F,
  0xA80F,0xEA6C,0xFED4,0xE9AC,0xC00C,0xC132,0xE0F2,0xC00C,0xE010,0xB80E,0x1022,0x1023,0x1806,0x400B,0x0003,0x0002,
  0x0000,0x0801,0x20A8,0x2867,0xB387,0x8229,0x402C,0x586F,0x4807,0xD189,0xFC93,0xF98C,0xF9B1,0xC1B1,0x1802,0x7014,
  0x1005,0xA016,0xF09F,0xFF5F,0xFABF,0xE81F,0xD85E,0xB85B,0x7818,0x8913,0x1003,0x382A,0x5991,0x1026,0x0802,0x4007,
  0x5808,0x2024,0x4068,0x4049,0xEB30,0xFE74,0x7925,0xA802,0xE8C4,0xF42C,0xFBC8,0xFF70,0xFFF7,0xFEF9,0xD110,0x7892,
  0x6915,0x6117,0x5979,0x4135,0x3112,0x3135,0x3958,0x517B,0x995D,0xA8DB,0x60B4,0x288E,0x288E,0x288D,0x206B,0x208C,
  0x286D,0x206B,0x1869,0x1849,0x2069,0x1869,0x1869,0x1869,0x1849,0x1849,0x1849,0x1848,0x1848,0x1848,0x1848,0x1848,
  0x1848,0x206A,0x288D,0x308D,0x206B,0x1869,0x1869,0x1869,0x1869,0x186A,0x1869,0x186A,0x1869,0x1048,0x1048,0x1869,
  0x188B,0x20AD,0x20AE,0x18EF,0x08B1,0x045A,0x3F5F,0xDFFF,0x139E,0x0158,0x012D,0x00ED,0x00ED,0x0172,0x0130,0x0087,
  0x3002,0x582B,0x308E,0x188C,0x288D,0x308E,0x308F,0x308F,0x308F,0x388F,0x50B2,0x80D6,0x5873,0xA1F8,0x50CE,0x0807,
  0x0825,0x0005,0x0828,0x0824,0x1827,0x1007,0x1008,0x202A,0x2009,0x280B,0x380C,0x480D,0x981A,0xB81E,0xB83B,0xD03B,
  0xE81C,0xFA5E,0xFEBF,0xFF3F,0xFF1F,0xFC9E,0xFC7F,0xF97F,0xF81F,0xF81E,0xF81C,0xE838,0xD015,0xB011,0x980E,0x880D,
  0x982F,0xA04F,0x984F,0xA870,0xB071,0x986F,0x806D,0x784D,0x804D,0x802D,0x780C,0x680B,0x680A,0x808D,0x89D0,0x8253,
  0x8295,0x8AB6,0x8A77,0x8A56,0x8215,0x79D5,0x7235,0x2932,0x1132,0x08B0,0x08D0,0x08CF,0x088D,0x006A,0x0047,0x0006,
  0x004C,0x2195,0x0174,0x00F0,0x00CF,0x00AD,0x08CE,0x08CE,0x08AC,0x006B,0x0026,0x106A,0x4934,0x30D4,0x0029,0x1006,
  0x5893,0x79D5,0x6215,0x1009,0x1008,0x1027,0x602F,0x1802,0x0086,0x0045,0x0000,0x4882,0x1864,0x0023,0x0823,0x0000,
  0x0801,0x0002,0x494A,0x410B,0x40CB,0xD82C,0xFE7B,0xF2F8,0xF016,0x892C,0x71EF,0x511E,0x50FC,0xA219,0xFD5D,0x90DC,
  0x5937,0x4915,0x48F5,0x5116,0x6958,0x6138,0x5116,0x4916,0x593A,0x999F,0xC1DF,0xB1BF,0x91BF,0x615B,0x5117,0x4917,
  0x4115,0x4115,0x4936,0x4115,0x4114,0x4935,0x4935,0x4935,0x5937,0x99FB,0xCA7E,0xC9DE,0xF61F,0xFD39,0xFA57,0xF0FA,
  0xF81C,0x782C,0xCD19,0xD977,0x5806,0xD835,0x900D,0x0800,0xBB14,0xF25D,0xB033,0xDB12,0xFDD6,0xD90E,0xA8CD,0x91B0,
  0x9213,0xFB1D,0xFA7B,0xE014,0x6048,0x0800,0x3002,0x7007,0x9029,0x0800,0x0000,0x2026,0x0804,0x5029,0xC034,0xB011,
  0xC00F,0xE34D,0xFDD3,0xA025,0xD031,0xE955,0xD0CF,0xC80D,0xE811,0x900B,0x0821,0x1005,0x2808,0x400B,0x4046,0x1002,
  0x0002,0x0001,0x28A8,0x2088,0x3086,0xC3A9,0xA20C,0x582E,0x686D,0xC868,0xFAEE,0xFA2F,0xC8EC,0x5807,0x3046,0x500F,
  0x5812,0x2007,0xE01E,0xFDFF,0xFB1E,0xF97E,0xF09F,0xE01F,0x9817,0xA0D6,0x3048,0x2809,0x5951,0x28AB,0x0803,0x1022,
  0x882D,0x4807,0x1843,0x2889,0x88EB,0xFC70,0xBBAC,0x9023,0xC803,0xE28B,0xFBEB,0xFDEE,0xFF8C,0xFFF7,0xFCF6,0xB012,
  0x7936,0x6937,0x5936,0x40F2,0x30CF,0x30F0,0x30F1,0x30D2,0x30B1,0x308F,0x288C,0x206B,0x308E,0x3890,0x308E,0x286C,
  0x286B,0x206A,0x1849,0x1849,0x1869,0x1869,0x1869,0x1869,0x1869,0x1869,0x1869,0x1849,0x1848,0x1849,0x1849,0x1848,
  0x1048,0x1849,0x286B,0x288D,0x288C,0x206A,0x186A,0x186A,0x188A,0x208A,0x186A,0x186A,0x1849,0x1047,0x1048,0x1869,
  0x188C,0x20AD,0x20CE,0x18F1,0x0995,0x063E,0xAFFF,0x761F,0x019B,0x0110,0x00EC,0x008B,0x0151,0x0172,0x0086,0x5006,
  0x504D,0x188D,0x208C,0x288D,0x288D,0x288D,0x288E,0x288E,0x288E,0x308E,0x4890,0x5872,0x8956,0x79B1,0x0003,0x0005,
  0x1028,0x104A,0x0004,0x0804,0x1829,0x1027,0x200A,0x200A,0x280A,0x400C,0x3009,0x400A,0x680F,0x702F,0x9011,0xC897,
  0xF4DD,0xFEDF,0xFD1F,0xFEDF,0xFC1D,0xE81C,0xF01F,0xF81F,0xF85F,0xD838,0xC035,0xB012,0x880F,0x780D,0x904F,0xD117,
  0x9870,0x784D,0x682D,0x600D,0x500B,0x3809,0x3007,0x3008,0x4009,0x482A,0x484A,0x584A,0x682B,0x782B,0x2024,0x1066,
  0x20EF,0x2931,0x3155,0x41DA,0x41DE,0x399E,0x291B,0x1079,0x237F,0x3C3F,0x09BE,0x015D,0x017B,0x0139,0x0158,0x0176,
  0x00F0,0x00CE,0x01D5,0x01D6,0x01B7,0x0174,0x00F1,0x00AF,0x08CD,0x08CE,0x08AD,0x0048,0x0026,0x106B,0x1890,0x0047,
  0x402B,0x5810,0x71D2,0xB397,0x306A,0x0806,0x2829,0x4808,0x00E7,0x012B,0x0000,0x4882,0x1844,0x0024,0x0823,0x0001,
  0x0822,0x0002,0x7A50,0x598E,0x208A,0xA86B,0xF4D6,0xF195,0xF037,0x4064,0x6951,0x595D,0x591D,0xB176,0xFEBB,0xC1DF,
  0x713B,0x4915,0x4915,0x4916,0x5116,0x5917,0x4916,0x4916,0x717C,0xE33F,0xFC9F,0xFC7F,0xDB3F,0x81BE,0x4918,0x4917,
  0x4936,0x4936,0x4936,0x4935,0x4915,0x5136,0x5936,0x5116,0x6138,0x91DB,0xB9BD,0xEDBF,0xFD7A,0xFAD8,0xF95D,0xF87F,
  0xA812,0x9351,0xF318,0x7809,0xD875,0xB812,0x3021,0xC24F,0xFB7C,0xB833,0xD0B1,0xFE77,0xF312,0xD1D0,0xE2B3,0x4049,
  0xBB16,0xFA7C,0xA00E,0x2802,0x78A7,0x5824,0x7806,0xA80A,0x4805,0x0000,0x0823,0x286A,0x0003,0x782D,0xB814,0xD053,
  0x980C,0xF471,0xFC50,0xD80C,0xE032,0xD852,0xD86F,0xD00E,0xF012,0x4004,0x1023,0x1008,0x300B,0x482E,0x1048,0x0825,
  0x0025,0x0001,0x2086,0x28A9,0x1868,0x6987,0xD3CB,0x580C,0x588D,0xA02A,0xFDB9,0xFAD0,0x6005,0x3829,0x608D,0x2806,
  0x7837,0x280A,0x8012,0xFBDF,0xFB9E,0xFDBF,0xF91F,0xE01E,0xC81D,0xC87B,0x708E,0x1806,0x404E,0x30AD,0x2087,0x1044,
  0x584A,0x804D,0x1022,0x1825,0x38AA,0xE2CE,0xF4EF,0x78C4,0xD107,0xE044,0xF3AC,0xFC2A,0xFEEE,0xFEC9,0xFFFA,0xEA74,
  0x8831,0x58F0,0x48AF,0x38AD,0x308C,0x288C,0x288C,0x288B,0x288B,0x206A,0x206A,0x206B,0x308D,0x388F,0x308D,0x206B,
  0x206A,0x206A,0x1849,0x2069,0x206A,0x206A,0x1869,0x186A,0x1869,0x1869,0x2069,0x2069,0x2069,0x204A,0x206A,0x2049,
  0x1848,0x1869,0x286B,0x308D,0x288C,0x208A,0x208A,0x208A,0x206A,0x186A,0x1869,0x1849,0x1048,0x1047,0x1047,0x1047,
  0x188B,0x20AD,0x20EF,0x18D2,0x0319,0x2FBF,0xAFBF,0x0B3E,0x0136,0x010F,0x008A,0x00EE,0x0172,0x1045,0x6008,0x5891,
  0x50D1,0x40AE,0x288C,0x208D,0x208D,0x288E,0x288E,0x288E,0x288E,0x308E,0x306D,0x5091,0x99B5,0x0802,0x0805,0x206A,
  0x182A,0x0025,0x0002,0x1008,0x1828,0x1828,0x280B,0x280B,0x400D,0x400A,0x2005,0x3808,0x782F,0xC018,0xF93D,0xFE3F,
  0xFF9F,0xFF9F,0xFE7F,0xF25C,0xD017,0xF03D,0xF83E,0xE03B,0xB835,0xA833,0x9011,0x780E,0x782E,0x9851,0x9851,0x682C,
  0x3808,0x400A,0x500C,0x600D,0x680D,0x702E,0x806F,0x9050,0x9871,0x9070,0x9891,0x906F,0x702C,0x5009,0x2806,0x1002,
  0x0823,0x108A,0x108A,0x10A9,0x192C,0x21D1,0x3297,0x2A5B,0x12FE,0x4DFF,0x561F,0x2CDE,0x555E,0x3C3E,0x0B1E,0x029F,
  0x025F,0x023D,0x0177,0x0115,0x021C,0x0ADC,0x0A79,0x09F6,0x0111,0x00CD,0x08AB,0x08AA,0x0088,0x0046,0x0025,0x088B,
  0x0827,0x90B1,0x6071,0x7131,0xDC3A,0x590C,0x1005,0x4009,0x0845,0x01F1,0x0000,0x4861,0x1844,0x0024,0x0001,0x0000,
  0x0001,0x1846,0x1069,0x28EC,0x208A,0xA12C,0xD3B2,0xFA98,0xB832,0x1040,0x8194,0x61DE,0x613E,0xCA13,0xFFBA,0xD25E,
  0x70FB,0x5136,0x4916,0x4916,0x4916,0x4915,0x4915,0x40F5,0x713C,0xEBBF,0xFDBF,0xFD7F,0xEC1F,0x81DD,0x4937,0x5137,
  0x4937,0x4936,0x4936,0x4935,0x4915,0x6937,0x8159,0x7138,0x7138,0x80BA,0xD4BD,0xFE5B,0xFC3A,0xF99D,0xF81E,0xA833,
  0x592A,0xE416,0xC06D,0xF0F9,0xC012,0x70E8,0xD98B,0xFBB7,0xE917,0xE814,0xFC97,0xFCF5,0xFAD2,0xD2B1,0x800C,0x49EC,
  0xE2D6,0x5806,0x1000,0x8908,0xA12B,0x7805,0xB8CE,0xB08C,0x0000,0x0021,0x1046,0x1046,0x0803,0xA012,0xD835,0xA091,
  0x980C,0xFD35,0xFA6F,0xE00F,0xD811,0xD953,0xE0D0,0xE80F,0xD830,0x1001,0x0822,0x1028,0x380D,0x4851,0x4B33,0x0846,
  0x0026,0x0002,0x1885,0x28CA,0x28C9,0x5967,0xE42B,0x688D,0x60D0,0x880C,0xFB94,0xC20B,0x2004,0x3808,0x400A,0x2826,
  0x5831,0x6815,0x6010,0xC158,0xFCFF,0xFF1F,0xFA9F,0xF01E,0xD83E,0xE01F,0xB8F7,0x1805,0x300A,0x306D,0x30CA,0x2868,
  0x2067,0x408B,0x2066,0x0800,0x2009,0x91AD,0xFD92,0x8A89,0xB064,0xE988,0xE1C8,0xF38A,0xFE0F,0xFDEA,0xFF2A,0xFED7,
  0xC06D,0x706D,0x508C,0x408C,0x388C,0x308C,0x288B,0x288B,0x288B,0x206B,0x206A,0x206A,0x206B,0x286B,0x206A,0x1869,
  0x1869,0x1869,0x206A,0x206A,0x206B,0x206B,0x206A,0x206A,0x206A,0x206A,0x206A,0x206A,0x286B,0x286B,0x288C,0x288B,
  0x2069,0x206A,0x288C,0x308E,0x308D,0x288B,0x208A,0x208A,0x206A,0x186A,0x1048,0x1048,0x1047,0x1047,0x1047,0x0826,
  0x18AC,0x20AE,0x20F0,0x10D2,0x04BB,0xA7FF,0x557F,0x017A,0x0132,0x00CD,0x008A,0x00EB,0x2846,0x582A,0x38B0,0x48F2,
  0x9157,0x7113,0x30AD,0x208D,0x30B4,0x3119,0x28F5,0x288F,0x30B0,0x38D2,0x30B1,0x70D3,0x2846,0x0805,0x286A,0x1028,
  0x0806,0x0823,0x1006,0x1809,0x1807,0x2009,0x300B,0x2808,0x2806,0x400A,0x8032,0xC03A,0xE81E,0xF9FF,0xFE5F,0xFF1F,
  0xFFBF,0xFDDF,0xE8DB,0xA012,0xE05B,0xD81A,0xA815,0x8810,0x700E,0x7810,0x9032,0xC096,0xA853,0x782F,0x700F,0x700E,
  0x802E,0x802D,0x802D,0x804C,0x704A,0x6849,0x5048,0x4827,0x4007,0x4008,0x4029,0x3006,0x2005,0x2005,0x2806,0x1803,
  0x0801,0x1022,0x188A,0x18AE,0x108C,0x086A,0x10AB,0x112F,0x19F4,0x1AD9,0x249E,0x269F,0x36FF,0x9F9F,0xE7DF,0xAEFF,
  0x65BF,0x2C9E,0x03DF,0x02FF,0x025D,0x02BD,0x023A,0x0239,0x0217,0x0111,0x00CD,0x0089,0x0068,0x088A,0x0046,0x0003,
  0x0025,0x1805,0xBA16,0x9193,0x9911,0xFC7D,0x81B0,0x4009,0x2804,0x01F1,0x00A5,0x0800,0x0843,0x0823,0x0000,0x0000,
  0x1002,0x2026,0x10A9,0x18CA,0x1048,0xA1CD,0xBAF0,0xEC7C,0x504A,0x1840,0x91B5,0x6A1F,0x793D,0xE2B0,0xFFFB,0xDB5C,
  0x78BA,0x5937,0x5116,0x5117,0x6138,0x5937,0x4915,0x40F5,0x713C,0xEB9F,0xFD7F,0xFD3F,0xEBDF,0x81BD,0x4937,0x5158,
  0x5958,0x4937,0x4957,0x4936,0x5116,0x7959,0xA97B,0xA15A,0x9099,0xC3BC,0xFDDB,0xF3BA,0xF9FD,0xF81D,0xB053,0x2023,
  0x9AD0,0xF295,0xFA3C,0xD055,0x6908,0xDA0C,0xE230,0xEA39,0xF818,0xF1D6,0xFD97,0xFB11,0xBAB1,0xB073,0x304B,0x3167,
  0x1882,0x1801,0x7004,0xF2B5,0xA0A9,0xA04A,0xE134,0x5045,0x0000,0x1066,0x2087,0x0023,0x2024,0xE078,0xB853,0x780F,
  0xB82F,0xFCB4,0xE0AE,0xB80F,0xE011,0xE0F2,0xE850,0xF812,0x982B,0x0000,0x0803,0x0808,0x402D,0x68D3,0x10AC,0x0004,
  0x0829,0x0002,0x1883,0x28CA,0x20A8,0x50E8,0xE46B,0x812F,0x70B3,0x988E,0xE22F,0xDB6F,0x4006,0x89F2,0x488C,0x2006,
  0x480D,0x6014,0x9818,0x580D,0xF35E,0xFEFF,0xFC7F,0xF01E,0xF07F,0xD81E,0xD0DB,0x3067,0x2008,0x280A,0x40AD,0x49AC,
  0x1867,0x2888,0x30AC,0x1043,0x0802,0x382A,0xEC92,0xC511,0x5801,0xF148,0xE9E8,0xF2EA,0xF408,0xFED3,0xFBE3,0xFFF2,
  0xFCB4,0xB00D,0x68AE,0x508D,0x408D,0x388C,0x308B,0x286B,0x206B,0x206A,0x206A,0x206A,0x206A,0x206A,0x2069,0x1869,
  0x1869,0x186A,0x186A,0x206A,0x206A,0x206A,0x208B,0x288C,0x208C,0x208B,0x208B,0x286C,0x308C,0x308D,0x308D,0x288C,
  0x206A,0x206A,0x288C,0x308D,0x308C,0x206A,0x1869,0x206A,0x206A,0x186A,0x1848,0x1047,0x1047,0x1047,0x1047,0x1047,
  0x18AC,0x20CE,0x20F0,0x0113,0x5EBE,0xBFBF,0x02BE,0x0115,0x00EE,0x0089,0x0088,0x3806,0x584B,0x28AE,0x28AD,0x38CF,
  0x6933,0x60F2,0x288D,0x2891,0x69FE,0x8C1F,0x529F,0x28F7,0x38F4,0x4137,0x48D7,0x400A,0x0005,0x204A,0x1027,0x0826,
  0x0825,0x0824,0x1809,0x1809,0x2008,0x2009,0x2008,0x380A,0x7012,0xA039,0xE03F,0xF01F,0xF29E,0xFE9F,0xFEFF,0xFEFF,
  0xFB9F,0xD819,0x8810,0xD059,0xD019,0x9012,0x600D,0x580D,0x8031,0xA054,0x784D,0x902F,0x9010,0x700C,0x600A,0x4006,
  0x2803,0x1801,0x1000,0x0800,0x0000,0x0000,0x0000,0x0000,0x0000,0x0000,0x0800,0x0800,0x0000,0x0000,0x0000,0x0801,
  0x0801,0x0800,0x0800,0x0845,0x18AD,0x10CD,0x10AB,0x088C,0x006D,0x08AF,0x0932,0x0A37,0x03FC,0x059F,0x669F,0xD7FF,
  0xB7FF,0x9FFF,0x975F,0x665F,0x3CFF,0x1B9D,0x029E,0x01FC,0x0177,0x0132,0x0110,0x00EE,0x00CB,0x0088,0x0889,0x0868,
  0x0024,0x0002,0x2006,0xA975,0xA011,0xD235,0xFCBE,0xB295,0x3826,0x018D,0x020E,0x0000,0x0021,0x0823,0x0000,0x0000,
  0x2805,0x1003,0x10A9,0x18EC,0x188A,0x99CD,0xA2F1,0xBD19,0x2906,0x2000,0x99B6,0x69DF,0x90F9,0xF3AD,0xFFFC,0xEC7C,
  0x809A,0x5957,0x5116,0x5137,0x6959,0x5937,0x48F5,0x48F5,0x695B,0xCABF,0xEB9F,0xDBBF,0xC2DF,0x717C,0x4937,0x5158,
  0x5959,0x5158,0x5157,0x5137,0x5116,0x7138,0xA97B,0xB8BB,0xDB5C,0xFD9D,0xFB1B,0xF89B,0xD819,0x882F,0x4807,0x5889,
  0xEB77,0xFCFE,0xD075,0x60E7,0xDACC,0xD1AB,0xE2D7,0xF87C,0xD815,0xECF7,0xFBF2,0x992F,0xA8D4,0x90B3,0x0024,0x0003,
  0x1003,0x7005,0xD9B1,0xEAD6,0xD00E,0xF958,0xB02D,0x0000,0x0844,0x1087,0x28E5,0x0044,0x408A,0xC896,0xA012,0x9011,
  0xD8F1,0xFC35,0xC80F,0xA810,0xF033,0xE8D1,0xE84F,0xE812,0x4806,0x0000,0x0824,0x0809,0x5070,0xA1D8,0x4170,0x318C,
  0x000A,0x0003,0x0823,0x20A9,0x0845,0x3045,0xD409,0xA9F1,0x8879,0x9850,0xB8CB,0xFC51,0x7009,0x58AC,0x484B,0x3009,
  0x400B,0x5013,0xA81B,0x7012,0xA855,0xFD7F,0xFEFF,0xF05E,0xF8BF,0xE8BE,0xD89D,0x40A9,0x2007,0x300A,0x384E,0x28AB,
  0x1868,0x1886,0x30AC,0x30AB,0x0821,0x1006,0x8A30,0xFE55,0x38E4,0x9002,0xFA2C,0xF2A9,0xF0E2,0xFE6F,0xFC6F,0xFC67,
  0xFFFA,0xF230,0x900D,0x58CE,0x408C,0x388C,0x288B,0x286A,0x206A,0x206A,0x208A,0x208B,0x288C,0x208B,0x208A,0x208A,
  0x206A,0x206A,0x206A,0x206B,0x208B,0x208B,0x288C,0x30AD,0x28AD,0x208B,0x288B,0x308C,0x308D,0x308D,0x308C,0x206B,
  0x2069,0x1869,0x206A,0x206A,0x206B,0x1869,0x1869,0x1869,0x1869,0x1869,0x1869,0x1869,0x1849,0x1849,0x186A,0x206A,
  0x108C,0x18CE,0x18B0,0x0235,0xB7FF,0x5D9F,0x019A,0x00EF,0x008A,0x0066,0x5007,0x504B,0x188B,0x28AC,0x28AD,0x28AC,
  0x28AD,0x28AD,0x208D,0x38F5,0x835F,0xCE3F,0x7C1F,0x313C,0x40F7,0x40FA,0x89BA,0x3069,0x0807,0x1027,0x1027,0x0824,
  0x0003,0x1807,0x200B,0x2009,0x2008,0x484D,0x9095,0xA03A,0xB01D,0xC83C,0xF01E,0xFAFF,0xFF1F,0xFF3F,0xFDDF,0xF97F,
  0xC016,0x700D,0xB035,0xA815,0x7811,0x7811,0x8813,0xA816,0xA894,0x3825,0x2002,0x2803,0x2002,0x1801,0x1001,0x1801,
  0x1001,0x1001,0x1001,0x1001,0x1801,0x1801,0x1001,0x0800,0x0801,0x1001,0x0801,0x0000,0x0000,0x0000,0x0000,0x0000,
  0x0000,0x0000,0x0000,0x0000,0x0022,0x1089,0x10CC,0x10AC,0x08CC,0x00AC,0x00AE,0x008F,0x00D2,0x01D8,0x02BD,0x245F,
  0x7F3F,0x7FFF,0x67DF,0x8FFF,0xAFFF,0xB73E,0x131D,0x23DF,0x01FD,0x0136,0x00CE,0x00AB,0x00AB,0x08ED,0x08AC,0x0868,
  0x0868,0x0825,0x0001,0x1007,0x504F,0x802D,0xF43B,0xFA7D,0xCA77,0x218F,0x01F2,0x1001,0x0000,0x0823,0x0000,0x0801,
  0x3026,0x0002,0x10AA,0x18EC,0x20EC,0x60EB,0x50CB,0xA373,0x5289,0x1000,0x9198,0x715F,0xB112,0xFCAD,0xFFF8,0xF579,
  0x90BA,0x5937,0x5116,0x5116,0x5137,0x5116,0x40F5,0x48F6,0x5118,0x719D,0x799E,0x71DD,0x69BD,0x5139,0x4916,0x5138,
  0x5158,0x4937,0x5137,0x6138,0x6918,0x6918,0x8899,0xD3DC,0xFE7E,0xFABA,0xF037,0xE8F9,0x804D,0x5829,0x2004,0x92D2,
  0xFFDF,0xF1F8,0x78C8,0xCACB,0xD149,0xAA8D,0xFA3D,0xC013,0x8A0E,0xB432,0x914D,0xA0D4,0xC097,0x2829,0x0024,0x0022,
  0x4807,0xC84B,0xFB78,0xE870,0xD092,0xD8D3,0x4804,0x0022,0x0848,0x20C9,0x18A6,0x0024,0x586B,0xB014,0xA833,0xB012,
  0xF252,0xFB56,0xB811,0xB831,0xE832,0xE0F1,0xF8AF,0xD091,0x0802,0x0001,0x0804,0x080C,0x7095,0x6032,0x10CE,0x2990,
  0x080C,0x0026,0x0002,0x20CA,0x20E9,0x1003,0xBB89,0xCAF0,0x5816,0x98F2,0xA02B,0xFC70,0x88EA,0x480A,0x502C,0x504D,
  0x3008,0x400F,0x9018,0xB81C,0x9813,0xF1BD,0xFFFF,0xFA5F,0xF95F,0xF09E,0xE85F,0x70EE,0x1004,0x400D,0x302D,0x396C,
  0x4A4E,0x20A7,0x288B,0x38CD,0x2889,0x0002,0x384A,0xF555,0x8ACB,0x0800,0xC065,0xFBAD,0xF0E3,0xF2E6,0xFFD6,0xF166,
  0xFD2C,0xFF7A,0xD06E,0x688E,0x40AC,0x388C,0x308B,0x288B,0x288B,0x288C,0x288C,0x28AD,0x30AE,0x28AC,0x208B,0x208B,
  0x208B,0x208B,0x206A,0x208B,0x20AC,0x208C,0x288C,0x30AE,0x30AD,0x208C,0x208B,0x286C,0x286B,0x206B,0x206B,0x2069,
  0x1848,0x1848,0x1869,0x1869,0x206A,0x206A,0x206B,0x286B,0x306B,0x306C,0x386D,0x486D,0x406C,0x306B,0x286B,0x204A,
  0x108C,0x10CE,0x00B0,0x3459,0xAFDF,0x0AFE,0x0134,0x00CC,0x0067,0x5809,0x484C,0x108A,0x208A,0x28AC,0x28AC,0x288C,
  0x208C,0x208C,0x288D,0x30F4,0x52BF,0x7C5F,0x531F,0x3119,0x30B7,0x715C,0x79B1,0x0005,0x1027,0x1027,0x0825,0x0002,
  0x1005,0x200A,0x200A,0x2008,0x6050,0xA059,0x9019,0xA03A,0xD85E,0xF81F,0xFAFF,0xFFBF,0xFF7F,0xFC5F,0xF85F,0xA815,
  0x502A,0x780F,0x8012,0x8034,0xA038,0xA837,0x702E,0x4007,0x1001,0x2002,0x3004,0x2802,0x2802,0x2803,0x1802,0x0800,
  0x1001,0x1801,0x1000,0x1001,0x1802,0x1001,0x0000,0x0000,0x0000,0x0001,0x0801,0x0801,0x0001,0x0802,0x0803,0x0802,
  0x0801,0x0000,0x0000,0x0000,0x0000,0x0000,0x0887,0x10AB,0x0889,0x08CC,0x00AD,0x00CD,0x0110,0x0134,0x0138,0x01DD,
  0x035C,0x56DF,0xA7DF,0x8FDF,0x47BF,0x8FFF,0x65FF,0x65DF,0x8E5F,0x231D,0x01D8,0x00ED,0x0845,0x0004,0x00AC,0x08CD,
  0x0889,0x0867,0x0023,0x0000,0x1888,0x2809,0xB992,0xFD5E,0xF8B9,0xD35B,0x29B1,0x0001,0x1021,0x0823,0x0021,0x0801,
  0x0803,0x0002,0x1088,0x108B,0x2A0F,0x4333,0x4048,0x718D,0x836C,0x2022,0x917C,0x813F,0xC18C,0xFD4F,0xFF73,0xFE37,
  0xA0DA,0x6117,0x5116,0x5116,0x5136,0x4936,0x4115,0x48F5,0x48F7,0x50FB,0x58DC,0x60FC,0x611B,0x5119,0x4917,0x4937,
  0x4937,0x4936,0x5938,0x897A,0x997B,0x7899,0xABDB,0xFDDD,0xF9D7,0xD894,0xF37B,0xDA15,0x684B,0x2006,0x596C,0xFFDF,
  0xF47A,0xB0CB,0xD3AC,0xF20A,0xA907,0xDB17,0xB894,0x70EA,0xACB4,0x590B,0xA115,0xD098,0x8872,0x0025,0x0823,0x0001,
  0x900A,0xEA94,0xFAD6,0xB80B,0x1823,0x2022,0x0001,0x0888,0x10AA,0x0846,0x0025,0x0021,0x784D,0xB014,0xB854,0xA00F,
  0xD2F2,0xF9B5,0xC813,0xC812,0xD8D1,0xE0F0,0xF8B1,0x78EB,0x0001,0x0804,0x0804,0x100E,0x80B8,0x60F4,0x090E,0x000B,
  0x182E,0x0027,0x0002,0x18A8,0x20C9,0x1005,0xAB08,0xC34D,0x400F,0x70F0,0x800B,0xFB70,0x99EA,0x2806,0x584C,0x506D,
  0x3008,0x280A,0x7835,0xB01B,0xB038,0xD019,0xFDBF,0xFCDF,0xF8BF,0xF07F,0xF01F,0x9893,0x0001,0x3009,0x384C,0x51AC,
  0x3129,0x1044,0x2088,0x38CD,0x40EE,0x2868,0x0803,0xAAAF,0xDCB2,0x2001,0x2800,0xEA0A,0xFCCF,0xF0E2,0xFE8F,0xFD92,
  0xF045,0xFE14,0xFD55,0x900C,0x50AD,0x488D,0x388D,0x30AD,0x30AD,0x28AD,0x30AE,0x38D0,0x30CF,0x288C,0x208B,0x208B,
  0x28AC,0x208B,0x206B,0x208C,0x20AC,0x208C,0x208C,0x288C,0x288C,0x208B,0x206A,0x206A,0x206A,0x206A,0x206A,0x206A,
  0x2069,0x2069,0x286B,0x306C,0x406E,0x506F,0x5870,0x506F,0x506E,0x486E,0x486E,0x484E,0x384C,0x284A,0x2049,0x1828,
  0x08AC,0x10CE,0x0132,0x86BD,0x763F,0x019B,0x00ED,0x0066,0x580A,0x484D,0x108B,0x208A,0x208A,0x288B,0x28AD,0x288C,
  0x208C,0x208C,0x208D,0x28B0,0x2979,0x321E,0x297B,0x28D3,0x38B6,0x99D8,0x1846,0x0806,0x1027,0x1027,0x0002,0x0803,
  0x1808,0x1809,0x2009,0x7054,0x983A,0x9019,0xB03A,0xE07D,0xF01F,0xFADF,0xFFFF,0xFF1F,0xFA9F,0xF81F,0x8811,0x3807,
  0x7010,0x8816,0x9037,0x7853,0x502B,0x2804,0x3805,0x4807,0x2003,0x2804,0x4008,0x602E,0x602E,0x608D,0x69CD,0x7AAF,
  0x71CF,0x50CE,0x30AD,0x38EF,0x4110,0x390F,0x28ED,0x20CB,0x20A9,0x1888,0x1887,0x1065,0x0823,0x0803,0x0803,0x1003,
  0x0802,0x0001,0x0000,0x0000,0x0000,0x0000,0x0000,0x0085,0x00EA,0x0045,0x08A8,0x00AA,0x004B,0x00CF,0x0113,0x01BA,
  0x01BB,0x03FC,0x1EDF,0x8FBF,0x9FFF,0x3FDF,0x67DF,0x24DE,0x653E,0x3C9E,0x027A,0x010E,0x3254,0x39ED,0x1084,0x0026,
  0x0068,0x0887,0x0866,0x0001,0x1022,0x40AD,0x500B,0xF399,0xFCBC,0xD813,0xCAF8,0x4148,0x0000,0x0823,0x0821,0x0801,
  0x0803,0x0000,0x1086,0x106A,0x1252,0x2377,0x48CA,0x38AC,0x8B4D,0x40C6,0xA9BF,0x7936,0xD269,0xFD31,0xFE90,0xFF19,
  0xB139,0x60F7,0x5116,0x5116,0x5937,0x5137,0x4916,0x48F6,0x711A,0xA97E,0xB15F,0xB93F,0xC17F,0x815C,0x5139,0x4937,
  0x4937,0x4917,0x6158,0xB1BC,0xC15C,0xCC1B,0xFC79,0xE033,0xA8F7,0xDCDB,0xC272,0x5027,0x2066,0x48CC,0xE6BD,0xFDFC,
  0xC94D,0xD38D,0xFAAB,0xC987,0xCA51,0xC997,0x802D,0xC436,0x9B12,0x9054,0xB077,0xC8D8,0x286A,0x0023,0x0022,0x2805,
  0xC86F,0xFBB9,0xC02B,0x1801,0x0043,0x0801,0x0844,0x08AB,0x0869,0x4149,0x20A6,0x0000,0xA052,0xC015,0x802D,0x600B,
  0xDBD7,0xD872,0xC813,0xD013,0xB9AF,0xD0EF,0xF891,0x2003,0x0002,0x2008,0x1026,0x1810,0x6859,0x51F5,0x222E,0x102F,
  0x1810,0x0048,0x0002,0x1086,0x18A8,0x1046,0x8A07,0xDBEB,0x504B,0x68CF,0x680C,0xD24E,0xFB11,0x9808,0x484A,0x502B,
  0x482A,0x1805,0x6852,0xB03A,0xB81A,0xD019,0xEABD,0xFDBE,0xF81E,0xF85F,0xF01E,0xC899,0x2024,0x0802,0x2807,0x4129,
  0x2087,0x0824,0x28A7,0x28CD,0x38EE,0x690E,0x2845,0x4046,0xECB4,0x68C5,0x2801,0x7000,0xFCD2,0xFBAC,0xFCA9,0xFFD3,
  0xEB71,0xD008,0xFDB3,0xD2F0,0x700D,0x58AE,0x408D,0x30AD,0x30AE,0x30AE,0x30CF,0x38D0,0x30AF,0x288C,0x208B,0x208B,
  0x208C,0x208C,0x208B,0x208B,0x208B,0x208B,0x208B,0x208C,0x208B,0x208C,0x288C,0x308D,0x306D,0x386E,0x406F,0x486F,
  0x404D,0x386C,0x486E,0x506F,0x604F,0x6830,0x602F,0x484D,0x384B,0x304A,0x304A,0x304A,0x2829,0x2028,0x2028,0x1827,
  0x10AD,0x10CF,0x0A55,0xA7DF,0x23FF,0x0155,0x0065,0x580B,0x486E,0x10AB,0x208B,0x188A,0x188A,0x208B,0x288C,0x288C,
  0x208B,0x208C,0x208C,0x288D,0x28D1,0x28F5,0x28D3,0x2090,0x6117,0x690F,0x0005,0x1027,0x1027,0x0804,0x1004,0x1806,
  0x1007,0x382C,0x8056,0x8819,0x901A,0xD05E,0xF05F,0xE81E,0xFA5F,0xFFDF,0xFE7F,0xF97F,0xF81F,0x702E,0x4008,0x9816,
  0x9818,0x582F,0x2005,0x0800,0x1802,0x2805,0x406D,0x3890,0x204A,0x280B,0x7074,0xA1B8,0xA298,0x9AB7,0x7A95,0x51B3,
  0x5193,0x4932,0x30F2,0x30F1,0x3111,0x3111,0x3912,0x30F1,0x28AF,0x3110,0x3110,0x28CF,0x20EF,0x290F,0x20CC,0x1888,
  0x1024,0x1802,0x0801,0x0001,0x0842,0x0000,0x0000,0x0042,0x014F,0x0153,0x00CB,0x110B,0x5B94,0x2A31,0x0131,0x0174,
  0x01B8,0x0178,0x049E,0x05BF,0x6E9F,0x97BF,0x87FF,0x477F,0x02BD,0x017C,0x0197,0x0110,0x00D0,0x2A79,0x6314,0x4A0A,
  0x1082,0x0001,0x0044,0x0866,0x0001,0x2044,0x382B,0x880F,0xFC9C,0xC9B3,0x9830,0xE31A,0x4167,0x0000,0x0821,0x0801,
  0x0802,0x0000,0x10A5,0x20AA,0x0273,0x245A,0x496E,0x288D,0x72AD,0x91ED,0xA1DE,0x48C8,0xF2AA,0xFD10,0xF60E,0xFFDC,
  0xB9D9,0x68B7,0x5136,0x5117,0x5938,0x5959,0x5137,0x4917,0xA13D,0xFA7F,0xFB3F,0xFADF,0xFA5F,0xB17F,0x515A,0x4938,
  0x4938,0x4937,0x5938,0xA97C,0xF47D,0xF357,0xA014,0x617A,0xB3FA,0xD271,0x5068,0x18C7,0x414E,0xAC37,0xFF5E,0xEC76,
  0xEC92,0xFA8B,0xE1E9,0xC1A8,0xDAF8,0xF0D9,0xA1B2,0x8B10,0x8874,0x8837,0xD0F9,0x8091,0x0023,0x0845,0x0044,0x7009,
  0xFAD7,0xA9CE,0x0800,0x0043,0x1045,0x0001,0x0868,0x214C,0x39AC,0x30E8,0x0020,0x2825,0xD058,0x702E,0x580C,0xC116,
  0xE3B8,0x980F,0xC813,0xD073,0x99AB,0xC8B0,0xB8CF,0x0000,0x0805,0x382B,0x1808,0x2013,0x707A,0x6155,0x0009,0x0810,
  0x2011,0x004A,0x0025,0x1064,0x20A8,0x1888,0x7127,0xF469,0x5889,0x58AD,0x602C,0xA10A,0xFCB4,0xF809,0x802B,0x404A,
  0x502B,0x1804,0x482D,0xB03A,0xB819,0xD01A,0xE87B,0xFD9F,0xFAFE,0xF81F,0xF01E,0xD87B,0x3847,0x1805,0x1005,0x1825,
  0x39AA,0x0824,0x30C7,0x28AA,0x310C,0x48EC,0x58A9,0x1002,0xAAEE,0x8A09,0x5803,0x5801,0xB146,0xFDB5,0xFB87,0xFF71,
  0xFE52,0xC8CD,0xB84B,0xFD13,0xC1D0,0x580E,0x40AD,0x38AE,0x30AE,0x30AE,0x30AE,0x30AF,0x28AE,0x208C,0x208B,0x208B,
  0x208B,0x208C,0x208B,0x208B,0x208B,0x20AD,0x30AF,0x38B0,0x38B1,0x40B1,0x48B1,0x6072,0x7053,0x6852,0x6051,0x6050,
  0x584E,0x484D,0x484D,0x404C,0x384B,0x384A,0x3049,0x2849,0x2028,0x2028,0x2848,0x2849,0x2849,0x3049,0x2849,0x1827,
  0x10CD,0x00AF,0x33F8,0x8F5F,0x023D,0x00CA,0x500A,0x5070,0x18AC,0x20AB,0x208B,0x188B,0x186A,0x188A,0x208B,0x208B,
  0x208B,0x208B,0x208C,0x288D,0x28AF,0x28B0,0x30B1,0x2891,0x8976,0x2027,0x1007,0x1828,0x1026,0x1025,0x1005,0x1805,
  0x6891,0x9859,0x8818,0x9019,0xD07E,0xD85D,0xC018,0xFA5E,0xFFFF,0xFDFF,0xF09E,0xC81A,0x8834,0x702F,0x9816,0x600F,
  0x1804,0x0000,0x0000,0x20A9,0x3911,0x4135,0x2914,0x18AE,0x48D0,0xA259,0x9AB6,0x6190,0x4950,0x3910,0x30D0,0x28EF,
  0x4150,0x5192,0x4992,0x4172,0x3911,0x3930,0x28CE,0x4991,0x7A96,0x290E,0x20EE,0x5252,0x5A93,0x314F,0x292F,0x290E,
  0x51B0,0x58AB,0x0822,0x0821,0x412B,0x2067,0x0000,0x0001,0x0000,0x00A8,0x0173,0x0952,0x5316,0x1131,0x0111,0x0195,
  0x0A58,0x233C,0x01DC,0x037E,0x03FF,0x255F,0xA79F,0x7FFF,0x1E9F,0x023E,0x01FC,0x0134,0x004A,0x00AC,0x0974,0x4212,
  0x4A2F,0x3968,0x1082,0x0002,0x0845,0x0021,0x3027,0x480E,0xB114,0xE195,0x500A,0x702F,0xBA16,0x30C6,0x0000,0x0801,
  0x0001,0x0001,0x0000,0x29ED,0x243A,0x0356,0x28CB,0x28EE,0x49CB,0xEB95,0x50F1,0x5883,0xFA4B,0xFCCF,0xF56E,0xFF36,
  0xC257,0x68B8,0x5137,0x4917,0x5117,0x5138,0x5117,0x5117,0xA91D,0xFB5F,0xFC7F,0xFBDF,0xFABF,0xB15F,0x513A,0x5159,
  0x5139,0x4938,0x5939,0xC35B,0xCB1A,0x683A,0x613B,0xCAF6,0xCA71,0x510D,0x314B,0x49F0,0x518E,0xEE5B,0xF494,0xF534,
  0xFBCF,0xF209,0xD987,0xBA8F,0xFABD,0x808F,0x5AED,0xAA18,0x9017,0x98B8,0xD0F8,0x1005,0x0064,0x0865,0x0001,0xC08E,
  0xDA93,0x3083,0x0022,0x1045,0x0822,0x0844,0x008A,0x316C,0x4168,0x20C5,0x0003,0x48AD,0x8894,0x8833,0xA014,0xDA58,
  0xCA16,0x7810,0xD015,0xE8B4,0x8149,0xB8F1,0x58C8,0x0000,0x0006,0x502E,0x180B,0x3857,0xB89F,0x90BC,0x0850,0x3916,
  0x2011,0x004B,0x0026,0x0843,0x20C9,0x20C8,0x68E8,0xE3E8,0x58A9,0x488E,0x78AD,0xA029,0xFD14,0xEA8E,0xD829,0x686A,
  0x4829,0x3026,0x2809,0xA819,0xC01A,0xD05B,0xC016,0xD175,0xFE9F,0xF95F,0xF81E,0xF07D,0x484A,0x3008,0x0803,0x1825,
  0x5A4D,0x0843,0x1886,0x2067,0x1888,0x290C,0x4069,0x4826,0x6989,0xAB0C,0x6004,0x7886,0x8001,0xE34C,0xFB8C,0xFDAB,
  0xFF92,0xF4B4,0xA80E,0xA8CE,0xE413,0x90CF,0x488E,0x38AE,0x30AD,0x28AD,0x28AD,0x28AE,0x28AE,0x208C,0x288D,0x28AE,
  0x28AD,0x28AC,0x28AC,0x30CD,0x38D0,0x48D2,0x58D3,0x58B3,0x5892,0x5091,0x5871,0x7052,0x7832,0x582F,0x404D,0x384C,
  0x384B,0x304A,0x304A,0x2849,0x2849,0x2849,0x2848,0x2849,0x3049,0x384A,0x384B,0x404B,0x404B,0x404C,0x384B,0x2849,
  0x10CD,0x00B0,0x659B,0x557F,0x00F3,0x3027,0x5070,0x20CD,0x28AC,0x208B,0x188B,0x188B,0x186A,0x186A,0x188A,0x188B,
  0x208B,0x208B,0x208C,0x208E,0x28B0,0x30D1,0x28B1,0x6116,0x6910,0x0005,0x1828,0x1027,0x0804,0x1807,0x2027,0x88D4,
  0xA85C,0x9019,0x8018,0xA819,0xB818,0xA014,0xD198,0xFFFF,0xFD9F,0xD07A,0x8011,0x504C,0x6850,0x582E,0x1003,0x0802,
  0x312A,0x39D1,0x31B5,0x3175,0x2914,0x18AF,0x288E,0x8173,0xA257,0x6152,0x38CE,0x59F2,0x30EC,0x20A9,0x1866,0x0843,
  0x1066,0x20AA,0x20EA,0x20A8,0x1045,0x1065,0x18C6,0x396D,0x59D2,0x20EA,0x18CA,0x318E,0x39AF,0x20ED,0x290F,0x20EE,
  0x18AA,0x0022,0x0001,0x0024,0x0004,0x0003,0x0003,0x0002,0x0001,0x0000,0x0042,0x0151,0x2B7B,0x3316,0x0970,0x008E,
  0x00F4,0x01B8,0x023A,0x027C,0x02BC,0x033D,0x049F,0x971F,0xC7FF,0x2D1F,0x01BC,0x0219,0x00F1,0x0002,0x00AB,0x00EE,
  0x212D,0x316F,0x59CE,0x5189,0x1062,0x0001,0x1002,0x482B,0x602E,0xC9B4,0xA8D1,0x2806,0x3008,0x91B0,0x2063,0x0001,
  0x0802,0x0001,0x0022,0x006A,0x01D3,0x1AF3,0x28CA,0x28EE,0x392D,0xB2F0,0x0822,0x80A6,0xF98A,0xFD92,0xFD0E,0xFBEB,
  0xC295,0x68B9,0x5937,0x4917,0x4917,0x5137,0x5137,0x5118,0xA93D,0xFB3F,0xFC7F,0xFC1F,0xFADF,0xB15F,0x513A,0x5159,
  0x5159,0x5139,0x6999,0x7178,0x4059,0x82FC,0xEC79,0xBA94,0x4972,0x20CF,0x5A34,0x1049,0xBD37,0xFDD7,0xFDB6,0xFB0C,
  0xFA2A,0xF24C,0x7928,0xDB78,0x80AF,0x19CA,0xCBFB,0xA019,0x8877,0xC0FA,0x608D,0x0044,0x0864,0x0000,0x3004,0xA8CB,
  0x2003,0x28A6,0x0845,0x0845,0x0001,0x0089,0x08AB,0x6B10,0x49CA,0x0004,0x004A,0x406D,0xA837,0xC81B,0x9814,0xEB5B,
  0xA893,0x6010,0xD816,0xF8B6,0x888D,0x608A,0x1021,0x0002,0x0006,0x502F,0x100C,0x5039,0xAA7F,0x527B,0x2955,0x51D9,
  0x1010,0x084B,0x0026,0x0822,0x20C9,0x30E8,0x48A6,0xBAA5,0x6949,0x41D0,0x78AD,0xA00B,0xF30F,0xFDB4,0xFA30,0xD84E,
  0x5849,0x4828,0x2005,0x9817,0xC81B,0xD81C,0xB035,0x880B,0xFD1D,0xFD1F,0xF05E,0xF83F,0x708E,0x3008,0x2807,0x0000,
  0x38E8,0x38C7,0x3908,0x30A8,0x1025,0x28EC,0x288A,0x6047,0x8A4B,0xA2CB,0x7027,0x6826,0xB1EA,0xB883,0xFB6C,0xFBA6,
  0xFF91,0xFF75,0xD991,0x880F,0x88EF,0xBAB2,0x60AF,0x38AF,0x30AE,0x30AE,0x30CF,0x30D0,0x30D0,0x30AF,0x38D1,0x40F3,
  0x38D0,0x30AE,0x30AE,0x40AF,0x48B0,0x4890,0x4890,0x486E,0x406D,0x386D,0x404C,0x404D,0x404C,0x304B,0x284A,0x284A,
  0x284A,0x2849,0x3049,0x304A,0x384A,0x384A,0x384B,0x404C,0x484D,0x504D,0x504D,0x504D,0x504D,0x504D,0x404C,0x304A,
  0x10AD,0x0111,0x86BE,0x1B3C,0x0028,0x308C,0x20AD,0x28AD,0x28AC,0x208B,0x188A,0x188A,0x188A,0x188A,0x188A,0x208B,
  0x208B,0x208B,0x208C,0x28AF,0x28F5,0x2958,0x20F6,0x8958,0x2848,0x1007,0x1808,0x0804,0x0803,0x2007,0x8876,0x903A,
  0x7016,0x6013,0x7033,0xA034,0xB015,0xE0BA,0xFF3F,0xFCDF,0xF01B,0xA013,0x502B,0x3007,0x1804,0x1804,0x512E,0x5235,
  0x4AFB,0x31B9,0x20F3,0x18AF,0x106B,0x102A,0x7975,0x9AB5,0x49D0,0x520E,0x8B0D,0x72CE,0x3968,0x0865,0x0023,0x0865,
  0x0046,0x4168,0x4105,0x0823,0x18C5,0x0863,0x212B,0x212E,0x10CC,0x190C,0x292D,0x20ED,0x18CE,0x2910,0x18AA,0x0022,
  0x0000,0x0024,0x08A9,0x10CB,0x08AB,0x0889,0x0025,0x0004,0x0002,0x0000,0x0000,0x0001,0x014F,0x3D1D,0x2B36,0x3AF3,
  0x1A13,0x00B0,0x00F2,0x0175,0x01F7,0x02FC,0x02BD,0x039F,0x8EBF,0xDFFF,0x1B5D,0x00F7,0x0113,0x0069,0x0000,0x010D,
  0x00AB,0x10EB,0x18EE,0x492F,0x8271,0x5A0B,0x0821,0x0800,0x4009,0x700C,0xEA99,0xA131,0x4008,0x504B,0x89B0,0x0801,
  0x0802,0x0001,0x0001,0x0868,0x08AC,0x198E,0x1888,0x28ED,0x28EE,0x6949,0x3062,0x8048,0xDB0E,0xFD33,0xFBAF,0xFAEC,
  0xD376,0x80DA,0x5937,0x5117,0x5137,0x5138,0x5138,0x5139,0x995D,0xF1FF,0xF2BF,0xEADF,0xEA3F,0x995E,0x593B,0x595A,
  0x595A,0x617A,0x50F9,0x40F8,0xB45C,0xEE5D,0x847B,0x2233,0x18A9,0x210E,0x0008,0x83F3,0xFD55,0xFE38,0xFC30,0xFA2A,
  0xD22B,0x4866,0x6A2E,0x8A72,0x006E,0x9C59,0xC91C,0xA07A,0xA89B,0x90D4,0x0043,0x0022,0x0000,0x0000,0x9A2D,0x6A2D,
  0x0004,0x0825,0x1068,0x0844,0x0004,0x18AF,0x38EC,0x498B,0x20C7,0x088A,0x0067,0x9894,0xC01B,0xB019,0xC0F9,0xF39D,
  0x9813,0x6812,0xD817,0xF057,0xB051,0x0801,0x0000,0x0003,0x0806,0x402F,0x100D,0x485B,0x217F,0x013C,0x088F,0x0052,
  0x104F,0x104D,0x0027,0x0000,0x20C8,0x5107,0x1803,0xBBC7,0xAA48,0x2848,0x706B,0x902B,0xD94B,0xFD72,0xFC35,0xF80F,
  0xB88D,0x5829,0x2825,0x7010,0xD81C,0xD87C,0xD038,0xB813,0xFA9A,0xFEBF,0xFA7E,0xF9DF,0x9853,0x3007,0x3808,0x2865,
  0x30A9,0x5B76,0x52F6,0x9458,0x5206,0x0826,0x20CC,0x4848,0xA22B,0xB430,0x5805,0x6007,0x8969,0xDA2B,0xD0A3,0xFAA5,
  0xFE2C,0xFFF4,0xFD94,0xB810,0x7870,0x70D1,0x60F1,0x40B0,0x40D0,0x38D0,0x38F1,0x30F1,0x30D0,0x38D0,0x38D1,0x38B1,
  0x30AF,0x288D,0x308C,0x308C,0x306C,0x306B,0x306B,0x284A,0x286A,0x304B,0x304B,0x306B,0x304A,0x304B,0x384B,0x384B,
  0x404B,0x404C,0x484C,0x484D,0x504D,0x504D,0x504D,0x504D,0x504D,0x504D,0x502D,0x482C,0x484C,0x484D,0x384B,0x302A,
  0x088D,0x19F3,0x6EBF,0x0131,0x30CD,0x28F1,0x208C,0x28AD,0x288C,0x208B,0x208A,0x188A,0x188A,0x188A,0x208A,0x208B,
  0x208B,0x208C,0x28AD,0x28F4,0x321D,0x32FF,0x51FF,0x78F2,0x0806,0x1828,0x1006,0x0001,0x402B,0x8035,0x7818,0x8018,
  0x7015,0x7831,0x8830,0xC818,0xF81D,0xFD7E,0xF49D,0xD017,0x802F,0x3007,0x1805,0x1804,0x38CA,0x6218,0x42FF,0x115A,
  0x10B3,0x18D2,0x20EE,0x106A,0x292D,0x9BB5,0x8B52,0x6B0D,0x62AD,0x72CE,0x496A,0x312A,0x5188,0x626B,0x62AD,0x0845,
  0x294A,0x3108,0x28C6,0x20A5,0x18A4,0x1067,0x18CD,0x20ED,0x290D,0x312D,0x312D,0x312E,0x20CC,0x0865,0x0000,0x0001,
  0x0066,0x0089,0x0068,0x0066,0x0067,0x08A9,0x0888,0x0045,0x0023,0x0002,0x0001,0x0002,0x0000,0x0088,0x00B1,0x19B2,
  0x3B56,0x3B57,0x0992,0x008E,0x09F3,0x0A16,0x0219,0x023C,0x02DF,0x761F,0xAF9F,0x0A19,0x0092,0x00AC,0x0002,0x0042,
  0x0131,0x00AC,0x192D,0x2192,0x28AF,0x6990,0x9AD2,0x4947,0x0801,0x3807,0x904E,0xFB1B,0xA0AE,0x4809,0x610E,0x71CC,
  0x0000,0x0000,0x0002,0x0024,0x0889,0x190A,0x1069,0x20EE,0x20AD,0x4928,0x78E8,0x800D,0xBB0E,0xFA2B,0xF9CD,0xF9EC,
  0xF538,0xA0DB,0x5938,0x5117,0x5138,0x5138,0x5138,0x5139,0x693B,0x911E,0x913F,0x91BF,0x91DF,0x695D,0x591B,0x693B,
  0x693B,0x58FB,0x7ABC,0xDE1D,0xB49A,0x635B,0x42B4,0x10A7,0x1069,0x084A,0x426D,0xF3CF,0xF472,0xFE77,0xFA68,0x8187,
  0x602B,0x684C,0xA3D7,0x00F5,0x5BBA,0xCA9D,0xA81C,0xB8BD,0xB0FA,0x2865,0x0000,0x0000,0x0000,0x2905,0xB435,0x1068,
  0x1045,0x1047,0x1089,0x1044,0x6870,0x590E,0x28C9,0x20C8,0x0002,0x0088,0x0845,0xB098,0xB81A,0xB81B,0xE2BC,0xD27A,
  0x9014,0x6835,0xB816,0xF038,0xA031,0x0000,0x0002,0x0004,0x0806,0x400F,0x1810,0x193E,0x85DF,0x443E,0x0055,0x0874,
  0x1051,0x184F,0x0827,0x0000,0x6106,0x50E6,0x1004,0xB367,0xC2E8,0x602A,0x90AD,0x904C,0xC04A,0xFC4F,0xFD16,0xF00E,
  0xF911,0xA88C,0x4807,0x502B,0xD81D,0xE0FB,0xC8B7,0xC016,0xD075,0xFEFF,0xFB5F,0xFC5F,0xB976,0x2805,0x3827,0x2864,
  0x1806,0x5BD7,0x5AB4,0x2194,0x626A,0x0001,0x310E,0x308C,0x90A8,0xE532,0x68E7,0x5007,0x5005,0xE2CD,0xF127,0xF022,
  0xFC47,0xFF71,0xFFF6,0xF2B5,0xA011,0x68D2,0x58B1,0x48D1,0x40D1,0x40CF,0x30AF,0x30AE,0x288D,0x288D,0x288C,0x286C,
  0x286B,0x286B,0x286B,0x286B,0x306B,0x306B,0x286B,0x286B,0x306A,0x306B,0x386B,0x406C,0x406C,0x504D,0x584E,0x584E,
  0x604F,0x684F,0x684F,0x684F,0x604E,0x504D,0x504D,0x502D,0x502D,0x502D,0x602F,0x7831,0xA014,0x9813,0x482D,0x2829,
  0x006E,0x2B36,0x2CFA,0x3091,0x71B9,0x3110,0x20AC,0x30AD,0x30AE,0x30AE,0x288C,0x208A,0x188A,0x208A,0x208B,0x208B,
  0x208B,0x208C,0x288E,0x28F6,0x3ABE,0x441F,0x8A9D,0x3028,0x0807,0x2029,0x0002,0x3048,0x8876,0x8017,0x7817,0x8017,
  0x9015,0x9813,0xC818,0xF87F,0xFA1D,0xFAFD,0xE019,0xA833,0x2004,0x486A,0x7832,0x40F5,0x3ADF,0x123F,0x0979,0x1112,
  0x18CE,0x18CC,0x106C,0x10D0,0x6AD4,0x728B,0x4968,0x59CA,0x418D,0x20A9,0x1046,0x0004,0x4147,0x6186,0x51E8,0x18A6,
  0x1087,0x0846,0x51A9,0x30E8,0x188A,0x28EE,0x290D,0x310C,0x20EC,0x28EE,0x20EE,0x1087,0x0000,0x0000,0x0044,0x0867,
  0x0088,0x0067,0x0067,0x0068,0x0889,0x0889,0x0068,0x0066,0x0024,0x0003,0x0003,0x0002,0x0001,0x0001,0x006B,0x00B3,
  0x008E,0x196E,0x3314,0x2295,0x0110,0x006D,0x00F1,0x0154,0x01FC,0x021D,0x555F,0x6EBF,0x0135,0x004C,0x0068,0x0000,
  0x00A8,0x01B5,0x00AC,0x08CB,0x29F3,0x20CF,0x484C,0xB214,0x50A7,0x3024,0x6008,0xE937,0xF299,0x880D,0x3006,0x79AF,
  0x4948,0x0000,0x0824,0x0824,0x0847,0x18E8,0x20CB,0x20EF,0x10AB,0x2887,0x808F,0x582E,0x9089,0xF98C,0xF9AF,0xF98D,
  0xF4B7,0xB8BC,0x6938,0x5138,0x615A,0x617A,0x5959,0x5939,0x611B,0x813E,0x917F,0x99FF,0x9A7F,0x79DE,0x617C,0x60DD,
  0x60DD,0xB4BE,0xF71F,0x9C3A,0x3B3C,0x42B3,0x1886,0x18AF,0x20F0,0x10C6,0xB32D,0xE20A,0xFEB9,0xD2A6,0x48A2,0x8810,
  0x980F,0x6A6D,0x3A7A,0x19F9,0xC45D,0xB81E,0xD05F,0xA0D7,0x1843,0x0000,0x0000,0x0001,0x0000,0x83B1,0x522E,0x0025,
  0x0845,0x1069,0x0066,0x2044,0x488D,0x000A,0x2171,0x216F,0x0048,0x0024,0x2069,0xC07A,0xC01C,0xB81C,0xB236,0x8854,
  0x9816,0x7037,0x8815,0xF83B,0x4028,0x0000,0x0825,0x0026,0x1007,0x382E,0x0814,0x1A9F,0x8F9F,0x5E9F,0x013C,0x0832,
  0x1053,0x2052,0x0846,0x0000,0x40A3,0x38C7,0x1825,0x9286,0xCB48,0x5068,0x70EC,0x904C,0xB02A,0xFB6E,0xFDF7,0xF8AE,
  0xF212,0xF8D0,0x906A,0x3804,0xE03C,0xC857,0xB9D6,0xA073,0x800A,0xFCDC,0xFCFF,0xFBDF,0xCA98,0x2803,0x3006,0x2024,
  0x1003,0x318F,0x620A,0x6A8D,0xAB6F,0x1861,0x310A,0x30F0,0x580A,0xE3AE,0x7A8A,0x4005,0x4026,0x9908,0xFB6F,0xE988,
  0xF123,0xFF11,0xFFF5,0xFEB9,0xD071,0x7890,0x58D0,0x48AF,0x40AE,0x388D,0x308C,0x288B,0x286B,0x286B,0x286B,0x286B,
  0x286A,0x286B,0x286B,0x306C,0x386C,0x386C,0x306B,0x306B,0x306B,0x386B,0x486D,0x584E,0x684F,0x7050,0x7851,0x7851,
  0x7851,0x7831,0x8031,0x7830,0x682F,0x702F,0x8031,0x9012,0x8813,0x9013,0xC017,0xE83B,0xF8DE,0xF05C,0x8011,0x282A,
  0x084E,0x1C18,0x22B5,0x897B,0x91BC,0x4913,0x28AD,0x38AF,0x50D1,0x58F2,0x38AE,0x208B,0x208A,0x288B,0x28AC,0x288C,
  0x208C,0x208D,0x288E,0x28D4,0x2A1C,0x4B5F,0x7974,0x0804,0x1808,0x0004,0x3029,0x6850,0x7015,0x8819,0x8017,0x7011,
  0xA813,0xC016,0xF81E,0xFCDF,0xFF5F,0xF0BC,0xF81D,0xD098,0x9933,0xB0BD,0x68DF,0x2B1F,0x1A9C,0x1136,0x10AE,0x108C,
  0x088B,0x008E,0x1113,0x73F8,0x6290,0x4128,0x49CB,0x28E8,0x0825,0x0804,0x1867,0x1046,0x1864,0x5146,0x8B6D,0x3147,
  0x1065,0x2084,0x2086,0x20CA,0x28EC,0x20CB,0x20CA,0x18AA,0x28ED,0x20EC,0x1064,0x0000,0x0024,0x0047,0x0068,0x0068,
  0x0067,0x08A9,0x088A,0x0889,0x0888,0x0867,0x0045,0x0024,0x0025,0x0025,0x0024,0x0003,0x0003,0x0002,0x0002,0x006B,
  0x0114,0x006C,0x00AC,0x19AF,0x2AB4,0x1A96,0x0172,0x00AF,0x00B0,0x0113,0x00B3,0x2B99,0x3DFF,0x0172,0x006A,0x0046,
  0x0000,0x096F,0x1279,0x090E,0x0048,0x21B0,0x3172,0x380B,0x880E,0xD1B3,0x88CB,0xB00D,0xFA3B,0xD194,0x700B,0x3808,
  0x9211,0x1862,0x0003,0x1025,0x0847,0x1067,0x1868,0x18CE,0x0868,0x20A5,0x68ED,0x402B,0x80A9,0xF1CD,0xF90F,0xF94D,
  0xFC77,0xB0BC,0x6939,0x5959,0x697B,0x719C,0x617B,0x513A,0x815E,0xD27F,0xE35F,0xE3DF,0xD3FF,0x9ABF,0x611D,0x7A3E,
  0xDE5F,0xD6BF,0x737B,0x5C9C,0x32B1,0x0827,0x1952,0x18CD,0x0001,0x6268,0xD9C8,0xF617,0xB287,0x2001,0xA815,0xD817,
  0x2083,0x52D4,0x00D8,0x9C9C,0xB8DF,0xD83F,0x8893,0x0801,0x0000,0x0001,0x0022,0x0000,0x2945,0x9413,0x49AA,0x0824,
  0x0846,0x1088,0x0023,0x0025,0x004C,0x0094,0x2236,0x1954,0x1991,0x0007,0x40AD,0xC87C,0x9818,0x98D8,0xDBFC,0xA81B,
  0x9017,0x7017,0x9018,0xA854,0x0020,0x0803,0x0826,0x0026,0x1029,0x302E,0x0815,0x231F,0x875F,0x357F,0x00B9,0x0830,
  0x2053,0x2834,0x0823,0x0000,0x0000,0x2886,0x2886,0x7986,0xBA85,0x5067,0x3086,0x784A,0xA00A,0xE9EB,0xFE97,0xF9EE,
  0xF211,0xF8EF,0xF150,0x58A5,0xA02F,0xC836,0xA013,0xB055,0x980D,0xEA97,0xFCBF,0xFA7D,0xE25A,0x2804,0x3005,0x3005,
  0x1002,0x108A,0x7373,0x8A29,0x9A2A,0x28E6,0x1865,0x59B1,0x200C,0xB20C,0x82CA,0x3004,0x5848,0x5005,0xEA4E,0xF44F,
  0xE001,0xFC09,0xFFF4,0xFF91,0xF373,0x980D,0x58CD,0x488C,0x408C,0x388C,0x308C,0x288B,0x286B,0x286B,0x286B,0x286B,
  0x286A,0x286A,0x286B,0x306C,0x386C,0x406D,0x406D,0x406D,0x406D,0x486D,0x586F,0x7050,0x7050,0x7830,0x7030,0x7030,
  0x7831,0x8833,0x8833,0x8032,0x9814,0xB816,0xD819,0xE01B,0xD01A,0xD03A,0xF03C,0xF89E,0xF99F,0xF8BE,0x9012,0x282A,
  0x188E,0x1355,0x3112,0x5937,0x6957,0x48F3,0x28AE,0x40D0,0x70F4,0x7914,0x40AF,0x208B,0x208A,0x30AD,0x48D0,0x38AD,
  0x28AC,0x28AD,0x28AF,0x28F5,0x219C,0x723E,0x484A,0x0806,0x0805,0x3809,0x8834,0x480F,0x981B,0x8818,0x6010,0xA034,
  0xE039,0xF81D,0xFB5E,0xFFFF,0xF9DF,0xF03C,0xE95D,0xD17E,0xB89F,0x50BF,0x1A5E,0x09D8,0x08D0,0x086B,0x088D,0x08D0,
  0x00D1,0x3A12,0x8BB3,0x5A71,0x394B,0x18A6,0x0824,0x0003,0x1045,0x1065,0x1885,0x312C,0x0003,0x4926,0x5987,0x62AC,
  0x0848,0x18A9,0x0866,0x20EA,0x20EB,0x18CB,0x18CB,0x28EB,0x18A8,0x0021,0x0000,0x0001,0x0001,0x0865,0x0024,0x0045,
  0x0023,0x0043,0x0886,0x0024,0x0024,0x0023,0x0024,0x0002,0x0003,0x0004,0x0026,0x0004,0x0003,0x0003,0x0003,0x0001,
  0x0069,0x0133,0x00CD,0x0049,0x0029,0x116F,0x1A73,0x19B0,0x0970,0x090D,0x1A11,0x0172,0x0A77,0x1CBC,0x0931,0x004A,
  0x0045,0x0000,0x0AD6,0x241C,0x11F2,0x0027,0x190C,0x5216,0x58B0,0xA02F,0xFBFA,0xDA13,0xF815,0xFA79,0xC0B1,0x600B,
  0x608C,0x8A30,0x0002,0x1026,0x0826,0x1046,0x1868,0x10AB,0x0025,0x28E5,0x81CE,0x3008,0x78CA,0xF20D,0xF08E,0xF90D,
  0xEB56,0xA0DD,0x6139,0x5939,0x697B,0x719C,0x619B,0x595B,0x91BF,0xEBFF,0xFD5F,0xF53F,0xECBF,0x9A7F,0xAC5E,0xF7DF,
  0x9E1E,0x3B1E,0x333C,0x1190,0x10AB,0x110E,0x0844,0x0000,0x2945,0xCA09,0xECF2,0xDA6B,0x8806,0xB057,0xB836,0x0801,
  0x524A,0x29BC,0x6BBC,0xCA1F,0xB81C,0x506B,0x0000,0x0001,0x0003,0x0023,0x0022,0x0000,0x7B4F,0x396A,0x0843,0x0887,
  0x0868,0x0823,0x0001,0x0111,0x0117,0x1B5C,0x23BC,0x0073,0x00D0,0x0049,0x60AF,0xA099,0x8818,0xDA3E,0xCA7D,0x981C,
  0x9038,0x6818,0x9018,0x1803,0x0000,0x0825,0x0825,0x0007,0x206D,0x102C,0x0818,0x2B7F,0x771F,0x2C9F,0x0058,0x082F,
  0x3055,0x3813,0x0001,0x0001,0x0000,0x1843,0x3087,0x79A7,0xE447,0x5826,0x5067,0x7868,0xA009,0xE109,0xFE77,0xFC53,
  0xF9ED,0xF94E,0xF8CE,0xBA6E,0x2021,0xC015,0xB015,0xB036,0xB011,0xC8F1,0xFEBF,0xF9BB,0xF09A,0x5027,0x2003,0x3004,
  0x1822,0x0802,0x2293,0x1A72,0x3B76,0x6414,0x0002,0x618D,0x30AF,0x588A,0xB38C,0x0821,0x6848,0x5007,0xB92B,0xFCF2,
  0xF207,0xF8E3,0xFE70,0xFF8E,0xFE53,0xC0AE,0x686C,0x50AC,0x408C,0x388C,0x388C,0x308C,0x308C,0x306B,0x286B,0x286B,
  0x286B,0x286B,0x286B,0x306C,0x386C,0x406E,0x486E,0x486E,0x506E,0x506E,0x584E,0x684F,0x7031,0x7031,0x7812,0xA015,
  0xC819,0xE01B,0xC819,0xB017,0xE03B,0xF85D,0xF85E,0xF85E,0xE83C,0xE03B,0xF03D,0xF03C,0xF09D,0xD85A,0x7031,0x304B,
  0x18AE,0x2190,0x186C,0x18AD,0x28CE,0x28AE,0x28AD,0x40AF,0x68F3,0x70F3,0x38AE,0x208B,0x208A,0x40CE,0x8935,0x68F2,
  0x30AE,0x30AE,0x38D2,0x49FB,0x52DF,0x91F8,0x1807,0x0806,0x3869,0xA8B7,0x5010,0x981B,0xA01B,0x6811,0x580D,0xD83B,
  0xF01D,0xF9BE,0xFFDF,0xFC7F,0xF99E,0xF47E,0xC97F,0xA01F,0x609E,0x227F,0x1199,0x008F,0x006B,0x08AE,0x0934,0x00B5,
  0x3295,0xAC96,0x518D,0x0868,0x2806,0x4808,0x1065,0x1085,0x18A7,0x290A,0x0000,0x394C,0x0868,0x30A6,0x6188,0x6208,
  0x2907,0x0004,0x1087,0x18AA,0x18CA,0x18EB,0x50E9,0x2063,0x0000,0x0000,0x0000,0x0002,0x0867,0x08A9,0x08A9,0x0888,
  0x0088,0x0066,0x0087,0x0065,0x0023,0x0002,0x0023,0x0022,0x0002,0x0003,0x0006,0x0006,0x0006,0x0006,0x0006,0x0005,
  0x0001,0x0069,0x0133,0x012F,0x2231,0x090D,0x006A,0x090A,0x0085,0x00C9,0x094D,0x00CA,0x0110,0x1B1A,0x351D,0x00CD,
  0x0068,0x0022,0x0084,0x1294,0x3291,0x2255,0x0069,0x108A,0x7A78,0x91D2,0xD0D2,0xFDBE,0xFC3A,0xF895,0xF156,0xB030,
  0x500A,0x9170,0x61AC,0x0004,0x1025,0x0823,0x1868,0x0869,0x0043,0x1044,0x592C,0x2806,0x8A2D,0xF26F,0xF84F,0xE88B,
  0xA952,0xA0DD,0x5939,0x5139,0x597A,0x69BC,0x69BB,0x619C,0x9A3F,0xF4FF,0xFE3F,0xF57F,0xDCBF,0xE63F,0xDFDF,0x55BF,
  0x3C1F,0x3B1D,0x1194,0x110C,0x0886,0x0000,0x0000,0x206A,0xAA0E,0xEC70,0xF2D1,0xF014,0xC058,0x600E,0x0000,0x20E2,
  0x6B1A,0x531D,0xDB3F,0x9819,0x2845,0x0000,0x0002,0x0004,0x0046,0x0023,0x0000,0x31A7,0x8372,0x0004,0x0866,0x10A9,
  0x0846,0x0000,0x0065,0x0134,0x01DB,0x5E7F,0x5DBF,0x013A,0x00D2,0x0068,0x80B2,0x981B,0xC07E,0xEC1E,0xA89D,0xA01C,
  0x983A,0x801C,0x704F,0x0000,0x0802,0x0024,0x0825,0x084A,0x30AE,0x082E,0x101B,0x3C9F,0x977F,0x3C9F,0x0059,0x0010,
  0x5096,0x486C,0x0002,0x0003,0x0000,0x0800,0x38A7,0x6907,0xE446,0x6086,0x6068,0x78E9,0xB0CB,0xE088,0xFDB5,0xFD96,
  0xFAAD,0xFAF0,0xF84C,0xDA2F,0x0060,0x5809,0xB816,0xA814,0xD098,0xE013,0xF55C,0xFA7D,0xF87B,0x784B,0x3005,0x1802,
  0x1001,0x0000,0x116E,0x767F,0x1A98,0x763F,0x2929,0x38A7,0x6170,0x2809,0xBAEC,0x18E2,0x3003,0x7829,0x8089,0xFC93,
  0xFC4D,0xFA26,0xFB29,0xFF0E,0xFFB0,0xF373,0x980D,0x60CD,0x50AD,0x408D,0x38AD,0x388D,0x388D,0x488E,0x488E,0x388D,
  0x308C,0x308C,0x388D,0x386D,0x306C,0x386C,0x406D,0x406D,0x406D,0x486E,0x7031,0xB017,0xD019,0xC819,0xB838,0xE03C,
  0xF8DF,0xF97F,0xF89E,0xE81B,0xF83D,0xF87E,0xF83D,0xE83C,0xC038,0xA035,0xA036,0x9835,0x9034,0x7831,0x402D,0x302B,
  0x188C,0x188D,0x20AD,0x208D,0x188C,0x188B,0x208C,0x30AE,0x40CF,0x40CF,0x30AC,0x208A,0x208A,0x40AE,0x9115,0x78F4,
  0x38AF,0x30AE,0x38D2,0x4A9D,0x8C1F,0x6950,0x0005,0x382A,0xB89B,0x5812,0x9016,0xA81C,0x6811,0x3007,0xA815,0xF81F,
  0xF05E,0xFE5F,0xFFFF,0xFCBE,0xFB1F,0xD8FF,0x981F,0x589E,0x1A9F,0x09B8,0x088F,0x00AF,0x00D2,0x0117,0x00D4,0x00D1,
  0x445A,0x3A74,0x0808,0x700B,0xEA36,0xE318,0x2887,0x396B,0x0002,0x1868,0x20A9,0x1065,0x18A9,0x0025,0x5946,0x59A5,
  0x5A48,0x1087,0x18AA,0x18C9,0x20EC,0x58EA,0x3021,0x0000,0x0000,0x0000,0x0044,0x08AA,0x08CC,0x08CB,0x08CB,0x08CC,
  0x10ED,0x08CB,0x08CB,0x08CC,0x08C8,0x0886,0x0046,0x0047,0x006A,0x0069,0x0026,0x0048,0x0048,0x0027,0x0027,0x0026,
  0x0026,0x0004,0x006C,0x092E,0x21ED,0x08CA,0x006A,0x0048,0x0025,0x0002,0x0026,0x006A,0x0089,0x004A,0x01B2,0x096E,
  0x0026,0x0023,0x0000,0x0088,0x00AA,0x1908,0x3275,0x192E,0x0807,0x8A16,0xEAD9,0xF8D5,0xFEFF,0xFE1C,0xF9F8,0xE813,
  0x982E,0x5009,0xA1F1,0x30A8,0x1005,0x0803,0x1026,0x1048,0x0001,0x0845,0x594D,0x71CB,0x60A8,0xD8CD,0xA00C,0xA08A,
  0x88F1,0xA0DC,0x5939,0x5139,0x597A,0x71BD,0x79BD,0x719D,0xB2DF,0xFDDF,0xFE9F,0xFE7F,0xEF9F,0x8F7F,0x1CFF,0x53FE,
  0x6256,0x1088,0x0001,0x0000,0x0002,0x1848,0x70D5,0xA915,0xF453,0xF2D5,0xE017,0x9033,0x2806,0x0000,0x0001,0x62B0,
  0x737F,0xD4FE,0x706F,0x0800,0x0000,0x0002,0x0004,0x112C,0x0066,0x0044,0x0047,0x7371,0x294B,0x0046,0x10CB,0x1068,
  0x0001,0x0002,0x00AA,0x0137,0x139D,0x4EDF,0x02DF,0x01B9,0x008B,0x0023,0x98D6,0xC81F,0xA1B9,0xDBBC,0xA01D,0xA03D,
  0x983C,0x8859,0x1022,0x0000,0x0802,0x0003,0x0826,0x0849,0x38AF,0x0810,0x08DC,0x4D7F,0x66BF,0x1BDF,0x0079,0x0830,
  0x5056,0x1804,0x0004,0x0024,0x0000,0x0000,0x2884,0x68C7,0xDC25,0x68E5,0x6047,0x6949,0xAA2E,0xE029,0xFCB2,0xFE99,
  0xFA0C,0xF3F1,0xF90D,0xE0EB,0x2041,0x0000,0x9010,0xC878,0xE91B,0xB00F,0xF339,0xFBFD,0xF89C,0x886D,0x3806,0x1803,
  0x0821,0x0000,0x0007,0x3BD7,0x1AB5,0x3B55,0x4A2B,0x0804,0x71AE,0x302C,0x9A0C,0x51A5,0x0000,0x7049,0x780A,0xDB2F,
  0xFDB4,0xF9C4,0xFBAA,0xFB24,0xFF6C,0xFE94,0xD890,0x808E,0x60CE,0x58B0,0x50D0,0x48CF,0x58D1,0x90B4,0x90B3,0x58B0,
  0x308C,0x308C,0x408E,0x388D,0x306B,0x286B,0x306B,0x386C,0x386D,0x486F,0xB839,0xF8BF,0xF97F,0xF8BF,0xF05E,0xF87E,
  0xF93F,0xF97F,0xF07D,0xC819,0xC819,0xD019,0xB017,0x9034,0x7011,0x580F,0x582F,0x502F,0x502E,0x484D,0x404C,0x382B,
  0x188C,0x208D,0x20AE,0x20AE,0x20AD,0x208C,0x208C,0x38AE,0x38AE,0x30AD,0x208B,0x208A,0x208A,0x308C,0x50D0,0x50D0,
  0x308E,0x288D,0x30B0,0x41FB,0x8ABD,0x2027,0x1828,0xC8BB,0x901A,0x7014,0x8837,0x480D,0x600D,0xD1B9,0xF87F,0xF81F,
  0xFCFF,0xFFFF,0xFDDF,0xF1BF,0xC81F,0x683E,0x491E,0x1ABF,0x09B9,0x0091,0x0114,0x013A,0x01FC,0x1C7F,0x0113,0x3B57,
  0x3394,0x10EB,0x1809,0xC9D4,0xF5FD,0x81CE,0x2004,0x2086,0x1885,0x20A9,0x30EC,0x0002,0x20C8,0x0025,0x2085,0x4187,
  0x49E8,0x1066,0x18AA,0x30CC,0x5868,0x2001,0x0000,0x0000,0x0002,0x0867,0x08AA,0x08AA,0x08AA,0x08CB,0x08CC,0x08AC,
  0x192D,0x08A9,0x0888,0x0887,0x08C9,0x08ED,0x00F0,0x00CE,0x00AD,0x008A,0x006A,0x008B,0x008C,0x008B,0x0049,0x0049,
  0x004A,0x002A,0x0006,0x0048,0x0007,0x0004,0x0025,0x0046,0x0046,0x0067,0x0045,0x0046,0x0069,0x0089,0x0008,0x11EF,
  0x2BF6,0x0044,0x0000,0x0000,0x0150,0x00CB,0x0865,0x31F2,0x2991,0x0808,0x9135,0xE135,0xE934,0xFF7F,0xFF1F,0xFADA,
  0xE013,0x780B,0x806D,0xA191,0x1005,0x1805,0x1806,0x0826,0x1021,0x2866,0x38EC,0x614B,0x81CA,0x898E,0x680D,0x8089,
  0x88D5,0xA09C,0x5919,0x5139,0x595A,0x719E,0x81DE,0x819E,0xBA7F,0xFE5F,0xFFFF,0x9F3F,0x1D5D,0x0274,0x4174,0x90F1,
  0x3808,0x0023,0x0845,0x0047,0x30ED,0xA1BA,0x98D7,0xF4F9,0xF278,0xC013,0x504A,0x0000,0x2066,0x0807,0x20EB,0xA41D,
  0x9C5B,0x40E8,0x0062,0x0043,0x0003,0x0888,0x116D,0x08A7,0x0066,0x00AB,0x192D,0x4A2F,0x0004,0x10AA,0x10A9,0x0802,
  0x0023,0x0000,0x00AB,0x0179,0x2D3D,0x465F,0x021D,0x0114,0x004A,0x1068,0xC0DB,0x9019,0x9297,0xE21F,0x981E,0xA03E,
  0xB03E,0x3809,0x0000,0x0001,0x0824,0x0825,0x0847,0x1048,0x386F,0x000D,0x0179,0xA7DF,0xD7FF,0x3CDF,0x0037,0x082F,
  0x204B,0x0001,0x0849,0x0046,0x0000,0x0800,0x1841,0x58A6,0xDBE5,0x8145,0x6888,0x6886,0x5825,0xD84A,0xFB6F,0xFF5B,
  0xFAAD,0xF28E,0xFB30,0xE869,0x3042,0x0000,0x3805,0x9850,0xE059,0x680A,0xD153,0xFD3E,0xF8BC,0x908E,0x4008,0x2005,
  0x1022,0x0821,0x1023,0x1804,0x0802,0x2000,0x2023,0x0027,0x618A,0x6112,0x716E,0x7B09,0x2002,0x3023,0x800B,0xA96A,
  0xFE77,0xFB27,0xFB05,0xFCEA,0xFE27,0xFFB1,0xFBF4,0xB80F,0x80D1,0x78D3,0x68F3,0x50F1,0x60D2,0x88D4,0x80B3,0x50AF,
  0x308C,0x286C,0x308C,0x306C,0x286B,0x306B,0x386C,0x406D,0x406D,0x5070,0xC83B,0xF95F,0xF9DF,0xF89F,0xC83B,0xC019,
  0xD81A,0xD019,0xA816,0x8033,0x9835,0x9815,0x7832,0x6030,0x582F,0x582F,0x582F,0x6830,0x8013,0x9014,0x582F,0x382B,
  0x208C,0x208D,0x20AE,0x28AF,0x20AE,0x208C,0x288D,0x38AF,0x38AE,0x288C,0x208B,0x208B,0x208A,0x208B,0x288C,0x288D,
  0x288C,0x288D,0x288D,0x48F6,0x68F4,0x0805,0xC89B,0xB83D,0x5011,0x6050,0x600F,0xA854,0xFC7F,0xFA5F,0xF01E,0xFBBF,
  0xFFFF,0xFC7F,0xE81F,0xB05F,0x50BB,0x291D,0x12DF,0x01DC,0x0095,0x019B,0x027F,0x449F,0x569F,0x1C3E,0x00D6,0x1174,
  0x002B,0x0868,0x20EA,0x4067,0x6888,0xAA91,0xD314,0x2846,0x394C,0x208A,0x30ED,0x20A8,0x1065,0x1066,0x0844,0x1084,
  0x7AEA,0x82EC,0x202A,0x3046,0x0800,0x0000,0x0000,0x0044,0x08AA,0x08CC,0x10AA,0x08AA,0x08CA,0x08CB,0x08CA,0x0089,
  0x0088,0x0068,0x008A,0x006A,0x004B,0x008D,0x0091,0x0094,0x0094,0x00B5,0x00D7,0x00F9,0x00F9,0x00F7,0x00D5,0x00B4,
  0x00B2,0x008F,0x006D,0x0049,0x006A,0x006A,0x0026,0x0004,0x0003,0x0004,0x0025,0x0045,0x0045,0x0046,0x0068,0x0047,
  0x098C,0x00CB,0x0065,0x0000,0x0022,0x01B3,0x00AA,0x0025,0x214E,0x5254,0x30CE,0x7831,0x980D,0xFA59,0xFF1F,0xFEBF,
  0xFC1C,0xD853,0x780A,0xA911,0x60CB,0x1805,0x2006,0x0003,0x2043,0x48EB,0x20AB,0x308B,0x6929,0xA310,0x900D,0x5025,
  0x8918,0xDABB,0x68F9,0x593A,0x593B,0x695D,0x799F,0x89BF,0xC3FE,0xB59C,0x43DB,0x2236,0x406D,0x0800,0x2846,0x288B,
  0x18AC,0x18AD,0x0088,0x412C,0x8176,0x4873,0xBC58,0xFAFA,0xA00F,0x1846,0x0021,0x50C9,0x20CE,0x00AD,0x8B38,0x8B36,
  0x084A,0x01B0,0x098E,0x0066,0x094D,0x19F0,0x08E8,0x0044,0x08EC,0x00A9,0x190A,0x08A9,0x0044,0x10C8,0x0000,0x0000,
  0x0000,0x0000,0x0152,0x01DA,0x565E,0x0BBE,0x0136,0x00CF,0x008D,0x286D,0xD09D,0x7817,0xBAB8,0xC09D,0x981E,0xB01F,
  0x7832,0x0000,0x0000,0x0822,0x0824,0x0847,0x0868,0x1827,0x302F,0x000E,0x0116,0x13BD,0x13DC,0x137D,0x2856,0x082D,
  0x0000,0x0826,0x086B,0x0847,0x0802,0x1001,0x0000,0x4044,0xDBC5,0x99C5,0x8088,0x88C8,0x5865,0xB809,0xF1AB,0xFF7B,
  0xFB8E,0xF9AB,0xFB8F,0xF1AA,0x4001,0x1800,0x0800,0x3805,0xF81C,0xC815,0xA80E,0xFD3E,0xF97D,0xA02F,0x784E,0x3809,
  0x1864,0x2905,0x1000,0x3041,0x2041,0x2081,0x1886,0x084A,0x38E7,0x89F2,0x7912,0x93CB,0x5006,0x5005,0x3805,0x8808,
  0xF514,0xFCAE,0xF9A0,0xFE6E,0xFD8B,0xFFD3,0xFF38,0xE0F0,0x9891,0x78B2,0x60D1,0x40AF,0x40AF,0x48AF,0x488E,0x388D,
  0x308C,0x286C,0x288C,0x286C,0x286B,0x386D,0x486E,0x486E,0x486E,0x5050,0xA037,0xE83D,0xE03D,0xB019,0x7834,0x7813,
  0x7813,0x6831,0x5830,0x7032,0xA035,0xB036,0xA035,0x8814,0xA015,0xB817,0xC819,0xD83B,0xF0BE,0xF89F,0xB017,0x482E,
  0x208D,0x208E,0x28B0,0x28B0,0x20AE,0x20AD,0x288D,0x30AE,0x308D,0x206B,0x208B,0x208B,0x208B,0x208B,0x288C,0x288C,
  0x288C,0x288C,0x288D,0x5873,0x302A,0x9034,0xB019,0x2008,0x402A,0xA816,0xF89F,0xFD9F,0xF33F,0x9017,0xC1FA,0xFF9F,
  0xFAFF,0xE81F,0xA13F,0x415C,0x1119,0x0AFF,0x01FC,0x00F9,0x023D,0x1C3F,0xB71F,0x871F,0x031E,0x0077,0x1156,0x1177,
  0x218F,0x0866,0x18E9,0x1003,0xB20E,0xDC56,0x58A6,0x1824,0x416C,0x49AD,0x2048,0x1887,0x1046,0x0865,0x0802,0x2863,
  0x7944,0x5064,0x1002,0x0000,0x0000,0x0001,0x0867,0x08AA,0x08AA,0x00AA,0x00AA,0x00AB,0x08AA,0x108A,0x10AB,0x30EE,
  0x30EE,0x298E,0x21AF,0x2A30,0x2AD3,0x096F,0x2B9A,0x65BF,0x6DDF,0x65BF,0x659F,0x657F,0x5D1F,0x3C5F,0x131E,0x023E,
  0x017B,0x00B8,0x0034,0x0030,0x000C,0x004C,0x008C,0x0047,0x0004,0x0024,0x0003,0x0003,0x0002,0x0023,0x0024,0x0045,
  0x0004,0x0002,0x0066,0x0066,0x0000,0x0085,0x0971,0x08EC,0x0868,0x18A9,0x5210,0x81F5,0x584C,0x980C,0xFBBC,0xFF7F,
  0xFF5F,0xFDFE,0xE135,0x900C,0xA130,0x2824,0x2006,0x0001,0x1005,0x1028,0x2089,0x38ED,0x382A,0x92CF,0x7149,0x1003,
  0xB93A,0xF4B8,0x713B,0x615B,0x593B,0x613D,0x7A1D,0x9358,0x5A75,0x6158,0xB219,0xC9D5,0x7930,0x51B2,0x3171,0x18ED,
  0x28CE,0x18AB,0x508D,0x7134,0x30B3,0x92F6,0xEA56,0x780E,0x10F0,0x00AD,0x516E,0x3130,0x0111,0x216F,0x494B,0x000A,
  0x049B,0x0C5B,0x00ED,0x11F2,0x11AD,0x0024,0x0045,0x08CB,0x0887,0x0000,0x0866,0x0067,0x0043,0x0000,0x0000,0x0000,
  0x0000,0x0043,0x0932,0x0258,0x0277,0x00AE,0x00F0,0x00AD,0x0069,0x488D,0xD05D,0xB95B,0xC298,0xB01C,0x981F,0x983A,
  0x1001,0x0000,0x0000,0x0823,0x0826,0x1048,0x0068,0x3009,0x3051,0x0071,0x0007,0x18CB,0x2930,0x000D,0x88BA,0x384E,
  0x0001,0x106A,0x086A,0x0847,0x0845,0x0822,0x0000,0x2002,0xD3A6,0xBA87,0x9088,0x90E8,0x6065,0x9829,0xD068,0xFEB8,
  0xFC0E,0xFA0B,0xFAEE,0xF34C,0x6002,0x2001,0x1800,0x1001,0xC035,0xF85B,0xA00D,0xF41A,0xFB1E,0xA810,0x4848,0x80B0,
  0x1004,0x1023,0x20A4,0x0800,0x1841,0x0800,0x1065,0x208B,0x1847,0x79ED,0x9954,0xBC2F,0x3064,0x980B,0x2802,0x5806,
  0xDA70,0xFD74,0xF921,0xFD27,0xFD8E,0xFC89,0xFFFE,0xFBF4,0xB00F,0x70D0,0x50AF,0x40AE,0x38AD,0x40AD,0x408E,0x408E,
  0x308C,0x308C,0x308C,0x306C,0x286C,0x386D,0x406E,0x486F,0x506F,0x5850,0x7052,0x9035,0x8835,0x7032,0x7032,0x7032,
  0x7032,0x7832,0x8013,0x8014,0xB818,0xE01C,0xE83D,0xF05E,0xF89E,0xF8FF,0xF97F,0xFA1F,0xFADF,0xFA5F,0xE05B,0x600F,
  0x208D,0x288F,0x28B0,0x28B0,0x20AF,0x20AD,0x288E,0x38AF,0x308E,0x208C,0x208B,0x208B,0x208B,0x208B,0x288C,0x288C,
  0x288C,0x308C,0x388E,0x486F,0x502C,0x7050,0x400B,0xA835,0xF81F,0xF89F,0xFE3F,0xFB7F,0x7015,0x7897,0xECDF,0xC1BE,
  0xD81F,0x793F,0x21BD,0x00F7,0x035F,0x02BE,0x01DC,0x02DF,0x65DF,0xDFFF,0x769F,0x025F,0x3B7E,0x4BBC,0x3295,0x216B,
  0x0027,0x08CA,0x0866,0x2868,0x3805,0x4005,0x718E,0x816D,0x4066,0x2886,0x2046,0x1866,0x0043,0x1803,0x3824,0x8889,
  0x1802,0x0000,0x0000,0x0000,0x0000,0x0048,0x00AB,0x00A8,0x108A,0x28AD,0x48B1,0x60D2,0x70D2,0x484E,0x0827,0x48AD,
  0x490D,0x318D,0x196D,0x198E,0x19AF,0x00CC,0x09D5,0x33DD,0x555F,0x6E7F,0x7EBF,0x8F1F,0x9F9F,0xA7FF,0x97FF,0x8FBF,
  0x7EFF,0x661F,0x3C9E,0x1B3B,0x09FA,0x00B6,0x0011,0x002C,0x0026,0x0002,0x0002,0x0023,0x0023,0x0001,0x0001,0x0002,
  0x0023,0x0046,0x0003,0x0023,0x0022,0x0000,0x0087,0x090F,0x10ED,0x0889,0x0026,0x416C,0x9215,0x4889,0xC811,0xFC3C,
  0xFE3E,0xFFBF,0xFEDF,0xEA38,0xC0F1,0x70EB,0x2804,0x1802,0x2808,0x2029,0x1027,0x28AC,0x302B,0x696E,0x62C9,0x3006,
  0xF9F4,0xF573,0x795D,0x697B,0x617C,0x595A,0x5137,0x4079,0x923C,0xFCBE,0xCA79,0x71B6,0x49B5,0x28F1,0x086B,0x294A,
  0x2848,0x604F,0xDAFD,0x929B,0x5156,0x9A13,0x4091,0x1152,0x10CE,0x62D2,0x29B4,0x0132,0x00EE,0x0007,0x0150,0x257D,
  0x0C5B,0x01B3,0x09B3,0x00CB,0x0004,0x0888,0x08EB,0x0086,0x0000,0x0022,0x0066,0x0022,0x0000,0x0001,0x0022,0x0023,
  0x0002,0x0065,0x006C,0x0A54,0x01CF,0x004A,0x00CD,0x008D,0x0047,0x608F,0xB01D,0xDC1D,0xFABF,0xB81F,0xA85F,0x3828,
  0x0000,0x0000,0x0000,0x0824,0x1047,0x1069,0x0867,0x48CD,0x2050,0x0091,0x0007,0x49EC,0x49EE,0x0009,0x989B,0x4029,
  0x0025,0x108B,0x088A,0x0846,0x0824,0x0824,0x0800,0x0000,0xC385,0xC2A7,0x8068,0x9908,0x6065,0x9049,0xA805,0xFDB5,
  0xFD11,0xFB0C,0xF9CC,0xF3EE,0x6864,0x3802,0x1800,0x1800,0x4006,0xF83C,0x980E,0xCA52,0xFCDF,0xB811,0x2004,0x688D,
  0x404A,0x0804,0x2067,0x1044,0x1885,0x2107,0x2947,0x20AA,0x104A,0x5989,0x9991,0xDC32,0x3145,0x5808,0x902A,0x2002,
  0xB0AB,0xFDD7,0xF166,0xFAE4,0xFF71,0xF389,0xFE51,0xFF5D,0xD88F,0x8090,0x58CF,0x48AF,0x40AE,0x48AE,0x48AE,0x408E,
  0x388C,0x308C,0x308C,0x308C,0x308D,0x386E,0x406E,0x406E,0x486E,0x504F,0x6051,0x7052,0x8834,0x9036,0xA016,0xB017,
  0xC819,0xE03C,0xE83C,0xE01C,0xF87F,0xF97F,0xFA3F,0xFABF,0xFAFF,0xFB1F,0xFB3F,0xFB5F,0xFB9F,0xFA7F,0xE03B,0x6810,
  0x20AF,0x28B1,0x28D2,0x28B1,0x20AF,0x20AE,0x30B0,0x50B2,0x40B0,0x288C,0x288C,0x288C,0x288C,0x208B,0x288C,0x288C,
  0x308C,0x308D,0x408F,0x480D,0x8150,0xB897,0xF85F,0xF83F,0xF87F,0xFE3F,0xFBBF,0xB81B,0x200E,0xA93A,0x689A,0x503D,
  0x511F,0x121E,0x097A,0x0B7E,0x037F,0x035F,0x1D9F,0x267F,0xCFFF,0x4E1F,0x029D,0x00FC,0x3B1C,0x2216,0x000A,0x0006,
  0x1110,0x0866,0x0000,0x2066,0x1806,0x614C,0xD08D,0xE9EF,0xC16E,0x4825,0x1023,0x0801,0x3024,0x4846,0x2803,0x0801,
  0x0000,0x0000,0x0000,0x0804,0x282C,0x4071,0x6091,0x9076,0x7854,0x6071,0x486E,0x306C,0x184B,0x0849,0x0869,0x0048,
  0x0027,0x0027,0x0028,0x0029,0x004A,0x006A,0x004B,0x0050,0x00F9,0x01BD,0x01DE,0x01DD,0x021D,0x02BF,0x0B5F,0x243F,
  0x453F,0x5E5F,0x7F9F,0x97BF,0x6EFF,0x55FF,0x447E,0x11F6,0x004A,0x0002,0x0000,0x0000,0x0000,0x0001,0x0001,0x0002,
  0x0002,0x0003,0x0024,0x0001,0x0001,0x0000,0x0000,0x0024,0x0888,0x08AB,0x10AB,0x0027,0x208A,0x7931,0x9890,0xB010,
  0xF839,0xF37C,0xFEBF,0xFB5E,0xF8DA,0xE116,0x5847,0x3004,0x500C,0x304B,0x1848,0x206A,0x2048,0x1827,0x724A,0x5846,
  0xB1A9,0xF5D4,0x819D,0x71BC,0x611B,0x58DC,0x7A3E,0xBC7F,0xC57C,0x7B98,0x3974,0x20F0,0x3951,0x18AA,0x0001,0x3808,
  0xB976,0xF39E,0xAABC,0x38F4,0x81D3,0x40F2,0x08AA,0x1083,0x7311,0x3A35,0x00F0,0x00AE,0x0133,0x33FB,0x4E7F,0x1B9B,
  0x006F,0x0931,0x08CB,0x0045,0x08AA,0x08ED,0x0886,0x0000,0x0000,0x0064,0x0000,0x0000,0x0023,0x0023,0x0003,0x0023,
  0x0000,0x0887,0x00EE,0x09B0,0x0067,0x00CD,0x00AD,0x088C,0x0021,0x6810,0xC07F,0xF4FF,0xE07F,0xD03F,0x6870,0x0000,
  0x0001,0x0000,0x0000,0x0845,0x1048,0x1068,0x0868,0x2990,0x106C,0x0870,0x002A,0x30EB,0x208B,0x080C,0x6851,0x1022,
  0x0849,0x10AB,0x0889,0x0845,0x0044,0x0846,0x1021,0x0000,0x8A62,0xBA05,0x7887,0x9108,0x5885,0x8868,0xA806,0xF470,
  0xFE15,0xFB4B,0xFA4C,0xF2ED,0x60A6,0x4804,0x2001,0x2802,0x0800,0x9810,0xB813,0xA8AC,0xFE1F,0xB8D1,0x2804,0x2807,
  0x400A,0x2008,0x394C,0x396B,0x18A7,0x1046,0x0000,0x1066,0x208E,0x38CB,0x998E,0xD390,0x5A07,0x1805,0xA0AE,0x78E9,
  0x5002,0xFCD5,0xFACC,0xFA67,0xFF50,0xFEF5,0xFBE3,0xFFD9,0xF395,0xA00F,0x60F0,0x50AF,0x48AF,0x48AF,0x50AF,0x40AE,
  0x388D,0x308C,0x308C,0x388D,0x488F,0x6092,0x5090,0x406D,0x486E,0x504F,0x7853,0xC019,0xE01C,0xF05E,0xF89E,0xF8DF,
  0xF97F,0xFA1F,0xFA1F,0xF93F,0xFA1F,0xFBBF,0xFBDF,0xFBBF,0xFBBF,0xFB9F,0xFB5F,0xFB5F,0xFB9F,0xFA7F,0xE03C,0x6810,
  0x20B3,0x28B5,0x30D6,0x28D5,0x20B2,0x2090,0x38B1,0x58B4,0x48B1,0x288C,0x288C,0x308D,0x288C,0x208B,0x288C,0x308D,
  0x388D,0x40AE,0x400E,0xA2D5,0xFABD,0xF83E,0xF81F,0xF89F,0xFE7F,0xFC3F,0xE81F,0x3830,0x202D,0x4817,0x401C,0x391E,
  0x1A9E,0x133E,0x149E,0x047F,0x045F,0x6EBF,0x9FFF,0x6FFF,0x2DBF,0x02DE,0x019B,0x0077,0x11D9,0x008E,0x214D,0x5B54,
  0x10C7,0x0000,0x0001,0x1043,0x2868,0x7807,0xFC35,0xFEDE,0xD270,0x2801,0x2022,0x5046,0x3845,0x0821,0x0000,0x0801,
  0x1002,0x1003,0x1805,0x400B,0x502B,0x4828,0x3826,0x3807,0x2005,0x1804,0x1025,0x1026,0x1827,0x2029,0x204A,0x184A,
  0x1049,0x1069,0x086A,0x008B,0x008B,0x004A,0x0029,0x0029,0x004D,0x088F,0x0935,0x19FA,0x2A9C,0x2B1E,0x1ABE,0x021C,
  0x023A,0x01FA,0x027B,0x029B,0x025B,0x12D9,0x2B9A,0x1296,0x00CF,0x090D,0x314D,0x51CD,0x31C9,0x2125,0x0841,0x0000,
  0x0000,0x0001,0x0001,0x0003,0x0002,0x0001,0x0000,0x0000,0x0000,0x0022,0x0888,0x18CC,0x108A,0x1048,0x588E,0x80EF,
  0xD055,0xF019,0xF27C,0xFE9E,0xF29B,0xF819,0xD134,0x4827,0x600D,0x402A,0x40CC,0x1869,0x0824,0x0003,0x92CF,0x59AA,
  0x5885,0xFD90,0x9A7C,0x715D,0xA37D,0xB49D,0xA4DB,0x6B77,0x2151,0x10AC,0x210C,0x0847,0x0025,0x2049,0x9955,0xC93A,
  0xE19C,0x80D4,0x180F,0x106A,0x3108,0x0000,0x1082,0x62EF,0x29B0,0x00F0,0x00F0,0x01D7,0x459E,0x66BF,0x0A77,0x00AF,
  0x0151,0x00CB,0x0023,0x08CC,0x08EC,0x0865,0x0000,0x0000,0x0000,0x0022,0x0844,0x0023,0x0001,0x0003,0x0025,0x0045,
  0x0022,0x08A9,0x1170,0x116B,0x0068,0x00CE,0x08CD,0x0025,0x0000,0x9817,0xE25F,0xEBDE,0xE01F,0x9897,0x0020,0x0801,
  0x0803,0x0002,0x0000,0x0867,0x0846,0x0867,0x08AB,0x2171,0x106A,0x084E,0x084E,0x6951,0x308B,0x180C,0x400A,0x0803,
  0x086A,0x10CD,0x108A,0x0022,0x0045,0x0888,0x1023,0x1000,0x0800,0x60A4,0x90E8,0x90E8,0x5885,0x7868,0x9006,0xE32C,
  0xFF39,0xFB2B,0xFBCF,0xEA0A,0x5844,0x5006,0x2802,0x1801,0x2001,0x2002,0xC834,0xA80D,0xFD9E,0xCB13,0x2001,0x3007,
  0x50AB,0x606F,0x180A,0x2069,0x2889,0x2008,0x1004,0x0000,0x308E,0x286E,0x910E,0xEBB1,0x6267,0x2005,0x402A,0xC18F,
  0x5802,0xBAEE,0xFC12,0xF9E7,0xFF10,0xFF96,0xFE91,0xFE0B,0xFEDC,0xC86F,0x68AF,0x50AF,0x58B0,0x98B4,0xB0B4,0x70B1,
  0x388E,0x308C,0x308D,0x388E,0x5891,0x78B4,0x6091,0x408E,0x506F,0x6050,0xC039,0xF8FF,0xF9DF,0xFA5F,0xFADF,0xFB3F,
  0xFB5F,0xFB7F,0xFB5F,0xFA5F,0xFA9F,0xFBBF,0xFBBF,0xFB9F,0xFB9F,0xFB3E,0xFADF,0xFAFF,0xFB7F,0xFA9F,0xE05C,0x6810,
  0x11BC,0x221E,0x215C,0x291C,0x20D7,0x20B1,0x40B2,0x60B5,0x50B2,0x288D,0x288C,0x288C,0x208C,0x208B,0x288C,0x388D,
  0x488E,0x504F,0x8112,0xF43D,0xE01C,0xE85D,0xF05E,0xECBD,0xC3F9,0xE81F,0x8838,0x108A,0x793C,0x401F,0x28FE,0x2B5D,
  0x135E,0x0C3E,0x069F,0x3E1F,0xAF9F,0x5FBF,0x6FDF,0x365F,0x015A,0x019C,0x015A,0x3ADA,0x4336,0x10EB,0x4290,0x214C,
  0x0003,0x0024,0x0044,0x0002,0x3888,0xB04B,0xE3F4,0xA12A,0x7005,0xA829,0x9049,0x1822,0x0000,0x0000,0x0000,0x0000,
  0x0801,0x0001,0x0000,0x0000,0x0000,0x0000,0x0000,0x0000,0x0000,0x0000,0x0000,0x0000,0x0000,0x0000,0x0000,0x0801,
  0x0001,0x0002,0x0003,0x0026,0x0049,0x10CB,0x196D,0x2A31,0x32F6,0x335A,0x2B3C,0x2B9E,0x1BDF,0x0BDF,0x0CBE,0x027B,
  0x01B8,0x0176,0x0114,0x00F3,0x00F1,0x00F1,0x0090,0x00D0,0x088D,0x08AD,0x0848,0x20AD,0x29B5,0x3272,0x5A51,0x614E,
  0x58CB,0x3087,0x1023,0x0001,0x0001,0x0001,0x0000,0x0000,0x0000,0x0000,0x0000,0x0043,0x1088,0x1889,0x0847,0x1827,
  0x710F,0xC176,0xE036,0xFBDD,0xFFFF,0xF4BB,0xF858,0xD136,0x68CE,0x3009,0x1826,0x2069,0x0804,0x0002,0x7A2F,0x82F0,
  0x1801,0xE2C7,0xDD9B,0xBD1D,0x947A,0x6339,0x4254,0x212C,0x0886,0x0001,0x0866,0x0025,0x58EE,0xB957,0x8912,0x7931,
  0x2806,0x0001,0x006A,0x00D2,0x006E,0x2129,0x6B74,0x1172,0x0110,0x00B0,0x0A36,0x46DF,0x1D5F,0x01B8,0x00D0,0x0152,
  0x00AA,0x0023,0x08CB,0x0888,0x0022,0x0000,0x0044,0x0887,0x08A8,0x10A9,0x1089,0x0865,0x30A6,0x1089,0x10A8,0x0043,
  0x0021,0x08EB,0x116F,0x0087,0x08AD,0x08EE,0x0024,0x0000,0x0822,0xB81A,0xF47F,0xE99F,0xC01B,0x1023,0x0001,0x0803,
  0x0803,0x0001,0x0001,0x1068,0x0845,0x0868,0x192F,0x2992,0x0869,0x004B,0x28B1,0x6950,0x6071,0x7873,0xC2D9,0x400B,
  0x0869,0x18CE,0x1089,0x0002,0x0867,0x0889,0x1045,0x1000,0x0000,0x0820,0x90E7,0xA909,0x60A5,0x6847,0x8007,0xC106,
  0xFEB7,0xF38C,0xFC51,0xE26B,0x5803,0x5006,0x2803,0x1001,0x2803,0x1000,0x702A,0xB810,0xE3D9,0xD4D5,0x2801,0x3006,
  0x694E,0x504D,0x280E,0x202D,0x60F1,0x482F,0x380D,0x0802,0x2027,0x4051,0x684F,0xFBB1,0x72E8,0x2804,0x2808,0x894D,
  0xC8CA,0x88A5,0xF4D4,0xF905,0xFE0E,0xFFB3,0xFD94,0xFC29,0xFFF5,0xF2B4,0x900F,0x58D0,0x80D3,0xE938,0xF959,0xA8B5,
  0x408E,0x308C,0x308D,0x308D,0x488F,0x6091,0x5090,0x408E,0x506F,0x6852,0xD85C,0xFA7F,0xF3BF,0xFB7F,0xFB7F,0xFB7E,
  0xFB7E,0xFB9F,0xFB3F,0xF97F,0xF95F,0xFA5F,0xFA9F,0xFA7F,0xFA3F,0xF97E,0xF8FF,0xF9FF,0xFB3F,0xFA9F,0xE85C,0x7011,
  0x34DE,0x5E3F,0x4D3F,0x3C1F,0x19FD,0x20D5,0x40B5,0x68D6,0x58B3,0x308E,0x288C,0x288C,0x208B,0x206B,0x308C,0x386D,
  0x686F,0xA813,0xEC3B,0xF17D,0xE81D,0xE01D,0xF51F,0xDC18,0x7811,0xC05E,0x3832,0x4897,0x585F,0x31BE,0x1B7E,0x135E,
  0x037E,0x1EBE,0x877E,0xB7DF,0x4F9E,0x4FDE,0x3E5E,0x01DB,0x017B,0x019B,0x5BDB,0x4B35,0x3110,0x0806,0x0000,0x10C9,
  0x0067,0x0048,0x0846,0x0024,0x2066,0x4046,0x5803,0xB009,0xC02A,0xA829,0x4003,0x0000,0x0000,0x0000,0x0000,0x0000,
  0x0000,0x0000,0x0000,0x0000,0x0000,0x0000,0x0000,0x0000,0x0000,0x0000,0x0000,0x0000,0x0000,0x0000,0x0000,0x0000,
  0x0000,0x08A1,0x21E8,0x42CE,0x7C76,0x7CDC,0x7D1E,0x7D1F,0x5CBF,0x4C7F,0x33FF,0x23BF,0x455F,0x2DFE,0x26BF,0x0DBE,
  0x0CDE,0x039E,0x033D,0x025A,0x0154,0x00CE,0x10EC,0x1970,0x090F,0x08EC,0x0088,0x0000,0x0047,0x008F,0x18AE,0x38CE,
  0x5870,0x7891,0x7910,0x70CE,0x508A,0x2825,0x0801,0x0000,0x0000,0x0000,0x0000,0x0000,0x0000,0x0023,0x1067,0x1067,
  0x0825,0x2889,0x8992,0xC8B8,0xF21B,0xFE1F,0xF5FD,0xF1D9,0xE1D9,0x608E,0x2008,0x2029,0x1826,0x0003,0x28C9,0x2066,
  0x3186,0x93D3,0x7C39,0x52D8,0x5B57,0x5B30,0x0886,0x0005,0x1008,0x308C,0x0027,0x690F,0x9953,0x1825,0x0048,0x106F,
  0x08D1,0x21B7,0x327B,0x2176,0x394E,0x73B6,0x1192,0x006B,0x00CD,0x1BD8,0x56FF,0x2CDE,0x0199,0x0112,0x0155,0x00ED,
  0x0043,0x08C9,0x0044,0x0000,0x0000,0x0066,0x00AA,0x08CB,0x48EE,0x30ED,0x112E,0x210B,0x5108,0x0845,0x10A7,0x0887,
  0x0044,0x112F,0x10EC,0x0047,0x090F,0x0044,0x0000,0x0000,0x1805,0xC91C,0xF4BF,0xE03E,0x3828,0x0000,0x0803,0x0803,
  0x0002,0x0000,0x0001,0x1088,0x0867,0x08AD,0x2971,0x2150,0x0868,0x0848,0x0870,0x180B,0x2829,0x7931,0xF47E,0x500D,
  0x1047,0x188D,0x0848,0x0023,0x0867,0x08A9,0x1066,0x1001,0x0801,0x0000,0x3862,0xB929,0x60A5,0x6047,0x7848,0xA046,
  0xFCF1,0xF44F,0xFBEF,0xE38E,0x5002,0x4006,0x2804,0x0800,0x3004,0x3003,0x2001,0x880A,0xD256,0xD516,0x3802,0x2825,
  0x2006,0x404B,0x5831,0x180B,0x502E,0x8813,0x7814,0x480C,0x1002,0x482E,0x6011,0xF392,0x7B29,0x4005,0x3808,0x3868,
  0xE230,0xD807,0xD38E,0xF987,0xF46C,0xFFD4,0xFED8,0xF14C,0xF68B,0xFDF7,0xC011,0x68D1,0x90D4,0xF179,0xF979,0xB095,
  0x408E,0x308C,0x308C,0x308D,0x408E,0x58B1,0x5090,0x486E,0x5870,0x6852,0xD85B,0xFA9F,0xF3DE,0xFB5F,0xFB5E,0xF37E,
  0xF3BE,0xFBBF,0xFA5F,0xE83D,0xE01C,0xF0BE,0xF1DF,0xFA3F,0xF1DE,0xF95F,0xF0BF,0xF19E,0xF31F,0xFABF,0xE87C,0x7011,
  0x769E,0xBFDE,0xBFBE,0x9F3E,0x341F,0x191A,0x40B8,0x70B8,0x58B4,0x308E,0x288C,0x288C,0x286B,0x288B,0x308C,0x408D,
  0x7810,0xDA56,0xF39D,0xF01D,0xF01D,0xEB9E,0xF6DE,0xA0D2,0xC039,0x801B,0x603C,0x685F,0x495E,0x2C1E,0x13BE,0x031E,
  0x365E,0x87BE,0xB7BE,0x3F9E,0x47BE,0x465E,0x021C,0x01DC,0x025C,0x004B,0x00EF,0x50F7,0x6914,0x0801,0x0023,0x0027,
  0x0048,0x0068,0x0047,0x0827,0x0024,0x2803,0xB84C,0x8807,0x6005,0x1801,0x0000,0x0000,0x0000,0x0000,0x0000,0x0000,
  0x0000,0x0000,0x0000,0x0001,0x0001,0x0001,0x0001,0x0001,0x0001,0x0001,0x0001,0x0001,0x0002,0x0000,0x0000,0x2986,
  0x4AEF,0x3B77,0x22DB,0x123A,0x1A5B,0x1A3A,0x1A1A,0x225B,0x225B,0x2ABA,0x22DA,0x357E,0x9FDE,0x97DF,0x8F9F,0x97BF,
  0x6E5E,0x02DD,0x54FE,0x44FE,0x13BC,0x0259,0x0175,0x00D0,0x00CD,0x08CC,0x08EC,0x0024,0x0000,0x0845,0x7973,0x60AE,
  0x584C,0xA931,0x780C,0x480C,0x506D,0x606F,0x586E,0x4049,0x2024,0x0801,0x0000,0x0042,0x1065,0x0021,0x0000,0x0023,
  0x1046,0x0805,0x0806,0x284D,0x5811,0xB816,0xFABD,0xFD9E,0xFB3A,0xE058,0x686F,0x204B,0x182A,0x0004,0x3147,0x5310,
  0x5B98,0x4AF8,0x52F8,0x6B75,0x394B,0x280A,0x5830,0x7071,0x686F,0x40A9,0x60CE,0x60B3,0x18D2,0x08B2,0x0895,0x313A,
  0x931B,0x5996,0x20AA,0x20C6,0x73D4,0x218F,0x0004,0x010A,0x3DDC,0x673F,0x135B,0x00F6,0x0134,0x11B6,0x2236,0x0865,
  0x0022,0x0000,0x0000,0x0000,0x08A8,0x08CD,0x192E,0x79B2,0x590E,0x49D2,0x10CA,0x0887,0x0089,0x08A9,0x08A9,0x0886,
  0x0044,0x1150,0x0046,0x0089,0x0043,0x0000,0x0001,0x0021,0x2808,0xE2BD,0xF25E,0x580D,0x0001,0x1004,0x0803,0x0824,
  0x0002,0x0000,0x0022,0x0866,0x10AB,0x10AE,0x2992,0x190E,0x0048,0x0826,0x1051,0x3871,0x386A,0x99D5,0xF43D,0x480D,
  0x1026,0x104B,0x1848,0x2089,0x0867,0x088A,0x18A7,0x1863,0x0803,0x1001,0x0000,0x80E5,0x9106,0x6047,0x8068,0x9047,
  0xF3EF,0xF430,0xFACD,0xDBEF,0x4802,0x3806,0x3006,0x1001,0x2805,0x4007,0x1001,0x2802,0xC953,0xDC76,0x4002,0x2824,
  0x1805,0x502D,0x482C,0x500F,0xB196,0xFCDE,0xC8B9,0x9815,0x3006,0x2025,0x5812,0xD2B4,0x8369,0x3805,0x582B,0x3008,
  0xAA4F,0xF9AD,0xB9A9,0xB8A3,0xFB2A,0xF753,0xF7D8,0xE2D3,0xE189,0xF7D5,0xEA57,0x8031,0x80F3,0xD0D6,0xE0B7,0x9092,
  0x408E,0x308C,0x308D,0x308D,0x50B1,0x70B5,0x6092,0x486E,0x5870,0x7053,0xD85C,0xFA5F,0xF3BE,0xF33E,0xF21E,0xF23E,
  0xF31E,0xF35E,0xF1FE,0xE03D,0xD01B,0xF0FE,0xF2DE,0xF35E,0xF2DE,0xF9FE,0xF0BE,0xF11E,0xF2FE,0xFABF,0xE87C,0x7811,
  0x767E,0xBF9E,0xC79E,0xBFBE,0x44DE,0x213B,0x48DA,0x70B9,0x60B5,0x308E,0x288C,0x288C,0x288B,0x288C,0x388D,0x486E,
  0x786F,0xE41A,0xF0BC,0xF01D,0xF31E,0xF75E,0xE9FA,0xA012,0x9018,0x603B,0x603C,0x509C,0x231D,0x031E,0x02FE,0x55BE,
  0xE7BE,0x6F5E,0x375E,0x6FBE,0x469E,0x025B,0x021C,0x023C,0x00B1,0x10CD,0x110E,0x1866,0x0002,0x0024,0x0048,0x0047,
  0x0048,0x0047,0x0047,0x0827,0x0001,0x2002,0x4804,0x0000,0x0000,0x0000,0x0000,0x0000,0x0000,0x0000,0x0000,0x0000,
  0x0000,0x0001,0x0002,0x0002,0x0002,0x0002,0x0003,0x0004,0x0003,0x0003,0x0024,0x0003,0x0000,0x0883,0x08C6,0x29AD,
  0x194A,0x10EA,0x114D,0x1990,0x1970,0x0993,0x0998,0x00F3,0x00CE,0x00AB,0x0175,0x045E,0x049D,0x041C,0x045B,0x0C1C,
  0x0ADA,0x0132,0x1171,0x2AF7,0x247A,0x457D,0x76FE,0x1C7C,0x0193,0x0130,0x00AC,0x008A,0x0006,0x0001,0x2024,0x8850,
  0xE217,0xF5DC,0xEB78,0xA890,0x4009,0x2029,0x288C,0x286C,0x306B,0x2027,0x2047,0x1044,0x1087,0x18CC,0x10AA,0x0865,
  0x0001,0x0001,0x0002,0x0824,0x18AC,0x186E,0x580E,0xB856,0xF41E,0xF3DC,0xE118,0x582E,0x30AD,0x6B33,0x749C,0x6C1E,
  0x7BBB,0x7296,0x4971,0x50ED,0x404A,0x486A,0x4048,0x1002,0x2063,0x6931,0x40BA,0x0879,0x00B8,0x0958,0x4A18,0x81D4,
  0x388D,0x0008,0x08A8,0x6BB4,0x10CA,0x0005,0x0A11,0x355D,0x4D7D,0x01FA,0x0158,0x09D7,0x11B1,0x194C,0x10A4,0x0000,
  0x0021,0x0001,0x0043,0x08CA,0x110E,0x08ED,0x416E,0x490A,0x10A9,0x10EA,0x08A8,0x10CA,0x10CA,0x08CA,0x08C9,0x0001,
  0x0886,0x08CA,0x0024,0x0042,0x0000,0x0001,0x0003,0x0005,0x484D,0xF2FE,0x7030,0x0001,0x1003,0x0804,0x0825,0x0824,
  0x0001,0x0002,0x0000,0x0845,0x10CE,0x10CF,0x31B3,0x10AD,0x088A,0x0826,0x2030,0x0808,0x2008,0xC27A,0xE3DB,0x400C,
  0x1007,0x184A,0x1025,0x18AA,0x0888,0x0889,0x1087,0x30E5,0x1825,0x1823,0x0000,0x1820,0x5083,0x6847,0x8889,0x8807,
  0xE36E,0xF3F1,0xF2CE,0xCAAA,0x4002,0x3005,0x3828,0x3065,0x1804,0x3828,0x2804,0x0000,0x886A,0xDB95,0x2821,0x2003,
  0x1003,0x300A,0x480C,0x580E,0xE27D,0xF7BE,0xF3FD,0xC018,0x702E,0x1001,0x400D,0xB1D7,0x83AA,0x1802,0x602C,0x400A,
  0x714C,0xF371,0xD32C,0x58A2,0xE185,0xF652,0xF7B6,0xEE5A,0xC80E,0xEC4E,0xF639,0x9811,0x68D1,0x98B4,0xA895,0x70B2,
  0x408E,0x308D,0x308E,0x308E,0x48B0,0x68B4,0x6071,0x486F,0x5870,0x7053,0xD05B,0xF25E,0xF3BE,0xF25E,0xE07D,0xE85D,
  0xF17E,0xF21E,0xF1DE,0xF0BD,0xE83D,0xF1DE,0xF35E,0xF2DE,0xF17E,0xE87E,0xE01D,0xF0DE,0xF2FE,0xF2DE,0xE89C,0x7812,
  0x661D,0x9F5E,0x9F3E,0x8F3E,0x343E,0x191B,0x48DB,0x70B9,0x5895,0x308E,0x286C,0x286C,0x288C,0x306C,0x408D,0x480D,
  0x9A94,0xF23A,0xE01A,0xEB5D,0xF79E,0xEA7A,0xDA18,0xB056,0x781A,0x603C,0x503A,0x18F6,0x029D,0x02DD,0x1C7E,0xC75D,
  0xBF5D,0xC79E,0x677E,0x5F3E,0x03DD,0x025C,0x01B8,0x00D3,0x0111,0x29F0,0x08AB,0x0024,0x0068,0x188B,0x0047,0x0047,
  0x0067,0x0046,0x0828,0x1003,0x0000,0x0000,0x0000,0x0000,0x0000,0x0000,0x0000,0x0000,0x0000,0x0000,0x0000,0x0002,
  0x0002,0x0002,0x0002,0x0002,0x0002,0x0003,0x0004,0x0025,0x0046,0x0046,0x0003,0x0884,0x3A4C,0x3294,0x0911,0x00B0,
  0x00F0,0x1110,0x08CA,0x0022,0x0001,0x0864,0x10C9,0x114D,0x010F,0x0174,0x01D8,0x0158,0x0178,0x01B8,0x0197,0x0198,
  0x0176,0x0153,0x00EF,0x0048,0x0005,0x09D3,0x4CDA,0x557B,0x1A73,0x2418,0x1BD9,0x0171,0x11D1,0x08AC,0x0004,0x1003,
  0x9910,0xE8D6,0xEA77,0xF3DA,0xE1F4,0x708E,0x286A,0x1869,0x1868,0x0846,0x0803,0x1024,0x0801,0x0022,0x088A,0x3191,
  0x3170,0x18CB,0x0825,0x0002,0x0000,0x0846,0x006D,0x100C,0x500F,0xAA99,0xF49C,0xB2B8,0x63D9,0x53DA,0x3A93,0x39EC,
  0x1886,0x0001,0x0801,0x0020,0x0001,0x0023,0x0005,0x48CB,0x99BA,0x211E,0x015B,0x1A5B,0x1AFC,0x8B7A,0x716F,0x106C,
  0x08B3,0x0913,0x6BF7,0x10C7,0x0066,0x3396,0x6E3E,0x23BD,0x019A,0x0954,0x096F,0x08A6,0x0020,0x0000,0x0001,0x0066,
  0x0046,0x0047,0x090E,0x19F2,0x42D1,0x10C9,0x110A,0x090B,0x10EB,0x08CA,0x08CA,0x08CA,0x08CA,0x08CB,0x0044,0x0000,
  0x08C7,0x0865,0x0000,0x0000,0x0000,0x0003,0x0869,0x0007,0x79D1,0xA1B5,0x1005,0x0802,0x0824,0x0825,0x0825,0x0824,
  0x0022,0x0803,0x0001,0x10AB,0x10CD,0x18F0,0x2992,0x088C,0x108A,0x0826,0x202E,0x0825,0x300C,0xCB1A,0xDB1B,0x400C,
  0x2029,0x0825,0x0848,0x108B,0x1088,0x1089,0x0867,0x1065,0x1868,0x2045,0x0821,0x0000,0x1001,0x7848,0x8889,0x8008,
  0xCB2C,0xF330,0xF20E,0xBA49,0x3802,0x3005,0x3008,0x616C,0x1843,0x2827,0x3807,0x1802,0x7825,0xD2F2,0x1862,0x1002,
  0x1003,0x2008,0x9876,0x7051,0xA817,0xF53E,0xF75E,0xD919,0xB014,0x3826,0x1804,0x9915,0x8B4D,0x0000,0x606B,0x684E,
  0x5009,0xE434,0xF511,0x8185,0x8800,0xF4D0,0xEF95,0xF79B,0xDA54,0xC00D,0xF5F3,0xBA13,0x6830,0x90D4,0xA0B5,0x7093,
  0x408F,0x308D,0x308D,0x308D,0x308E,0x4890,0x5871,0x506F,0x586F,0x6852,0xC85B,0xF25E,0xF39E,0xF19E,0xC01B,0xD01C,
  0xF09E,0xF0FE,0xF15E,0xF13D,0xF11D,0xF2BD,0xF33E,0xEA1E,0xE87E,0xE01D,0xD81C,0xE91D,0xF2FE,0xF2FE,0xE09C,0x7812,
  0x767D,0xBF7E,0xB75E,0x8F1D,0x23BD,0x18DB,0x48DA,0x6098,0x5093,0x308E,0x288C,0x286C,0x306C,0x386D,0x486E,0x58CF,
  0xD2D9,0xE818,0xE07A,0xEE9D,0xF2FA,0xE817,0x580D,0x9018,0x783C,0x685C,0x613A,0x01FA,0x02DE,0x035D,0x9EBD,0xCF9D,
  0x9F3D,0xB77E,0xCF7E,0x25BD,0x023A,0x0179,0x00D4,0x0112,0x00AF,0x002B,0x0028,0x008B,0x0068,0x1889,0x0847,0x0046,
  0x0066,0x184A,0x3808,0x0000,0x0000,0x0000,0x0000,0x0000,0x0000,0x0000,0x0000,0x0001,0x0001,0x0001,0x0003,0x0005,
  0x0004,0x0003,0x0002,0x0824,0x0847,0x0868,0x088B,0x08AB,0x0006,0x0024,0x3A4C,0x5BB6,0x2A38,0x1134,0x1975,0x21B6,
  0x1972,0x10EC,0x0888,0x0088,0x0089,0x0089,0x0088,0x0066,0x00CB,0x01D6,0x0218,0x12B9,0x0A17,0x0155,0x0175,0x0195,
  0x0196,0x0131,0x00A9,0x00ED,0x092F,0x00CD,0x00AF,0x00EF,0x0970,0x0A32,0x1250,0x0170,0x2B15,0x112E,0x108C,0x1046,
  0x0801,0x682A,0xC833,0xA830,0xA172,0x78F1,0x60EF,0x48CD,0x206A,0x1889,0x0844,0x0000,0x0002,0x0001,0x0000,0x0046,
  0x18ED,0x18EF,0x3951,0x51B2,0x310E,0x20AA,0x0027,0x006A,0x194F,0x41D5,0x7319,0x7398,0x4A30,0x0823,0x0000,0x0000,
  0x0043,0x0866,0x1865,0x2025,0x1027,0x0809,0x6973,0x823E,0x0A1D,0x247D,0x765E,0x771E,0x12D9,0x206D,0x1910,0x00B2,
  0x004F,0x5B32,0x20E6,0x1929,0x33BB,0x33DD,0x231B,0x0175,0x090A,0x0063,0x0000,0x0000,0x0001,0x0045,0x00CA,0x00CB,
  0x096E,0x11F2,0x2316,0x3BD7,0x3AB2,0x110E,0x110C,0x08CA,0x10EA,0x08C9,0x08A9,0x08CA,0x10EB,0x0043,0x0000,0x0000,
  0x0863,0x0000,0x0000,0x0000,0x0023,0x0869,0x088B,0x0025,0x50EB,0x286B,0x1006,0x0824,0x1068,0x0003,0x0845,0x0023,
  0x0822,0x0803,0x0022,0x10EE,0x10AD,0x18EF,0x212F,0x088C,0x108A,0x0827,0x1026,0x1008,0x380E,0xDBFB,0xCA79,0x400D,
  0x280B,0x0803,0x086A,0x088A,0x0847,0x0889,0x0867,0x0825,0x1069,0x2867,0x1043,0x0000,0x0000,0x4825,0x888A,0x7808,
  0xB20A,0xF411,0xF16E,0x9A0A,0x2001,0x3827,0x2807,0x592C,0x3908,0x1005,0x3048,0x3826,0x7823,0xA1AA,0x2864,0x0801,
  0x1002,0x1808,0x9956,0x98B5,0x9014,0xE99D,0xF77E,0xED7D,0xE87A,0x882F,0x3004,0x608B,0x92EE,0x0000,0x1022,0x602D,
  0x500A,0xC2B1,0xF6F9,0xD26A,0x7001,0xC1C6,0xF756,0xEF77,0xED18,0xB810,0xD9EF,0xE453,0x8810,0xB0D6,0xD0D8,0x9895,
  0x488F,0x308D,0x308C,0x286C,0x288C,0x4890,0x5871,0x5070,0x5870,0x6852,0xC85B,0xF27E,0xEB9D,0xE99D,0xC81C,0xD83D,
  0xF15E,0xE99E,0xEA1E,0xE9DD,0xE9FD,0xEB3D,0xEB9D,0xEA7E,0xE91E,0xE87D,0xE01C,0xE8BD,0xEADE,0xF2FE,0xE09C,0x8013,
  0x65FD,0xB77D,0xC77D,0x975D,0x2BDD,0x18DA,0x40B9,0x6898,0x5093,0x308E,0x288C,0x286C,0x306C,0x408D,0x482E,0x9253,
  0xE979,0xE017,0xECDC,0xEC9C,0xD014,0x880F,0xA837,0xA09D,0x501C,0x515B,0x29BA,0x02BD,0x02FD,0x455D,0xCF7D,0xD75D,
  0xBF5D,0xC75D,0x359D,0x449C,0x09DB,0x0159,0x0153,0x19D2,0x21F2,0x088C,0x0048,0x0068,0x0068,0x0067,0x0047,0x1029,
  0x282B,0x582E,0x1002,0x0000,0x0000,0x0000,0x0000,0x0000,0x0001,0x0001,0x0802,0x0002,0x0802,0x0805,0x0003,0x0003,
  0x0024,0x0847,0x106A,0x106B,0x106B,0x108B,0x086A,0x0005,0x2149,0x4B73,0x435A,0x2238,0x19F6,0x19F5,0x1971,0x10ED,
  0x0046,0x0066,0x0888,0x0089,0x08A9,0x0088,0x0047,0x0047,0x0003,0x0025,0x00CA,0x1A4E,0x0A14,0x0AB8,0x0217,0x0134,
  0x29F0,0x194B,0x00CD,0x0931,0x0930,0x090F,0x08CB,0x008A,0x0048,0x0027,0x0005,0x0066,0x006A,0x00AB,0x08AA,0x1089,
  0x0823,0x0000,0x4887,0xA112,0x580D,0x2009,0x306C,0x40AE,0x30AF,0x28CE,0x20CC,0x1066,0x0000,0x0001,0x0822,0x0000,
  0x0002,0x0048,0x088A,0x210F,0x18F3,0x5A79,0x5A17,0x3110,0x396F,0x28CF,0x50B5,0x6A15,0x218F,0x0171,0x0215,0x11B3,
  0x2130,0x188C,0x28AB,0x286B,0x0826,0x5152,0x41FD,0x343D,0x86BD,0x971D,0x3DFD,0x045C,0x019A,0x00D7,0x00B4,0x000E,
  0x4251,0x29AF,0x3273,0x4C3D,0x0A17,0x00EC,0x0066,0x0021,0x0000,0x0001,0x0024,0x0046,0x00CC,0x0171,0x00AA,0x118E,
  0x3BF6,0x2B78,0x5CD9,0x2A2F,0x1152,0x112E,0x0886,0x10EB,0x08A9,0x08A9,0x10EA,0x10C9,0x0043,0x0000,0x0000,0x0000,
  0x0000,0x0000,0x0000,0x0045,0x08AA,0x08A9,0x0045,0x0023,0x0848,0x1068,0x0826,0x18CC,0x0825,0x0845,0x0887,0x0863,
  0x0804,0x0002,0x0001,0x10CD,0x10AD,0x192F,0x18ED,0x08AC,0x108B,0x0846,0x0804,0x180A,0x480F,0xEC5C,0xA9B7,0x400E,
  0x2008,0x0002,0x086A,0x0869,0x394B,0x390B,0x38EA,0x40A6,0x2069,0x1006,0x1805,0x0801,0x0000,0x1000,0x7068,0x7808,
  0x90E7,0xEC70,0xE9AE,0x80C6,0x1800,0x4027,0x3009,0x406A,0x40A9,0x1004,0x2849,0x40AA,0xA105,0x4841,0x0802,0x1003,
  0x0000,0x2007,0x400D,0x380A,0x502D,0xB817,0xED3D,0xDDBB,0xE018,0xC836,0x700B,0x882D,0x81CB,0x2823,0x0000,0x3807,
  0x580C,0x990C,0xEE97,0xDBF0,0xC009,0xA003,0xE530,0xEF74,0xEEFA,0xC931,0xA010,0xD3D1,0xC173,0xD897,0xE97A,0xB8D7,
  0x50B0,0x308D,0x308D,0x308D,0x286C,0x408F,0x5070,0x5070,0x6070,0x6852,0xC03A,0xEA3D,0xEBDD,0xEA7D,0xE05D,0xE8BD,
  0xEA9D,0xEAFD,0xEADD,0xE9DD,0xE91D,0xEA3D,0xEABD,0xE9BD,0xE8BD,0xE89D,0xE83D,0xE8BD,0xEABD,0xEAFD,0xE0BC,0x8013,
  0x1B5C,0x453D,0x5DDD,0x4D7D,0x129C,0x20B7,0x48B8,0x7098,0x6094,0x388E,0x286C,0x306C,0x386C,0x484E,0x60AF,0xCAF7,
  0xE017,0xE2BA,0xEDDC,0xE855,0x802E,0x9813,0xB85C,0x483A,0x389C,0x1919,0x0178,0x031D,0x0BBD,0xAEFD,0x975D,0xBF5D,
  0xBF5D,0x251C,0x029B,0x01FB,0x01BB,0x0133,0x00CD,0x2253,0x3A73,0x18CA,0x0025,0x0047,0x0069,0x186C,0x402F,0x480C,
  0x2005,0x0000,0x0000,0x0000,0x0000,0x0000,0x0001,0x0001,0x0001,0x0802,0x0802,0x0001,0x0804,0x0803,0x0825,0x0848,
  0x106A,0x106B,0x106B,0x106B,0x106A,0x0028,0x0028,0x4291,0x4B56,0x08F0,0x004D,0x08CF,0x08CE,0x0025,0x0002,0x0005,
  0x316C,0x1088,0x0068,0x10CA,0x0889,0x0088,0x110A,0x08EC,0x19F0,0x19F2,0x092C,0x0044,0x0063,0x122D,0x1356,0x006A,
  0x190C,0x1151,0x0910,0x090E,0x090F,0x090E,0x00AB,0x0089,0x0089,0x0067,0x0066,0x0067,0x0045,0x0045,0x0067,0x0089,
  0x0046,0x0002,0x0001,0x2824,0x9932,0x606F,0x1008,0x104B,0x28CF,0x18AE,0x18AD,0x20CD,0x18AA,0x1068,0x0869,0x0869,
  0x0024,0x0021,0x0047,0x006A,0x006C,0x0870,0x3176,0x5B5B,0x4357,0x5C5A,0x54DC,0x149C,0x03BB,0x0B18,0x3274,0x1828,
  0x61EE,0x516C,0x080A,0x18AB,0x52B7,0x3B5D,0x65BD,0x96FD,0x453C,0x039D,0x025D,0x00FB,0x18B9,0x10B4,0x000B,0x39CD,
  0x5378,0x4379,0x32F4,0x00A8,0x0001,0x0000,0x0000,0x0001,0x0045,0x00AC,0x0111,0x0134,0x0258,0x19EF,0x3AF1,0x4396,
  0x2AF8,0x21F4,0x31EE,0x194F,0x1992,0x10C9,0x110C,0x1970,0x2170,0x192D,0x218E,0x0042,0x0000,0x0000,0x0000,0x0000,
  0x0843,0x0023,0x0887,0x10CA,0x0886,0x0844,0x0045,0x08CA,0x08AB,0x10A9,0x210C,0x108A,0x10A9,0x10CA,0x0867,0x0003,
  0x2045,0x0002,0x0001,0x10CD,0x10AD,0x190F,0x10AB,0x10AC,0x108B,0x0845,0x0803,0x180A,0x500F,0xEC5C,0x90D4,0x380C,
  0x1005,0x2009,0x0869,0x108B,0x41CD,0x710D,0x68EA,0x920B,0x586B,0x4909,0x6187,0x0003,0x1023,0x0800,0x3844,0x8049,
  0x7846,0xDC2E,0xEA6E,0x70C5,0x1800,0x3026,0x380A,0x304A,0x9A32,0x3047,0x286A,0x30AA,0xD209,0x50A2,0x0001,0x1003,
  0x0001,0x1003,0x400D,0x400C,0x3009,0x682E,0xE0D9,0xC274,0xE3FA,0xE099,0xA811,0xC074,0x3825,0x3807,0x1804,0x0801,
  0x600C,0x702B,0xE4B3,0xE512,0xD00A,0xB848,0xD1E7,0xEF55,0xEF58,0xE395,0x9810,0x99D1,0xDB35,0xD897,0xE959,0xB0D6,
  0x508F,0x388E,0x48B0,0x40AF,0x308D,0x4890,0x5091,0x506F,0x5870,0x6052,0xB839,0xE9DD,0xEB9D,0xEA7D,0xE89D,0xE87D,
  0xEA3D,0xEA3D,0xE99D,0xE91D,0xE85D,0xE95D,0xEA3D,0xE97D,0xE97D,0xEA1D,0xE9FD,0xEA7D,0xEB5D,0xEB1D,0xE0DC,0x8013,
  0x1B3C,0x3CBC,0x3CFC,0x349C,0x121B,0x20B7,0x48B7,0x6897,0x5893,0x386E,0x306C,0x306C,0x406D,0x580D,0x9A33,0xE157,
  0xE118,0xED5C,0xE0D3,0xB80F,0x7850,0xA839,0x3837,0x3839,0x313A,0x08B4,0x029B,0x033D,0x5D9C,0xA75D,0x973D,0xAF3D,
  0x1D3C,0x01F9,0x01BA,0x0198,0x0110,0x008B,0x00EF,0x004A,0x10ED,0x18ED,0x0029,0x106B,0x484F,0x500D,0x2005,0x0000,
  0x0000,0x0000,0x0000,0x0000,0x0000,0x0001,0x0002,0x0002,0x0803,0x0802,0x0802,0x1026,0x1027,0x104A,0x106B,0x104B,
  0x104B,0x104B,0x106B,0x106B,0x0009,0x10EC,0x5355,0x3254,0x008F,0x00AE,0x08EF,0x00D1,0x006A,0x1046,0x51AF,0x38EA,
  0x51AB,0x49CB,0x20A7,0x31F1,0x2B77,0x4C38,0x3AB2,0x0A76,0x357D,0x3BD9,0x19F7,0x2A7A,0x2A56,0x296E,0x1825,0x1044,
  0x0023,0x0002,0x0021,0x0041,0x0042,0x0002,0x0002,0x0024,0x0045,0x0023,0x0044,0x0066,0x0066,0x0044,0x0022,0x0843,
  0x0846,0x0845,0x0002,0x0000,0x1021,0x9171,0x80D2,0x402E,0x284D,0x414F,0x20EC,0x088A,0x10CC,0x192F,0x31F0,0x08AC,
  0x086A,0x0047,0x0024,0x0008,0x088F,0x1A54,0x34DA,0x6E3C,0x867D,0x765D,0x3CFC,0x1AD5,0x18E9,0x1825,0x51A9,0x28A8,
  0x18CA,0x0029,0x31AD,0x6C19,0x3C3D,0x665C,0x3DDD,0x037C,0x021B,0x0158,0x00B3,0x20AF,0x7930,0x0802,0x2966,0x6394,
  0x220E,0x10C4,0x0000,0x0000,0x0000,0x0000,0x0044,0x00CB,0x0173,0x01F8,0x0219,0x3CFC,0x4C57,0x2A13,0x3B1A,0x19F9,
  0x3A17,0x210C,0x10EE,0x1972,0x1991,0x1970,0x21B1,0x216D,0x18A7,0x1841,0x0000,0x0000,0x0000,0x0000,0x0000,0x0843,
  0x10CA,0x08C9,0x10CA,0x08C9,0x0885,0x00AB,0x08ED,0x21B0,0x110E,0x10EA,0x10A9,0x10EC,0x10EC,0x10CA,0x0045,0x28A4,
  0x2066,0x0024,0x0001,0x08AC,0x10CF,0x192E,0x088A,0x10AC,0x108A,0x0001,0x0802,0x100A,0x586F,0xEC1C,0x7852,0x1807,
  0x1808,0x3012,0x004A,0x18CD,0x6B52,0x69EF,0x61AC,0x5168,0x492A,0x71A8,0x81E6,0x0847,0x1845,0x2802,0x0000,0x6047,
  0x8007,0xCBAD,0xEB2E,0x6044,0x2001,0x2003,0x3009,0x1004,0x810E,0x506B,0x2069,0x1848,0xB1C8,0x60E2,0x0000,0x0802,
  0x1004,0x0802,0x2006,0x400B,0x3009,0x504B,0xC014,0xE3BA,0xE3D9,0xE078,0xD016,0xD8B7,0x608A,0x1804,0x400A,0x0000,
  0x4028,0x600B,0xBACF,0xEDB4,0xD88B,0xC06B,0xA023,0xED2F,0xE757,0xE5B8,0xB04F,0x70B2,0xBA94,0xE957,0xE0F8,0xA0B4,
  0x488E,0x388E,0x48B0,0x388F,0x388E,0x58B2,0x6092,0x486F,0x486F,0x5851,0xB038,0xE99D,0xE31D,0xE1BC,0xE03C,0xE0BC,
  0xE1BC,0xE17C,0xE15D,0xE1BD,0xE17D,0xE27D,0xEB5D,0xE31D,0xE33D,0xE37D,0xE37D,0xE37C,0xE37D,0xEB1D,0xE0FC,0x8814,
  0x6DFC,0x9EFC,0x9EDC,0x7E9C,0x2B7C,0x20FA,0x48B8,0x6096,0x5893,0x386E,0x306C,0x386C,0x484D,0x706F,0xCA97,0xE016,
  0xDB39,0xE237,0xC80D,0xA912,0x8013,0x5037,0x3058,0x38B9,0x0895,0x0158,0x035D,0x247C,0x9F1C,0x971C,0xB71C,0x1CFC,
  0x0219,0x0178,0x0156,0x00D1,0x0069,0x00CE,0x008C,0x0089,0x0089,0x104B,0x484F,0x582C,0x2825,0x0000,0x0000,0x0000,
  0x0000,0x0000,0x0000,0x0001,0x0002,0x0002,0x0002,0x0803,0x0803,0x0001,0x1028,0x184D,0x104B,0x104C,0x104B,0x104B,
  0x104A,0x184D,0x206F,0x000C,0x31D0,0x4B56,0x1132,0x006E,0x08CE,0x08CE,0x004B,0x1089,0x006C,0x4318,0x314F,0x28EA,
  0x0045,0x094C,0x09AE,0x0275,0x0AF6,0x192C,0x1046,0x10ED,0x1970,0x410B,0x48EA,0x38A7,0x3865,0x3844,0x2842,0x0000,
  0x0000,0x1023,0x682E,0x6093,0x1152,0x11F2,0x21F1,0x21D0,0x21B1,0x1991,0x10EC,0x08CB,0x08CA,0x08CB,0x10EB,0x110C,
  0x10CB,0x10AA,0x0866,0x1066,0x1046,0x2026,0x4028,0x500B,0x682F,0x80B2,0x5891,0x104A,0x088A,0x08AB,0x216E,0x08AB,
  0x0889,0x006B,0x086D,0x21D0,0x3C7A,0x76BD,0x9EFD,0x75BD,0x235A,0x01B4,0x3190,0x28A7,0x3168,0x28EB,0x20CD,0x2150,
  0x10AE,0x4A92,0x6C9D,0x0A3C,0x0B9C,0x03FB,0x0237,0x00CE,0x0067,0x0002,0x0001,0x1824,0x1005,0x0002,0x1908,0x0866,
  0x0003,0x0001,0x0000,0x0022,0x0067,0x010E,0x0132,0x09F5,0x1CDB,0x13DC,0x4E1C,0x351A,0x1195,0x11F8,0x2218,0x5276,
  0x392D,0x112F,0x21B2,0x21D2,0x112D,0x10A7,0x0023,0x1043,0x3860,0x1000,0x0000,0x0000,0x0000,0x0000,0x0000,0x10CA,
  0x10EB,0x10C9,0x0889,0x318C,0x196E,0x19D2,0x112C,0x4272,0x192E,0x1970,0x216F,0x10EC,0x10EC,0x08AA,0x1043,0x4125,
  0x0047,0x0844,0x0000,0x08AB,0x18F0,0x18ED,0x0889,0x18CD,0x1047,0x0000,0x0801,0x100A,0x68D1,0xE3FB,0x600F,0x0805,
  0x280E,0x6895,0x102C,0x31CD,0x4A32,0x5251,0x41EF,0x4A2D,0x632F,0x8B09,0x61A6,0x1069,0x2888,0x3003,0x0000,0x2022,
  0x8007,0xBACB,0xE3EE,0x4002,0x2002,0x1002,0x2006,0x0001,0x5068,0x706B,0x30A9,0x1028,0x91A8,0x8143,0x0000,0x0801,
  0x1026,0x1847,0x0803,0x2846,0x50AC,0x3008,0x700D,0xC012,0xDC39,0xE51B,0xD817,0xD897,0xA112,0x1804,0x482B,0x584A,
  0x0801,0x580A,0x912C,0xE5D4,0xD96D,0xC80B,0x90E8,0xE329,0xE671,0xE71B,0xC9B1,0x7871,0x9133,0xD116,0xC8D6,0x88D3,
  0x408E,0x308C,0x308D,0x308D,0x388E,0x5091,0x5891,0x486F,0x486F,0x5850,0xB038,0xE1DD,0xE33C,0xE23C,0xE17C,0xE27C,
  0xE2FC,0xE2DC,0xE31C,0xE2FC,0xE1FC,0xE29C,0xE2FC,0xE2DC,0xE39C,0xE3BC,0xE37C,0xE37C,0xE37C,0xE33C,0xE13C,0x8814,
  0x9EDC,0xCF1C,0xCF1C,0xAF1C,0x3C3C,0x291B,0x48D9,0x6096,0x5072,0x386E,0x386C,0x406D,0x580D,0x99F3,0xE196,0xD853,
  0xE419,0xC150,0x882A,0xA892,0x5816,0x3858,0x38B9,0x0895,0x00F7,0x027B,0x041C,0x7E7C,0xAF1C,0xA6FC,0x1CDC,0x023A,
  0x0117,0x0136,0x1133,0x0868,0x00AC,0x00AC,0x0088,0x086A,0x384E,0x502D,0x2805,0x0000,0x0000,0x0001,0x0000,0x0000,
  0x0000,0x0000,0x0002,0x0002,0x0003,0x0002,0x0803,0x0804,0x0802,0x1028,0x182D,0x182B,0x184B,0x184B,0x184B,0x182B,
  0x204F,0x2851,0x080C,0x4A71,0x5318,0x08B2,0x08B0,0x10CF,0x088C,0x0029,0x4A90,0x3A74,0x1A39,0x1A79,0x01D3,0x0295,
  0x0AD6,0x0A53,0x014D,0x0086,0x0885,0x0022,0x0001,0x0801,0x2001,0x5041,0x6821,0x7821,0x8842,0x8083,0x3042,0x0000,
  0x0802,0x1049,0x2005,0x702D,0x8855,0x817A,0x49D8,0x39F6,0x4A77,0x4237,0x3194,0x3130,0x294E,0x190C,0x10A9,0x0887,
  0x0888,0x1089,0x1089,0x0888,0x1089,0x1069,0x0846,0x0022,0x0001,0x0002,0x1004,0x2048,0x206C,0x108E,0x08B0,0x08D0,
  0x006E,0x29D2,0x4399,0x5D7C,0x8E5C,0x8DBC,0x2BBC,0x0153,0x0049,0x1086,0x3088,0x30EB,0x290E,0x4191,0x292D,0x18AA,
  0x52B0,0x4B76,0x00F0,0x00AE,0x00AD,0x002A,0x0008,0x0026,0x0047,0x0029,0x1829,0x90F3,0x306B,0x0047,0x0026,0x0046,
  0x0003,0x0001,0x08A8,0x094E,0x0971,0x00EF,0x0A35,0x14DB,0x0CFC,0x567C,0x1CDB,0x0113,0x11B6,0x1A17,0x4A33,0x514D,
  0x21B3,0x21F3,0x194B,0x18E6,0x0022,0x0003,0x2086,0x48E3,0x1020,0x0000,0x0000,0x0000,0x0001,0x0000,0x10E7,0x192E,
  0x08C9,0x0089,0x29D0,0x4251,0x0111,0x090C,0x08CA,0x00CE,0x1152,0x3233,0x190D,0x110D,0x10CC,0x294D,0x10A6,0x0047,
  0x0867,0x0043,0x0000,0x088A,0x1910,0x10CC,0x10AA,0x18AB,0x0001,0x0000,0x0000,0x1009,0x7932,0xD339,0x2807,0x0006,
  0x382F,0x90B3,0x1809,0x31CC,0x18EA,0x0007,0x18CB,0x18CB,0x10CB,0x4169,0x4146,0x10A8,0x308A,0x5006,0x0000,0x0800,
  0x4004,0xB9AA,0xCC4D,0x2800,0x2003,0x1802,0x1803,0x1004,0x3087,0xD1F1,0x794D,0x1028,0x716A,0x81A5,0x0000,0x0800,
  0x1025,0x1047,0x1027,0x2848,0x488C,0x4009,0x680C,0x680A,0xDC79,0xE71C,0xD999,0xD036,0xA993,0x4809,0x3009,0x98F3,
  0x2825,0x3005,0x882C,0xDD14,0xD24E,0xA809,0xB08B,0xD40F,0xE3E7,0xE71A,0xDBF5,0x880F,0x70D2,0x88B3,0x88D3,0x68B1,
  0x388D,0x308C,0x288C,0x288C,0x308D,0x408F,0x488F,0x408E,0x488F,0x5850,0xB038,0xE1FC,0xE3BC,0xE35C,0xE33C,0xE39C,
  0xE3DC,0xE3BC,0xE3DC,0xE2FC,0xE11C,0xE1DC,0xE29C,0xE2BC,0xE39C,0xE3DC,0xE39C,0xE37C,0xE39C,0xE33C,0xE11C,0x8814,
  0x867B,0xB6FC,0xBEFC,0xA6FC,0x3C1B,0x291B,0x48B9,0x6896,0x5872,0x406D,0x406D,0x506D,0x704F,0xC933,0xD811,0xDB37,
  0xDB16,0xC010,0xD876,0x9057,0x4037,0x40B9,0x1093,0x00F7,0x0138,0x033B,0x357C,0xCF1B,0x9EDC,0x1C9C,0x027B,0x00F5,
  0x0978,0x1954,0x18CC,0x08AA,0x00AB,0x006A,0x304F,0x500E,0x2806,0x0000,0x0001,0x0002,0x0001,0x0000,0x0000,0x0000,
  0x0001,0x0002,0x0002,0x0803,0x0804,0x0804,0x0804,0x0002,0x2047,0x204E,0x182C,0x202C,0x182B,0x180A,0x304E,0x3852,
  0x2812,0x102D,0x52F3,0x4278,0x0894,0x10F0,0x088C,0x0027,0x0848,0x3A51,0x5376,0x43DB,0x3B99,0x2296,0x09B1,0x00AA,
  0x0025,0x0001,0x1843,0x0824,0x10E8,0x1043,0x1043,0x1843,0x4865,0x9204,0xDCC9,0xDC48,0xDCA8,0xD3C7,0x6883,0x3064,
  0x1024,0x0002,0x0020,0x0000,0x1001,0x5029,0x8872,0x7096,0x3895,0x10B3,0x10F2,0x20F2,0x1911,0x2152,0x1930,0x18EE,
  0x10EC,0x08A9,0x0888,0x0887,0x0886,0x0888,0x0889,0x0889,0x0046,0x0024,0x0001,0x0801,0x3805,0x4007,0x1805,0x18AA,
  0x4AD2,0x4C7B,0x657C,0x651A,0x237B,0x01D7,0x008C,0x0847,0x28EC,0x8135,0x9996,0x310F,0x1089,0x1044,0x0843,0x1083,
  0x2125,0x0001,0x0001,0x0845,0x004B,0x008E,0x0070,0x28B2,0x208D,0x28AB,0x1849,0x1849,0x1088,0x0867,0x0844,0x0002,
  0x0843,0x11AF,0x09D3,0x092E,0x00AB,0x11B0,0x0CBC,0x1D9C,0x66BC,0x0C9C,0x0174,0x19D4,0x11F7,0x2215,0x39AD,0x298E,
  0x192A,0x0043,0x0021,0x0845,0x0888,0x30E6,0x40E2,0x0800,0x0000,0x0000,0x0000,0x0001,0x0001,0x0021,0x216D,0x08AA,
  0x08A9,0x118F,0x42D4,0x09D4,0x12B5,0x218C,0x08EE,0x19B1,0x4AB4,0x194F,0x10ED,0x110C,0x190C,0x2109,0x10C9,0x10CA,
  0x0886,0x0043,0x0000,0x0889,0x110F,0x10AA,0x10AB,0x0023,0x0000,0x0000,0x0000,0x0805,0x70D1,0x88F0,0x0000,0x0828,
  0x4850,0x6030,0x0006,0x39CB,0x10A7,0x0005,0x18A8,0x0866,0x0847,0x1067,0x51C6,0x1087,0x288A,0x6029,0x1002,0x1001,
  0x1801,0xA148,0xB36C,0x2000,0x2024,0x2004,0x1002,0x0002,0x4109,0xA18A,0x800B,0x2049,0x48EA,0x7185,0x0000,0x0000,
  0x0824,0x1047,0x1026,0x2047,0x7951,0x582D,0x800F,0x4807,0xB954,0xE6DC,0xDC7A,0xD818,0x9890,0x684B,0x380A,0x68CF,
  0x90D0,0x0801,0x880A,0xD433,0xDB31,0xC00B,0xC80E,0xD371,0xE44B,0xDD31,0xE65A,0x986E,0x6891,0x88B3,0x98B4,0x78B2,
  0x408F,0x308D,0x308D,0x288D,0x288C,0x308D,0x408E,0x408E,0x506F,0x6051,0xB038,0xE1FC,0xDBBC,0xDB9C,0xDB9C,0xDB9B,
  0xDB9B,0xDBBB,0xDBBC,0xDABC,0xD95C,0xDA7C,0xDB7C,0xDB5C,0xDB5C,0xE33B,0xE2BC,0xE23B,0xE1DB,0xE15C,0xC05A,0x5832,
  0x5DFB,0xA6DB,0xB6DB,0x8EBB,0x33BB,0x28D8,0x50B7,0x7096,0x6072,0x486E,0x506E,0x682E,0xA132,0xD9B5,0xD895,0xD417,
  0xD070,0xD835,0xC858,0x5017,0x5079,0x2051,0x00B4,0x017A,0x01B9,0x041B,0xAEBB,0xBEBB,0x141B,0x023A,0x0115,0x0091,
  0x2153,0x10AA,0x0048,0x006B,0x204C,0x482F,0x3808,0x0801,0x0000,0x0003,0x0002,0x0000,0x0000,0x0000,0x0000,0x0001,
  0x0002,0x0003,0x0804,0x0825,0x0805,0x0805,0x0804,0x1025,0x284D,0x200C,0x202C,0x182B,0x304D,0x5071,0x3832,0x2812,
  0x2050,0x5AD4,0x39B7,0x0830,0x10AD,0x106E,0x102E,0x084B,0x4AF8,0x4B77,0x0009,0x006C,0x0008,0x0005,0x0004,0x0002,
  0x0864,0x10C8,0x59CF,0x18EB,0x11CD,0x1884,0x4949,0x50A6,0x6909,0xBAE6,0xDE8C,0xDE4D,0xDEEE,0xDD0A,0x80C3,0x61AB,
  0x69E8,0x4922,0x3062,0x38A3,0x0000,0x0000,0x0801,0x50A8,0x9912,0x88B6,0x38B3,0x08CF,0x08EE,0x1110,0x2151,0x2971,
  0x190F,0x10EE,0x10ED,0x08AA,0x0068,0x0887,0x0867,0x0867,0x0867,0x0867,0x0046,0x0045,0x0004,0x1004,0x5A4D,0x6376,
  0x19B7,0x1218,0x231A,0x01B6,0x00D1,0x108E,0x00B0,0x49D7,0x9097,0x8811,0x3068,0x0885,0x1907,0x298C,0x31F1,0x190A,
  0x0045,0x18CA,0x110D,0x10CE,0x3030,0x5012,0x7053,0x9913,0x4889,0x0846,0x18CC,0x088A,0x0866,0x0865,0x0003,0x10C5,
  0x2A0E,0x08C9,0x00AA,0x00CE,0x09F2,0x04FB,0x15BB,0x6EFB,0x259B,0x01B4,0x1192,0x09F7,0x1A16,0x31CE,0x0885,0x0863,
  0x0023,0x0886,0x08A9,0x18CA,0x4946,0x30A1,0x0000,0x0000,0x0000,0x0001,0x0023,0x0022,0x0000,0x1928,0x10EA,0x00A9,
  0x092E,0x32D5,0x11F5,0x0A33,0x1146,0x1909,0x19B3,0x52D4,0x31D0,0x08CE,0x10ED,0x190C,0x2108,0x0866,0x10AA,0x10C9,
  0x10A8,0x0043,0x0000,0x0889,0x110E,0x108B,0x0847,0x0000,0x0000,0x0000,0x0000,0x0002,0x7070,0x3847,0x0000,0x0849,
  0x5071,0x502F,0x0006,0x41ED,0x0866,0x18EA,0x18CA,0x0867,0x212B,0x20E9,0x4165,0x1068,0x308B,0x682A,0x3028,0x1022,
  0x3801,0x70E5,0x9269,0x1001,0x2003,0x1804,0x1023,0x0001,0x38E8,0x8267,0x5006,0x688B,0x28A8,0x6125,0x0000,0x0000,
  0x0001,0x1046,0x1046,0x1005,0x2005,0x2807,0x784F,0xA071,0x9810,0xDC7B,0xDEBB,0xD8FA,0xA010,0x684A,0x580D,0x382B,
  0xB936,0x3005,0x4005,0xDAF2,0xD3F2,0xC80C,0xD071,0xD950,0xDDF5,0xDAE9,0xDEDA,0xB1F1,0x7851,0xB0D5,0xD0D7,0xA0D5,
  0x50B0,0x308D,0x308D,0x288C,0x288C,0x308D,0x408E,0x406E,0x506F,0x6852,0xB038,0xD9FC,0xDB9B,0xDB9B,0xDB9B,0xDBBB,
  0xDBBB,0xDBBB,0xDBBB,0xDA9B,0xD91B,0xD95B,0xD9DB,0xD97B,0xD95B,0xC8FB,0xB89B,0xA87B,0x887B,0x70BC,0x4879,0x2050,
  0x763B,0xBEDB,0xCEDB,0x9EBB,0x2BBB,0x20D8,0x48B6,0x6875,0x6072,0x506F,0x586E,0x782F,0xBA35,0xD8B6,0xD378,0xCA14,
  0xC8D2,0xC8F6,0x7016,0x509A,0x3095,0x0032,0x023B,0x0A19,0x027B,0x5D7B,0xD6DB,0x241B,0x01B8,0x0135,0x006D,0x2913,
  0x18AC,0x0069,0x106D,0x4030,0x480A,0x1002,0x0000,0x0002,0x0023,0x0002,0x0000,0x0000,0x0000,0x0000,0x0003,0x0824,
  0x0824,0x0804,0x0825,0x1005,0x1005,0x0805,0x0804,0x40AF,0x280D,0x280D,0x202C,0x382F,0x5033,0x4854,0x3012,0x3091,
  0x6B37,0x2934,0x080D,0x188F,0x20B7,0x2879,0x1830,0x1047,0x08AE,0x006E,0x004A,0x002B,0x006E,0x002A,0x002C,0x000A,
  0x0028,0x08AB,0x086A,0x0002,0x0001,0x1023,0x0803,0x0803,0x1824,0x80A4,0xC1A2,0xC202,0xC222,0xA182,0x3043,0x1843,
  0x38A4,0x40E4,0x0802,0x0000,0x1821,0x0800,0x0000,0x0000,0x0000,0x4047,0x8091,0x7054,0x18AF,0x08EE,0x10EE,0x10EE,
  0x10CD,0x18EE,0x18EF,0x3110,0x3970,0x10CB,0x10AB,0x0868,0x0046,0x0045,0x0068,0x002A,0x18ED,0x5B13,0x52F8,0x0936,
  0x09B7,0x225A,0x21B9,0x2152,0x31D3,0x4235,0x192F,0x1848,0x514A,0x39EA,0x29EC,0x29AF,0x2150,0x2970,0x2990,0x210E,
  0x210F,0x10EE,0x304E,0x782F,0xBA35,0xBA74,0x3024,0x1063,0x20EB,0x10CB,0x088A,0x0869,0x0888,0x0024,0x1906,0x3271,
  0x092F,0x00ED,0x0992,0x0993,0x0419,0x35FB,0x86DB,0x2DBB,0x02B8,0x1973,0x1215,0x08EA,0x18C5,0x0863,0x0866,0x18CA,
  0x18EB,0x08AA,0x28E9,0x5925,0x2061,0x0000,0x0000,0x0000,0x0022,0x0023,0x0001,0x0002,0x0843,0x216D,0x08AA,0x19B1,
  0x1A35,0x09F6,0x0A15,0x1B96,0x0029,0x194F,0x4295,0x4A31,0x10ED,0x10EE,0x212E,0x18C6,0x0864,0x10CA,0x10CA,0x10A9,
  0x10A8,0x0043,0x0000,0x0868,0x10CE,0x1089,0x0001,0x0000,0x0000,0x0000,0x0000,0x0001,0x600D,0x1003,0x0025,0x004A,
  0x4892,0x406F,0x0009,0x39EE,0x0846,0x210B,0x314F,0x292D,0x0848,0x20C8,0x59E8,0x1068,0x308C,0x704C,0x3029,0x1826,
  0x5002,0x3022,0x28A2,0x0801,0x1803,0x1004,0x0803,0x0001,0x2063,0x9248,0x0800,0x68A8,0x38C8,0x4904,0x0000,0x0000,
  0x0000,0x0823,0x1046,0x1868,0x1047,0x2026,0x506A,0x784D,0xA011,0xD939,0xD6DB,0xDBBA,0xA811,0x6049,0x706F,0x3008,
  0xA133,0xA0CF,0x1000,0xC1AE,0xCC31,0xB80B,0xD8F2,0xD0D2,0xD4D6,0xDCB0,0xDCF2,0xCC16,0x8810,0xA8D5,0xC0D7,0x98D5,
  0x50B0,0x308D,0x308C,0x288C,0x288C,0x388E,0x5090,0x486F,0x506F,0x6852,0xB058,0xDA1B,0xD3BB,0xDB7B,0xDB3B,0xDAFB,
  0xDABB,0xDA3B,0xD9BB,0xD0FB,0xB038,0xA019,0xA01B,0x887B,0x70DB,0x60FB,0x40FA,0x317B,0x29FB,0x1A9B,0x11DA,0x10B4,
  0x763A,0xB6BB,0xC6BB,0xA6BB,0x33BA,0x28D8,0x4896,0x6874,0x6072,0x506F,0x606E,0x9090,0xD1F6,0xD116,0xCBD8,0xD077,
  0xD018,0xA817,0x4058,0x58F9,0x0053,0x0159,0x44FB,0x0ADA,0x139A,0xBEBB,0x3C9B,0x01D8,0x0114,0x00D0,0x10AC,0x3130,
  0x006A,0x286E,0x500E,0x2005,0x0000,0x0002,0x0023,0x0045,0x0002,0x0000,0x0000,0x0000,0x0000,0x0003,0x0004,0x0845,
  0x0824,0x0804,0x1007,0x1005,0x1005,0x0803,0x2009,0x300E,0x300E,0x282C,0x4830,0x5835,0x4812,0x4013,0x3892,0x6B36,
  0x2935,0x1812,0x4096,0x4897,0x3092,0x182D,0x100A,0x080D,0x080F,0x0811,0x0010,0x0873,0x08D7,0x0056,0x0055,0x0033,
  0x080D,0x0007,0x0004,0x0004,0x0803,0x0804,0x1005,0x1025,0x1825,0x2845,0x5086,0x58A6,0x58A5,0x4085,0x2865,0x2066,
  0x1046,0x0004,0x0023,0x0003,0x0822,0x0001,0x0001,0x0801,0x0000,0x0000,0x0000,0x3806,0x580D,0x406E,0x188C,0x28AE,
  0x490F,0x30AA,0x208A,0x38EE,0x416D,0x0867,0x0867,0x0068,0x0889,0x0047,0x0049,0x29B1,0x4AB7,0x2A39,0x2AF9,0x4C1B,
  0x545B,0x4276,0x39AF,0x194B,0x10C7,0x0002,0x0000,0x39EA,0x4A91,0x218F,0x08CD,0x214D,0x4A10,0x5252,0x2971,0x190E,
  0x18AE,0x580F,0xB9D4,0xDB77,0xDB37,0xB9D0,0x2024,0x10CA,0x10CB,0x10CA,0x088A,0x0888,0x0003,0x2125,0x3A71,0x0930,
  0x0971,0x11B2,0x19B2,0x02D7,0x357B,0x96BB,0x25DB,0x0399,0x21B2,0x218F,0x10E8,0x2108,0x10A8,0x18CA,0x210B,0x18EA,
  0x10CA,0x4989,0x5124,0x0820,0x0000,0x0000,0x0022,0x0023,0x10C6,0x0001,0x0044,0x0004,0x1908,0x110D,0x08ED,0x1A36,
  0x1256,0x0133,0x2C19,0x0A94,0x006A,0x1150,0x29F3,0x214D,0x10CD,0x212D,0x10A6,0x0024,0x1086,0x10CA,0x10CA,0x10A9,
  0x10C9,0x0023,0x0000,0x0846,0x188D,0x0022,0x0000,0x0000,0x0000,0x0000,0x0000,0x0802,0x4029,0x0026,0x0849,0x40EF,
  0xA8D8,0x5851,0x0048,0x39CD,0x0024,0x314D,0x314F,0x398F,0x0027,0x30E8,0x4166,0x1068,0x306C,0x704C,0x2828,0x3028,
  0x3803,0x0000,0x0000,0x0000,0x1003,0x1004,0x0823,0x0823,0x0801,0x8A07,0x2042,0x2043,0x792A,0x40C4,0x0000,0x0000,
  0x0000,0x0001,0x1046,0x1868,0x1869,0x28A8,0x89D1,0x2826,0x584A,0xB012,0xDBFB,0xD67A,0xD0B4,0x780C,0x68CD,0x3807,
  0x70AE,0xDA57,0x4004,0x7928,0xC3AF,0x9808,0xD951,0xD215,0xD211,0xD6B9,0xD40D,0xD515,0x9050,0x8894,0x9894,0x78B3,
  0x488F,0x308D,0x288C,0x288C,0x308D,0x50B0,0x7092,0x5870,0x4870,0x6071,0x9856,0xD11B,0xD9FB,0xD99B,0xD11A,0xC91A,
  0xB91A,0xA0FA,0x90DB,0x7879,0x5854,0x4896,0x413A,0x3A1A,0x32FB,0x2AFB,0x129A,0x135B,0x1BDB,0x141B,0x02DB,0x0916,
  0x2BDA,0x553A,0x6DFA,0x557B,0x1A79,0x28B5,0x5095,0x7074,0x6072,0x586F,0x702E,0xB132,0xD1D6,0xC8D4,0xCB79,0xD019,
  0xD039,0x6037,0x50B9,0x1895,0x00F7,0x133A,0x3BFA,0x023A,0x8E1A,0x4CDB,0x01F9,0x0134,0x00EF,0x00AD,0x212E,0x20EC,
  0x284C,0x3808,0x0001,0x0001,0x0003,0x0024,0x0045,0x0024,0x0000,0x0001,0x0001,0x0001,0x0003,0x0825,0x0804,0x0803,
  0x0804,0x1027,0x1006,0x1005,0x0804,0x1806,0x380E,0x380E,0x282C,0x5031,0x6035,0x5814,0x5815,0x5094,0x6AB6,0x48B8,
  0x5817,0x7076,0x5031,0x180B,0x2811,0x3836,0x3036,0x3017,0x3038,0x2078,0x10B9,0x08D9,0x007A,0x0039,0x18B9,0x1053,
  0x1009,0x0826,0x1027,0x1007,0x1006,0x1026,0x1026,0x1025,0x1825,0x2846,0x3867,0x3867,0x3066,0x2865,0x1845,0x1846,
  0x1046,0x0845,0x0824,0x0824,0x0024,0x0823,0x0822,0x0000,0x0000,0x0000,0x0001,0x0000,0x0000,0x2805,0x582B,0x2846,
  0x1046,0x0048,0x0047,0x0027,0x0006,0x0046,0x0046,0x0026,0x0004,0x10C7,0x3B14,0x3B79,0x3379,0x3417,0x2B52,0x1A0C,
  0x1108,0x0043,0x0000,0x0000,0x0002,0x0841,0x4A6D,0x29D0,0x00AD,0x008C,0x29AE,0x522E,0x41AE,0x2130,0x110E,0x106C,
  0x680F,0xD419,0xD499,0xC8F0,0x800A,0x1803,0x10A9,0x18EC,0x10A9,0x0888,0x0865,0x0000,0x1946,0x3272,0x0972,0x1191,
  0x19B1,0x192E,0x0234,0x2D5B,0x865A,0x153A,0x0419,0x1990,0x0843,0x2108,0x294C,0x18EB,0x18EA,0x18EA,0x08A9,0x18E9,
  0x6986,0x4902,0x0000,0x0000,0x0000,0x0001,0x0003,0x0045,0x0001,0x0045,0x0046,0x0844,0x218D,0x08CC,0x1990,0x1A56,
  0x0112,0x12D7,0x2C7A,0x00B0,0x008A,0x1992,0x2990,0x10ED,0x18EC,0x1084,0x0046,0x0026,0x1065,0x10A9,0x10A9,0x10A9,
  0x10CA,0x0023,0x0000,0x0826,0x1047,0x0000,0x0000,0x0000,0x0000,0x0001,0x0022,0x0001,0x0001,0x0827,0x104C,0x40AE,
  0xA0D6,0x400E,0x08A7,0x31AB,0x0866,0x18AB,0x312D,0x20EC,0x0007,0x3107,0x3926,0x1069,0x306A,0x784D,0x3049,0x3049,
  0x4826,0x0000,0x0000,0x0000,0x0802,0x1804,0x0823,0x1025,0x1003,0x89C8,0x3084,0x0001,0x7107,0x50C4,0x0001,0x0001,
  0x0000,0x0000,0x0824,0x1068,0x1889,0x0025,0x58EB,0x5068,0x1803,0x4007,0xB893,0xD65B,0xCB14,0x900E,0x78CF,0x4828,
  0x700C,0xD31A,0xA0AE,0x6885,0xCBAF,0x7026,0xC910,0xD356,0xD0B0,0xD5B6,0xD5B1,0xD44E,0xB153,0x9834,0x9895,0x7093,
  0x488F,0x308D,0x308D,0x308D,0x388E,0x60B2,0x80B4,0x5891,0x408F,0x4870,0x5872,0x8857,0x9899,0x8099,0x689A,0x697A,
  0x729A,0x62DA,0x5AFA,0x519A,0x4096,0x3918,0x2A9B,0x2BFA,0x349A,0x241A,0x0B7A,0x0BDA,0x143A,0x0C3A,0x02DB,0x0116,
  0x0938,0x1ABA,0x235A,0x1279,0x10F5,0x2892,0x5094,0x7074,0x7072,0x606F,0x800E,0xC2F5,0xC957,0xCB98,0xC979,0xD01A,
  0xA039,0x48D9,0x2075,0x00B6,0x12FA,0x5CDA,0x00D8,0x2AD8,0x54DA,0x01D8,0x0114,0x00EE,0x00AC,0x110E,0x190F,0x310C,
  0x1864,0x0000,0x0002,0x0024,0x0045,0x0045,0x0845,0x0000,0x0000,0x0001,0x0001,0x0003,0x0825,0x0803,0x0803,0x1005,
  0x1007,0x1807,0x1005,0x1806,0x1004,0x380D,0x380D,0x382C,0x6052,0x7016,0x6014,0x5813,0x6072,0x8A96,0x50B2,0x500D,
  0x582C,0x3829,0x2009,0x5815,0x981A,0x8019,0x7019,0x689A,0x617A,0x5A3A,0x5B1A,0x6BDA,0x743A,0x4219,0x1813,0x200B,
  0x2007,0x2006,0x3007,0x3808,0x3808,0x3007,0x2806,0x2805,0x1003,0x0803,0x1003,0x1002,0x0801,0x0001,0x0001,0x0823,
  0x0844,0x0844,0x0824,0x0023,0x0001,0x0001,0x0021,0x0022,0x0022,0x0001,0x0001,0x0804,0x0803,0x0001,0x0000,0x0000,
  0x0001,0x0022,0x0023,0x0844,0x0866,0x0046,0x0066,0x0867,0x2A0D,0x4394,0x2AD0,0x1A6E,0x1169,0x0044,0x0000,0x0000,
  0x0001,0x0002,0x0045,0x0087,0x0025,0x298C,0x29D0,0x00CD,0x196F,0x31AF,0x5A0D,0x312A,0x08AC,0x08EE,0x004B,0x8AB4,
  0xCAD6,0x994F,0xA0AC,0x4827,0x1909,0x08A8,0x110C,0x08A8,0x0044,0x0021,0x0000,0x2167,0x3274,0x0952,0x1190,0x21AF,
  0x198F,0x0151,0x251A,0x7E5A,0x14FA,0x03F7,0x21CE,0x214D,0x110D,0x10CC,0x18EC,0x18C9,0x18C9,0x088A,0x3969,0x8A64,
  0x30A0,0x0000,0x0020,0x0022,0x0003,0x10C6,0x2969,0x0001,0x0045,0x0088,0x0002,0x10A6,0x112D,0x08EC,0x194C,0x19B1,
  0x0173,0x34FA,0x0A76,0x00AD,0x08CD,0x29D2,0x110E,0x110D,0x0022,0x0825,0x106A,0x0046,0x1066,0x1089,0x20E9,0x18EA,
  0x10CA,0x0844,0x0002,0x0022,0x0001,0x0000,0x0000,0x0001,0x0001,0x0001,0x0044,0x0000,0x0023,0x008C,0x4891,0x400E,
  0x5091,0x406E,0x08C8,0x296A,0x18A8,0x10AA,0x0028,0x0869,0x0026,0x28E6,0x3947,0x1069,0x306A,0x886E,0x3069,0x484A,
  0x3824,0x0000,0x0001,0x0000,0x0001,0x1004,0x0824,0x1825,0x1804,0x81A8,0x70C8,0x2044,0x4046,0x2022,0x0002,0x0002,
  0x0001,0x0000,0x0001,0x1066,0x1889,0x0847,0x408A,0x584A,0x2024,0x50C9,0x6808,0xCB96,0xCBD4,0x680A,0x8892,0x686C,
  0x700C,0xCA78,0xD2D7,0xA009,0xC32E,0x8087,0xA8CD,0xD375,0xC913,0xCB91,0xCE96,0xD3CC,0xCA72,0xB014,0xA0B5,0x70B3,
  0x488F,0x308D,0x308D,0x308D,0x308E,0x50B1,0x68B2,0x48AF,0x308E,0x388F,0x4891,0x58D5,0x5938,0x4939,0x49FA,0x5BDA,
  0x74FA,0x74DA,0x74DA,0x531A,0x38F8,0x2959,0x233A,0x247A,0x249A,0x13FA,0x02FA,0x0B3A,0x0BBA,0x03DA,0x029A,0x00F6,
  0x2339,0x5CFA,0x651A,0x3339,0x1936,0x2892,0x5094,0x7074,0x7072,0x7030,0xA0D1,0xCA57,0xC9F8,0xCD59,0xC839,0xC819,
  0x68D9,0x28D7,0x00B6,0x021A,0x75BA,0x43D9,0x0031,0x0A56,0x0219,0x0112,0x00EE,0x00AB,0x00CE,0x420F,0x0864,0x0001,
  0x0002,0x0003,0x0045,0x0846,0x0025,0x0866,0x0022,0x0000,0x0001,0x0001,0x0002,0x0825,0x0003,0x0804,0x1006,0x1807,
  0x1807,0x1806,0x1806,0x1004,0x382B,0x400F,0x380C,0x8095,0x7817,0x5811,0x5010,0x7812,0x706E,0x588A,0x600B,0x882F,
  0x9072,0x7011,0x9017,0xC0FA,0xC9D9,0xC2F9,0xBC3A,0xBD7A,0xC61A,0xCE7A,0xCE7A,0xCE5A,0xB4FA,0xAAF9,0xA1D7,0xB1F6,
  0xB1D5,0xB1F5,0xC255,0xC255,0xBA34,0xBA74,0xB172,0xA150,0x3805,0x3004,0x3806,0x2805,0x1002,0x0000,0x0000,0x0000,
  0x0000,0x0001,0x0023,0x0044,0x0045,0x0066,0x0866,0x0866,0x0004,0x0844,0x38A9,0x1005,0x0001,0x0000,0x0001,0x0001,
  0x0001,0x0000,0x0000,0x0000,0x0000,0x0001,0x0001,0x10A5,0x1926,0x0000,0x0085,0x00EA,0x0002,0x0000,0x0001,0x0024,
  0x0068,0x00A9,0x0089,0x0066,0x322E,0x1150,0x08ED,0x112F,0x4A50,0x41AD,0x088B,0x008A,0x08EB,0x194D,0x31AC,0x696E,
  0x714F,0x0805,0x1888,0x08E9,0x0886,0x0886,0x0044,0x0000,0x0000,0x0000,0x21A8,0x32B3,0x092E,0x218B,0x2A0F,0x19F3,
  0x0133,0x1437,0x667A,0x1499,0x02D4,0x114D,0x214E,0x110C,0x10CB,0x18EB,0x20EA,0x10A9,0x10A9,0x7267,0x9B24,0x2080,
  0x0000,0x0000,0x0022,0x0025,0x0005,0x216B,0x31A9,0x0025,0x0888,0x0045,0x0001,0x110B,0x110C,0x0886,0x08AA,0x0175,
  0x1BD8,0x453A,0x0174,0x0110,0x00CC,0x190E,0x090D,0x0022,0x0002,0x310A,0x1068,0x0047,0x1047,0x108A,0x2129,0x10C9,
  0x10CA,0x0866,0x0002,0x0000,0x0000,0x0000,0x0001,0x0002,0x0001,0x0022,0x0845,0x0002,0x0001,0x206E,0x6872,0x104C,
  0x60B3,0x382D,0x196A,0x31AA,0x0001,0x0844,0x0045,0x0866,0x0005,0x3946,0x3949,0x20CC,0x306B,0x904E,0x304A,0x584B,
  0x1802,0x0001,0x0802,0x0002,0x0000,0x1023,0x2046,0x1025,0x1003,0x81C9,0x70C7,0x4045,0x70CA,0x1802,0x0000,0x0002,
  0x0001,0x0000,0x0000,0x0002,0x1889,0x1069,0x28CB,0x692D,0x2004,0x50C9,0x4006,0x80E9,0xB9F1,0x4007,0x7030,0x8090,
  0x5809,0xC0D6,0xCCDA,0xC051,0xB9CD,0xB06B,0xA06C,0xCB34,0xC9D4,0xCA31,0xCE56,0xCDD5,0xCC10,0xA853,0x8092,0x60B1,
  0x408F,0x308D,0x288D,0x288D,0x28AD,0x38AF,0x48B0,0x38AF,0x30AE,0x40B0,0x68F4,0x7917,0x7179,0x519A,0x533A,0x753A,
  0x8DFA,0x859A,0x7D99,0x53DA,0x3158,0x2159,0x12FA,0x13BA,0x13DA,0x033A,0x0239,0x0279,0x033A,0x037A,0x027A,0x00F6,
  0x3C99,0x9659,0xA659,0x5CBA,0x21D8,0x2893,0x4893,0x6873,0x7072,0x8810,0xB9F4,0xC999,0xCCF9,0xC339,0xC819,0xA059,
  0x20D6,0x0076,0x01D9,0x4C79,0xA65A,0x0195,0x008E,0x0298,0x0112,0x00CE,0x0089,0x00AC,0x10EC,0x3146,0x0001,0x0044,
  0x0003,0x0045,0x0846,0x0044,0x0845,0x0844,0x0000,0x0001,0x0001,0x0001,0x0004,0x0002,0x0804,0x1007,0x1807,0x1806,
  0x1807,0x2007,0x1004,0x2828,0x480F,0x500F,0x7853,0x6011,0x500E,0x7012,0xA017,0xC83A,0xA014,0xB016,0xC899,0xC939,
  0xB018,0xB859,0xCBDA,0xCDD9,0xCE59,0xCE59,0xCE59,0xCE5A,0xCE39,0xB4B9,0x8B19,0x5159,0x5038,0x9137,0x8934,0x8912,
  0x78D0,0x68AE,0x60AC,0x68AC,0x98B0,0x90EF,0x586A,0x3866,0x1002,0x1002,0x1003,0x1003,0x0802,0x0001,0x0000,0x1022,
  0x0845,0x0887,0x0887,0x0887,0x08A8,0x08A8,0x0046,0x0006,0x18E8,0x0865,0x1824,0x0001,0x2107,0x2969,0x0004,0x0044,
  0x0023,0x0023,0x0002,0x0001,0x0000,0x0000,0x0000,0x0000,0x0000,0x1149,0x112A,0x0022,0x0023,0x0066,0x0889,0x090D,
  0x092D,0x00A9,0x0004,0x29EC,0x11D3,0x08EF,0x72D1,0x39CF,0x004A,0x088C,0x008E,0x296F,0xA315,0x49AD,0x196C,0x00AC,
  0x0004,0x0045,0x08C9,0x0044,0x0000,0x0000,0x0000,0x0021,0x0001,0x2987,0x326C,0x0885,0x216B,0x3AB4,0x1A14,0x08F1,
  0x0AF6,0x55FA,0x1356,0x0255,0x10ED,0x18ED,0x08CA,0x1088,0x20EA,0x290A,0x1068,0x3109,0x9266,0xA282,0x1841,0x0000,
  0x0000,0x0023,0x0046,0x10A8,0x10C9,0x0002,0x0025,0x0068,0x0066,0x0003,0x18E8,0x192C,0x0867,0x110C,0x0174,0x0238,
  0x559A,0x1B58,0x0132,0x00EF,0x10AD,0x20AD,0x0022,0x0023,0x0869,0x1047,0x0847,0x0867,0x1049,0x188A,0x0889,0x10A9,
  0x10AA,0x0887,0x0000,0x0000,0x0000,0x0001,0x0002,0x0002,0x0001,0x0023,0x0845,0x0023,0x0000,0x404C,0x304E,0x004B,
  0x6093,0x382E,0x10C7,0x28E5,0x4064,0x3823,0x2863,0x2863,0x2022,0x40E3,0x2907,0x208B,0x286A,0x906E,0x606C,0x5069,
  0x0000,0x0802,0x0802,0x0823,0x0001,0x0802,0x3027,0x1824,0x0802,0x8169,0x3084,0x2084,0x694C,0x2006,0x0000,0x0002,
  0x0002,0x0001,0x0001,0x0000,0x1066,0x1889,0x1068,0x38EA,0x4888,0x2045,0x1003,0x906A,0xA18F,0x3808,0x600D,0xA0D3,
  0x604A,0xB013,0xCCD9,0xCAD8,0xA02D,0xA829,0xA80C,0xB2B1,0xCA74,0xC9B2,0xCD53,0xCE57,0xCD73,0xB191,0x7831,0x58B0,
  0x488F,0x308D,0x288C,0x288D,0x28AD,0x38AF,0x40B0,0x38AF,0x30AE,0x40B1,0x7116,0x8138,0x6959,0x49B9,0x4B79,0x6D39,
  0x7D99,0x7D79,0x7559,0x4B99,0x3178,0x1958,0x0A99,0x02F9,0x0359,0x0B79,0x0339,0x1C19,0x1459,0x0419,0x037A,0x0197,
  0x4439,0x7DB9,0x7D99,0x4C19,0x2177,0x2892,0x5093,0x6872,0x7051,0x9811,0xC236,0xC2B9,0xC539,0xC039,0xC859,0x4854,
  0x0053,0x0199,0x1399,0xBE59,0x4459,0x0090,0x0112,0x0155,0x00EF,0x00A9,0x00CD,0x00EE,0x0023,0x0002,0x0067,0x0023,
  0x0024,0x0046,0x0045,0x0024,0x0845,0x0000,0x0001,0x0001,0x0001,0x0003,0x0002,0x0805,0x1027,0x1007,0x1004,0x1807,
  0x2009,0x1806,0x1805,0x480E,0x5830,0x7071,0x402A,0x600E,0x9817,0xB019,0xC059,0xC019,0xC819,0xCAF9,0xC418,0xC038,
  0xC179,0xC519,0xCE59,0xC659,0xCE59,0xC539,0xC3D9,0xBA59,0x90F9,0x5018,0x6179,0x48F8,0x3013,0x280F,0x200A,0x2008,
  0x1006,0x1806,0x2808,0x4809,0x4828,0x1003,0x1003,0x0802,0x0002,0x0002,0x0803,0x0804,0x0003,0x0002,0x0865,0x0888,
  0x08A9,0x08A8,0x0887,0x0066,0x0026,0x0026,0x296B,0x528F,0x194A,0x08A7,0x0086,0x08A7,0x10C8,0x10C8,0x0044,0x0023,
  0x0022,0x0023,0x0023,0x0023,0x0002,0x0022,0x0001,0x0000,0x1189,0x118C,0x08A8,0x08CA,0x08CB,0x08CC,0x08CB,0x08A9,
  0x00CA,0x0047,0x198A,0x09F2,0x0951,0x392C,0x30C9,0x088D,0x0952,0x00F2,0x1152,0x9213,0x68A8,0x20AA,0x0171,0x09D4,
  0x0867,0x0003,0x0001,0x0000,0x0001,0x0001,0x0023,0x0003,0x0001,0x1947,0x1128,0x19AF,0x19B4,0x1993,0x1152,0x1234,
  0x2497,0x0A13,0x01B5,0x11F2,0x10CB,0x08AA,0x0865,0x20C9,0x20EA,0x28A9,0x7228,0xB2E6,0x89C2,0x1001,0x0001,0x0001,
  0x0044,0x0048,0x0027,0x21AC,0x10C4,0x0045,0x08AA,0x0044,0x0023,0x0002,0x18E6,0x08A9,0x08CC,0x112F,0x0154,0x23D8,
  0x5559,0x0195,0x0110,0x008B,0x40EC,0x2064,0x0024,0x086C,0x310F,0x20A8,0x0868,0x0868,0x1849,0x206A,0x10A9,0x10A9,
  0x10A9,0x0844,0x0000,0x0001,0x0001,0x0023,0x0002,0x0022,0x0001,0x0044,0x0845,0x0023,0x0000,0x1806,0x186D,0x006A,
  0x6091,0x304D,0x0005,0x2043,0x3085,0x2864,0x2063,0x30A3,0x38A3,0x40E2,0x2046,0x288B,0x286A,0x702C,0x992D,0x4085,
  0x0001,0x0823,0x0823,0x0823,0x0002,0x0000,0x2004,0x78AF,0x1803,0x8129,0x40A6,0x30C4,0x38A9,0x300A,0x0000,0x0002,
  0x0023,0x0002,0x0001,0x0000,0x0002,0x18A9,0x1048,0x416B,0x716C,0x1804,0x0803,0x5047,0x588B,0x300A,0x502C,0xB154,
  0x786C,0x980F,0xCB38,0xC579,0xB833,0xB00D,0xB80C,0xA8ED,0xC9D3,0xC173,0xC3F2,0xC656,0xCC31,0xC1AE,0x8871,0x6891,
  0x5090,0x388E,0x308D,0x288D,0x30AE,0x38D0,0x40D1,0x38B0,0x30AF,0x38D1,0x5915,0x6938,0x5959,0x4199,0x3AB9,0x53F9,
  0x5438,0x5479,0x4C79,0x3B19,0x2958,0x11B8,0x02F9,0x0379,0x2CF9,0x4D79,0x4D79,0x6DF9,0x6619,0x1D99,0x0499,0x0238,
  0x4C78,0x7D99,0x6D58,0x43D9,0x2177,0x3092,0x5093,0x6072,0x6831,0xA0B2,0xC236,0xC478,0xC278,0xC019,0x9896,0x0031,
  0x0138,0x02B8,0x7D98,0x9DB9,0x0278,0x008D,0x0154,0x0110,0x00CC,0x00CB,0x00EE,0x0043,0x0866,0x10CA,0x0023,0x0023,
  0x0866,0x0845,0x0845,0x0845,0x0001,0x0000,0x0001,0x0001,0x0003,0x0003,0x1025,0x1848,0x1807,0x1806,0x1805,0x2008,
  0x2808,0x1804,0x480D,0x6011,0x586D,0x3828,0x7812,0xB819,0xB839,0xB818,0xC019,0xC179,0xC498,0xC639,0xB8F7,0xC278,
  0xC639,0xC639,0xC599,0xC3F9,0xB9F9,0xB879,0x9817,0x7836,0x8AB8,0x50B5,0x48D2,0x4893,0x300F,0x280D,0x2009,0x1006,
  0x3008,0x3828,0x2826,0x1804,0x1003,0x0803,0x0803,0x0802,0x0002,0x0002,0x0002,0x0003,0x0845,0x10A8,0x10CA,0x0887,
  0x00A7,0x00A8,0x0087,0x10C9,0x42D0,0x3312,0x1909,0x31AD,0x0066,0x0886,0x0865,0x0045,0x0045,0x0024,0x0044,0x0044,
  0x0044,0x0044,0x0023,0x0022,0x0002,0x0001,0x0021,0x126D,0x1293,0x094D,0x08EC,0x08EC,0x08CA,0x00A8,0x118D,0x094D,
  0x0048,0x08E9,0x0A33,0x21F2,0x3910,0x20F0,0x0132,0x0174,0x0176,0x0975,0x29D0,0x38C9,0x1868,0x214D,0x08A7,0x0022,
  0x0000,0x0863,0x1063,0x0003,0x0024,0x0045,0x0024,0x0884,0x222F,0x094E,0x11B2,0x1973,0x1131,0x1193,0x19CF,0x3373,
  0x09F2,0x0173,0x11B2,0x0889,0x0887,0x0864,0x18A8,0x1889,0x4128,0x9B26,0x9AC4,0x48A1,0x1801,0x0002,0x0001,0x0025,
  0x004B,0x0131,0x114C,0x0844,0x0003,0x08AB,0x0045,0x0023,0x0023,0x08A5,0x08EA,0x08ED,0x08CC,0x090E,0x01D4,0x5579,
  0x2398,0x0174,0x00AD,0x204D,0x486C,0x0003,0x106D,0x108D,0x186A,0x1068,0x1068,0x0867,0x286A,0x408C,0x08A8,0x10AA,
  0x1889,0x0001,0x0000,0x0001,0x0023,0x0044,0x0022,0x0024,0x0001,0x0844,0x0845,0x0844,0x0000,0x1004,0x284E,0x006B,
  0x6091,0x284B,0x0047,0x0846,0x0824,0x30EB,0x1087,0x314A,0x0841,0x0821,0x3829,0x306B,0x286A,0x702D,0x68C8,0x1042,
  0x0802,0x0823,0x0845,0x0823,0x0844,0x0000,0x0001,0x888F,0x600A,0x816A,0x50E8,0x6186,0x308A,0x400C,0x0801,0x0001,
  0x0023,0x0002,0x0001,0x0001,0x0000,0x1065,0x1889,0x18A8,0x826E,0x2045,0x0824,0x1022,0x3009,0x300B,0x402A,0xA052,
  0x88EE,0x880D,0xC1D5,0xC639,0xC1B5,0xC013,0xB84D,0x8047,0xA94F,0xC173,0xC2F1,0xC615,0xC596,0xC0CD,0x8851,0x7091,
  0x58B0,0x388E,0x308D,0x288D,0x28AD,0x38AF,0x40D1,0x38B0,0x30CF,0x30D1,0x4116,0x5138,0x4198,0x3238,0x2B18,0x33F9,
  0x3CB9,0x4D39,0x5599,0x3C99,0x19F8,0x0A19,0x0379,0x1CB9,0x6E19,0x8E19,0x8619,0x9E38,0x8E19,0x35D9,0x04F9,0x0278,
  0x3B98,0x5C98,0x64D8,0x4BF8,0x2997,0x3092,0x5072,0x5871,0x7011,0xB113,0xC317,0xC4D8,0xB858,0xC038,0x4033,0x00F6,
  0x0258,0x3458,0xC618,0x2BF8,0x0195,0x00AD,0x0131,0x00CD,0x00CB,0x00ED,0x0066,0x0046,0x214E,0x2128,0x0002,0x0845,
  0x0846,0x0845,0x0846,0x0022,0x0000,0x0001,0x0001,0x0003,0x0003,0x0002,0x1025,0x1827,0x1807,0x1826,0x2007,0x2809,
  0x1805,0x3809,0x6811,0x3008,0x480A,0x8013,0xA837,0xB838,0xB818,0xB898,0xBB78,0xC5B8,0xC618,0xBA17,0xBAB8,0xC618,
  0xC518,0xBAB8,0xB8B8,0xB018,0xB818,0x8817,0x5835,0x5835,0x89D6,0x5070,0x280C,0x280C,0x280C,0x200A,0x2008,0x504C,
  0x4829,0x1003,0x1004,0x1805,0x1004,0x0804,0x0804,0x0804,0x0003,0x0002,0x0023,0x08A8,0x10CA,0x08A9,0x0886,0x00A8,
  0x088A,0x2048,0x0006,0x28E8,0x39AB,0x096B,0x0025,0x0004,0x0044,0x0045,0x0045,0x0045,0x0045,0x0045,0x0044,0x0044,
  0x0023,0x0022,0x0001,0x0001,0x0002,0x0042,0x22CE,0x0A10,0x0088,0x0088,0x00EB,0x010B,0x08A7,0x11AD,0x094D,0x00AC,
  0x0088,0x01F2,0x00F2,0x59F2,0x2954,0x0195,0x01D6,0x1217,0x5BD7,0x3B78,0x096D,0x0000,0x0043,0x0001,0x0000,0x0001,
  0x18C6,0x420A,0x0864,0x0025,0x0025,0x0024,0x0843,0x32AF,0x0991,0x092F,0x1971,0x1971,0x19B4,0x08A9,0x1148,0x1A93,
  0x09B3,0x0992,0x0889,0x1088,0x1087,0x1067,0x2088,0x61C6,0x9B25,0x5982,0x1800,0x2001,0x1822,0x0023,0x0025,0x004B,
  0x01B3,0x4D78,0x2417,0x008C,0x0088,0x0024,0x0044,0x0088,0x0066,0x2A4D,0x090C,0x08EC,0x18ED,0x00AF,0x2377,0x5598,
  0x0235,0x00AF,0x1070,0x5077,0x402F,0x38B0,0x186D,0x30AE,0x38AB,0x0847,0x1068,0x0867,0x2049,0x288B,0x08A8,0x208C,
  0x3828,0x0000,0x0001,0x0023,0x0024,0x0023,0x0024,0x0024,0x0002,0x0845,0x0845,0x0824,0x0000,0x0001,0x184B,0x186D,
  0x80D3,0x184A,0x0069,0x084A,0x0028,0x61F0,0x18CA,0x294E,0x0805,0x0004,0x502C,0x386C,0x206A,0x7850,0x4866,0x0000,
  0x1003,0x0803,0x0845,0x0844,0x0866,0x0001,0x0000,0x5049,0x9872,0x918B,0x7987,0x69C7,0x186A,0x404C,0x1802,0x0000,
  0x0023,0x0003,0x0023,0x0002,0x0000,0x0001,0x1087,0x1067,0x59AB,0x1825,0x2046,0x0801,0x2025,0x382B,0x3009,0x8810,
  0x806E,0x702B,0xC0D3,0xC5F8,0xBB55,0xB813,0xC073,0x8867,0x8109,0xC1B4,0xBA51,0xC551,0xC617,0xC331,0x9810,0x7091,
  0x508F,0x388D,0x288D,0x288C,0x288D,0x30AE,0x40B0,0x38D0,0x30D0,0x30F3,0x3298,0x43F8,0x3C78,0x4518,0x4D78,0x5DB8,
  0x6DF8,0x8618,0x9618,0x6DF8,0x1B78,0x0A58,0x0BD8,0x2D38,0x8E18,0x9DF8,0x7DD8,0x8DF8,0x7DF8,0x2D78,0x0498,0x0257,
  0x1975,0x21D6,0x2A37,0x3218,0x2114,0x308F,0x4871,0x5871,0x7812,0xB174,0xBCB7,0xBAF8,0xB818,0x9056,0x00B4,0x0218,
  0x0338,0x9DD8,0x7D58,0x0278,0x0133,0x00EE,0x0130,0x00AA,0x0046,0x00A8,0x08CA,0x10CD,0x214B,0x0002,0x0024,0x0846,
  0x0045,0x0845,0x0024,0x0000,0x0001,0x0001,0x0002,0x0804,0x0002,0x0804,0x0804,0x1807,0x1827,0x2007,0x3009,0x2808,
  0x2006,0x500C,0x3809,0x680F,0x9014,0xA035,0xB818,0xB818,0xBA58,0xBD18,0xBD98,0xBD78,0xBBD7,0xB9F7,0xBCF8,0xBA18,
  0xB858,0xB018,0xA817,0xA838,0x7034,0x4834,0x5014,0x70B5,0x480F,0x2009,0x302C,0x386C,0x384A,0x3829,0x582D,0x68AF,
  0x2828,0x1806,0x1026,0x1006,0x0805,0x1026,0x0826,0x0004,0x0002,0x0045,0x08C9,0x08CA,0x08AA,0x00AB,0x1068,0x410E,
  0x3AB4,0x3A51,0x116C,0x0025,0x0004,0x0024,0x0045,0x0066,0x0045,0x0065,0x0045,0x0045,0x0045,0x0023,0x0023,0x0022,
  0x0023,0x0024,0x0024,0x0023,0x0042,0x2ACE,0x118D,0x0069,0x08EC,0x08EC,0x096E,0x00C9,0x11CF,0x094E,0x00CD,0x00CB,
  0x094F,0x21F5,0x2131,0x00D5,0x0157,0x01F7,0x5377,0x9558,0x3318,0x00F3,0x0069,0x0046,0x0025,0x0046,0x08A9,0x190A,
  0x39CA,0x0843,0x0024,0x0024,0x0023,0x0002,0x326C,0x11B0,0x090F,0x2191,0x2171,0x1993,0x0887,0x1189,0x12B3,0x0950,
  0x1192,0x08CA,0x1087,0x1088,0x1026,0x4947,0x8A85,0x69E2,0x1041,0x0800,0x2821,0x2022,0x0823,0x0025,0x004C,0x01D3,
  0x2D98,0x34D8,0x0152,0x00EE,0x0044,0x0045,0x00A9,0x0047,0x218A,0x21CE,0x008B,0x210E,0x20CF,0x00B0,0x4CB8,0x2355,
  0x086E,0x1090,0x3875,0x6014,0x4810,0x4051,0x204D,0x40AD,0x2068,0x0848,0x1068,0x1048,0x3029,0x306A,0x00A8,0x402C,
  0x1802,0x0000,0x0001,0x0044,0x0023,0x0865,0x0024,0x0024,0x0022,0x0845,0x0846,0x0023,0x0000,0x0000,0x0846,0x186D,
  0x8912,0x186B,0x086A,0x106C,0x0849,0x486A,0x108B,0x410E,0x382C,0x1028,0x586D,0x306B,0x204A,0x682D,0x1002,0x0001,
  0x0823,0x0823,0x0845,0x1067,0x0846,0x0823,0x0001,0x1822,0x884F,0x914D,0x9227,0x5148,0x106B,0x306C,0x1823,0x0000,
  0x0022,0x0023,0x0824,0x0824,0x0001,0x0000,0x0844,0x0847,0x59AB,0x796A,0x814B,0x1022,0x1022,0x302A,0x3009,0x880F,
  0x9011,0x786D,0xB051,0xBCF7,0xBC76,0xB913,0xB895,0xA8EF,0x5863,0xB1B1,0xBA12,0xBC6F,0xBDF5,0xBD14,0xA86F,0x7871,
  0x508F,0x388D,0x288D,0x288C,0x288C,0x30AE,0x38AF,0x38D0,0x30D1,0x29F6,0x4518,0x7DF8,0x7DF8,0x85F8,0x8DF8,0x8DF8,
  0x95F8,0x9DF8,0xA5F8,0x75F8,0x1BB8,0x1298,0x1418,0x2D18,0x7DF8,0x8DD8,0x5577,0x75D8,0x75D8,0x1CF8,0x03F8,0x0217,
  0x188C,0x188E,0x20B0,0x20B1,0x208E,0x286C,0x406E,0x5851,0x8813,0xBBD6,0xBD78,0xB097,0xB818,0x3895,0x01F7,0x0258,
  0x4CB7,0xB5D8,0x13D7,0x01D8,0x00D0,0x00EF,0x00EC,0x0025,0x00A8,0x00CB,0x08AB,0x110C,0x0863,0x0003,0x0845,0x0845,
  0x0845,0x0844,0x0001,0x0001,0x0001,0x0002,0x0004,0x0003,0x0802,0x0805,0x1006,0x1807,0x1827,0x2808,0x380A,0x2807,
  0x2005,0x482B,0x8011,0x8813,0xA035,0xB818,0xB897,0xBC38,0xBDD8,0xBD38,0xBCF8,0xBDD8,0xB9B7,0xB117,0xB057,0xB017,
  0xB018,0xA036,0x8835,0x5811,0x4010,0x400F,0x504F,0x60EF,0x402B,0x404B,0x386A,0x406A,0x2828,0x2828,0x2029,0x0826,
  0x1027,0x1027,0x1027,0x0825,0x0805,0x0825,0x0003,0x0024,0x008A,0x00ED,0x00CD,0x00EE,0x01B2,0x01D3,0x10EE,0x310E,
  0x3374,0x11EF,0x0A30,0x0044,0x0022,0x0043,0x0023,0x0023,0x0022,0x0023,0x0023,0x0024,0x0024,0x0044,0x0023,0x0023,
  0x0023,0x0023,0x0023,0x0022,0x2A8C,0x116C,0x008B,0x114F,0x08ED,0x114D,0x12B4,0x00EC,0x08CB,0x0150,0x0171,0x118F,
  0x1175,0x41B6,0x1957,0x01B7,0x3B36,0x9D17,0x95B8,0x2318,0x00F4,0x00AC,0x0068,0x08A9,0x110B,0x29EF,0x218C,0x0883,
  0x0022,0x0023,0x0024,0x0044,0x0003,0x29CB,0x2A51,0x0930,0x21B3,0x1952,0x1972,0x08A7,0x0928,0x2355,0x0970,0x0950,
  0x10CB,0x1086,0x1089,0x1887,0x69E5,0x7223,0x20A1,0x0000,0x0000,0x1821,0x2022,0x0823,0x0003,0x0049,0x0A13,0x3578,
  0x2CD8,0x0134,0x0028,0x0002,0x0886,0x08CA,0x0089,0x0087,0x320D,0x08EC,0x214E,0x20ED,0x08AC,0x08CE,0x090C,0x006E,
  0x1892,0x28B4,0x78F5,0xAB17,0x9876,0x6813,0x3830,0x1808,0x1027,0x1069,0x1869,0x282A,0x402A,0x386A,0x1089,0x3808,
  0x0000,0x0001,0x0022,0x0024,0x0045,0x10A7,0x0044,0x0023,0x0022,0x0024,0x0866,0x0022,0x0001,0x0000,0x0823,0x204D,
  0x7030,0x106B,0x106B,0x106C,0x1808,0x5828,0x088A,0x514F,0x58AD,0x288A,0x606D,0x306A,0x304B,0x4828,0x0000,0x0001,
  0x0823,0x0823,0x0866,0x10A9,0x1089,0x0846,0x0823,0x0020,0x3805,0x890C,0xAAC9,0x30A9,0x208C,0x288C,0x2045,0x0000,
  0x0001,0x0823,0x0824,0x0845,0x0824,0x0001,0x0001,0x0826,0x498B,0x5968,0x3885,0x2083,0x1041,0x2006,0x300A,0x8810,
  0x9012,0x8850,0x880C,0xBB35,0xBBB4,0xBA14,0xB954,0xB993,0x68E5,0x88A8,0xBA95,0xBBAE,0xBD93,0xBDD7,0xB1D0,0x8830,
  0x50AF,0x388D,0x308D,0x288C,0x28AD,0x30AE,0x30CF,0x30D0,0x30D2,0x2A96,0x5D98,0x95D7,0x95D7,0x8DD8,0x8DD8,0x8DD8,
  0x8DD8,0x95D7,0x9DD7,0x6DD8,0x1B98,0x1277,0x13D7,0x24B7,0x6597,0x75B7,0x4D57,0x6597,0x5578,0x0C17,0x0338,0x01F7,
  0x188A,0x208A,0x208B,0x208C,0x208C,0x286C,0x306D,0x502F,0x9073,0xBD77,0xB337,0xB817,0x7876,0x0197,0x01F7,0x0B57,
  0x8DD7,0x5CF7,0x0277,0x0157,0x00B0,0x00AC,0x0025,0x116D,0x114C,0x08CC,0x08AC,0x0865,0x0001,0x0024,0x0845,0x0845,
  0x0845,0x0022,0x0001,0x0001,0x0002,0x0003,0x0804,0x0802,0x1025,0x1025,0x1827,0x2007,0x2007,0x3008,0x3008,0x2806,
  0x682E,0x8032,0x8812,0xA035,0xB817,0xB1B7,0xB2F6,0xB517,0xB517,0xB557,0xB577,0xB2F7,0xB037,0xB017,0xB017,0xA837,
  0x8814,0x7033,0x6831,0x502F,0x2809,0x2828,0x608E,0x2808,0x402A,0x2827,0x0804,0x0825,0x1047,0x1027,0x0826,0x1026,
  0x1026,0x1827,0x1026,0x0804,0x0003,0x0001,0x0022,0x00AD,0x0112,0x00F1,0x12F6,0x13F7,0x34F7,0x3577,0x22D4,0x008D,
  0x008B,0x110B,0x0026,0x0002,0x0001,0x0001,0x0001,0x0001,0x0001,0x0001,0x0000,0x0000,0x0001,0x0001,0x0001,0x0001,
  0x0001,0x0021,0x0000,0x328C,0x19F0,0x090E,0x114E,0x00AB,0x198D,0x32F2,0x092C,0x008B,0x0193,0x01B5,0x09D2,0x0A56,
  0x0916,0x0136,0x1A96,0x84F7,0xBDD7,0x6D57,0x02F7,0x00D0,0x116E,0x00ED,0x006A,0x3A0E,0x422D,0x0887,0x0824,0x0003,
  0x0023,0x0044,0x0045,0x0025,0x1108,0x3AD3,0x1130,0x1992,0x1931,0x1970,0x10C7,0x0909,0x22F5,0x112E,0x0930,0x10EA,
  0x0824,0x0867,0x3965,0x7243,0x4121,0x0000,0x0000,0x0020,0x0821,0x1002,0x0803,0x0024,0x0066,0x0049,0x0AD3,0x3D37,
  0x01B3,0x0069,0x0086,0x0047,0x0066,0x00A9,0x0048,0x216A,0x322F,0x29CE,0x212C,0x0869,0x0889,0x08CB,0x188A,0x100D,
  0x2833,0x5014,0xAAF7,0xBD17,0xBCF7,0xB237,0x8814,0x202A,0x182A,0x1849,0x302A,0x2829,0x484B,0x3849,0x1828,0x1002,
  0x0000,0x0023,0x0023,0x0044,0x08A8,0x0887,0x0846,0x0844,0x0001,0x0024,0x0845,0x0022,0x0002,0x0001,0x0001,0x402D,
  0x684F,0x0849,0x106B,0x302B,0x916E,0xAA0E,0x608A,0x186B,0x108A,0x1069,0x708D,0x284A,0x508C,0x1822,0x0001,0x0001,
  0x0824,0x0845,0x0866,0x1088,0x18CA,0x1088,0x0845,0x0022,0x0001,0x70E9,0x820A,0x1029,0x30CE,0x30AE,0x2866,0x0000,
  0x0001,0x0022,0x0024,0x1088,0x1066,0x0022,0x0000,0x0003,0x396D,0x7AAD,0x1022,0x0823,0x1002,0x0001,0x580D,0xA834,
  0x8810,0x9830,0x780A,0xB190,0xBD97,0xB234,0xB274,0xB973,0x89A9,0x7001,0xAA2F,0xBB70,0xB4CF,0xBDD6,0xB373,0x900F,
  0x58AF,0x408E,0x308D,0x288C,0x30AD,0x38D0,0x38D0,0x30D0,0x30F2,0x2AB6,0x5577,0x95D7,0x85B7,0x6D97,0x6D97,0x75B7,
  0x6597,0x7DB7,0x95B7,0x65B7,0x1B97,0x1237,0x1337,0x0BB7,0x4D17,0x6597,0x4D57,0x6597,0x4D57,0x03D7,0x02D7,0x01F7,
  0x1869,0x186A,0x208B,0x208B,0x208B,0x288C,0x408E,0x5810,0x9994,0xB597,0xB0B6,0x8014,0x2954,0x09D7,0x0237,0x5CF7,
  0x95B6,0x0B77,0x0196,0x0136,0x006C,0x0087,0x090B,0x08EB,0x090D,0x08CC,0x0888,0x0001,0x0023,0x0845,0x0845,0x0024,
  0x1026,0x0802,0x0001,0x0002,0x0003,0x0804,0x0823,0x0803,0x1026,0x1805,0x2008,0x2807,0x2807,0x3008,0x2006,0x682E,
  0x8032,0x8812,0xA836,0xB017,0xB277,0xB4D7,0xB2F6,0xB517,0xB5B7,0xB497,0xB157,0xB017,0xB017,0xA836,0x9015,0x7812,
  0x6031,0x6031,0x582E,0x3029,0x384B,0x6891,0x382A,0x2027,0x1806,0x1026,0x1047,0x1047,0x1027,0x1026,0x0826,0x0805,
  0x1027,0x1026,0x0004,0x0003,0x0002,0x0025,0x002D,0x1234,0x4D17,0x09D3,0x3CB7,0x2DB7,0x3D97,0x0B56,0x0194,0x2333,
  0x09B0,0x19CE,0x0046,0x0045,0x0044,0x0044,0x0024,0x0044,0x0023,0x0001,0x0001,0x0001,0x0001,0x0001,0x0001,0x0001,
  0x0001,0x0001,0x29E9,0x2210,0x00CD,0x090E,0x092E,0x21CF,0x32B2,0x090B,0x00ED,0x01B4,0x01F7,0x0A14,0x0296,0x01B6,
  0x1296,0x5496,0x75B7,0xA5B7,0x4CB7,0x02B5,0x00AD,0x008C,0x00CF,0x00CE,0x00ED,0x192C,0x18A6,0x0823,0x0844,0x0886,
  0x0045,0x0045,0x0045,0x0844,0x42D0,0x1171,0x1150,0x10EC,0x08A9,0x190A,0x00EB,0x32D4,0x19AF,0x090E,0x110B,0x0004,
  0x18A6,0x59C4,0x5181,0x1041,0x0001,0x0001,0x0001,0x0001,0x0802,0x1003,0x0824,0x0066,0x0047,0x0025,0x012D,0x0190,
  0x0047,0x08C7,0x00A8,0x00AC,0x00CB,0x0089,0x0067,0x52F0,0x320E,0x10A9,0x0868,0x0889,0x0889,0x18EC,0x38F1,0x386F,
  0x4833,0x80B5,0xB4D6,0xAB56,0xB557,0x9935,0x580E,0x382C,0x2029,0x2028,0x3029,0x2008,0x402A,0x706E,0x3027,0x0001,
  0x0001,0x0024,0x0023,0x0866,0x10C8,0x10C8,0x0866,0x0865,0x0022,0x0024,0x0844,0x0001,0x0002,0x0001,0x0001,0x402A,
  0x606F,0x0849,0x186B,0x5007,0xB2CD,0xB555,0xA98C,0x382A,0x1889,0x1869,0x706C,0x304A,0x4888,0x0001,0x0001,0x0001,
  0x0845,0x1067,0x1087,0x1088,0x18C9,0x18AA,0x0846,0x0023,0x0804,0x48C7,0x5108,0x286B,0x30CE,0x38F0,0x38A9,0x0001,
  0x0001,0x0022,0x0845,0x10A9,0x18A9,0x0844,0x0022,0x0001,0x20EA,0x92EF,0x1025,0x0825,0x410B,0x0822,0x4009,0xA876,
  0x8050,0x902F,0x780A,0xA88E,0xB577,0xB294,0xB2F4,0xB233,0x9189,0x6802,0x9067,0xB32F,0xB48F,0xB5B3,0xB4B5,0x986F,
  0x608F,0x408E,0x308D,0x28AD,0x30AE,0x48D1,0x38D0,0x30F0,0x30F2,0x2A96,0x4D57,0x8DB7,0x7D97,0x4537,0x5557,0x6577,
  0x4536,0x6577,0x95B7,0x6DB7,0x1BB7,0x11F7,0x12B7,0x0B77,0x4D37,0x7597,0x7597,0x7DB7,0x6D97,0x1C57,0x0317,0x01F6,
  0x1869,0x206B,0x288C,0x288B,0x208A,0x286B,0x408E,0x6810,0x9AD4,0xB3B7,0x9815,0x3072,0x21F5,0x01B6,0x1B96,0x9596,
  0x54F6,0x0236,0x0155,0x0115,0x008A,0x11CD,0x090D,0x090E,0x08CB,0x08AA,0x0023,0x0002,0x0023,0x0845,0x0044,0x1005,
  0x3029,0x0001,0x0002,0x0003,0x0023,0x0824,0x0803,0x1024,0x1827,0x2007,0x2007,0x2808,0x3808,0x3007,0x4029,0x682D,
  0x8831,0xB057,0xA816,0xAAD6,0xB536,0xB216,0xB4D6,0xB596,0xB356,0xA856,0xA816,0xA036,0x8815,0x8015,0x6832,0x6030,
  0x7011,0x400A,0x2007,0x382B,0x6050,0x302A,0x1026,0x1025,0x1026,0x1027,0x1048,0x1026,0x1046,0x0825,0x0825,0x1026,
  0x1025,0x0803,0x0002,0x0003,0x0028,0x11D1,0x4B75,0x1A93,0x2313,0x008E,0x09F3,0x1BF6,0x01B2,0x0111,0x2C16,0x2417,
  0x010F,0x0027,0x0065,0x0045,0x0045,0x0044,0x0044,0x0022,0x0001,0x0001,0x0022,0x0002,0x0022,0x0001,0x0001,0x0022,
  0x0001,0x1105,0x2A4E,0x006A,0x090E,0x1970,0x21AE,0x32F3,0x11F3,0x0130,0x01B4,0x0236,0x0215,0x02B6,0x0AB6,0x3BF6,
  0x4D96,0x3596,0x6596,0x2C76,0x0295,0x00AD,0x008B,0x0111,0x00EF,0x10ED,0x190A,0x0887,0x18C7,0x1886,0x0845,0x0845,
  0x0045,0x0865,0x0002,0x320A,0x2A54,0x090F,0x08CA,0x0066,0x0886,0x090D,0x2212,0x2A52,0x092F,0x08EB,0x0024,0x3925,
  0x59E3,0x20A1,0x0001,0x0001,0x0001,0x0001,0x0001,0x0822,0x1004,0x0825,0x0045,0x0024,0x18E9,0x298B,0x0025,0x0003,
  0x08A6,0x0088,0x0069,0x00CA,0x00AA,0x0069,0x08C7,0x21AD,0x0868,0x0888,0x08A9,0x08AA,0x10AB,0x18AA,0x40B0,0x3050,
  0x6033,0xAB56,0xACF6,0xAB55,0xB356,0x9814,0x482C,0x402C,0x2029,0x2828,0x2808,0x504A,0x810E,0x706C,0x1823,0x0001,
  0x0022,0x0022,0x0844,0x0866,0x08A8,0x0887,0x0867,0x0886,0x0024,0x0024,0x0023,0x0002,0x0023,0x0001,0x0001,0x1823,
  0x284A,0x106B,0x204B,0x5847,0xAA29,0xB28A,0x88A7,0x3849,0x206A,0x2069,0x688C,0x50A9,0x1042,0x0001,0x0001,0x0001,
  0x0845,0x1088,0x10A9,0x10A9,0x10A9,0x18AA,0x1067,0x0023,0x2027,0x3047,0x1846,0x486D,0x38AE,0x30CF,0x40EA,0x0001,
  0x0023,0x0001,0x0024,0x0867,0x18C9,0x0846,0x0844,0x0001,0x1084,0x61EA,0x314B,0x1869,0x306A,0x3068,0x0001,0x8050,
  0x9072,0x880E,0x782A,0xA8AF,0xB475,0xB3B5,0xB294,0xB394,0x9149,0x6003,0x8805,0x9948,0xB490,0xB592,0xB594,0xA170,
  0x686F,0x48AE,0x388E,0x28AD,0x30AE,0x40B0,0x38D0,0x30F0,0x30D2,0x2235,0x4517,0x8596,0x7D76,0x5D56,0x6D76,0x7576,
  0x4D56,0x6D76,0x9596,0x6D96,0x2396,0x11D6,0x1276,0x1396,0x5D56,0x8596,0x6D56,0x6D76,0x5536,0x13D6,0x02B6,0x01B6,
  0x1869,0x206A,0x288B,0x206B,0x206A,0x206A,0x306C,0x502E,0xA375,0xA956,0x4012,0x3152,0x1216,0x0236,0x44F6,0x9D76,
  0x1376,0x0196,0x0114,0x00F3,0x10C9,0x08CB,0x08CD,0x08CC,0x08CB,0x0866,0x0001,0x0023,0x0024,0x0845,0x0002,0x306B,
  0x1825,0x0001,0x0003,0x0003,0x0824,0x0804,0x0803,0x1825,0x2007,0x2007,0x2808,0x3008,0x4008,0x4808,0x5009,0x9012,
  0xA856,0xA816,0xA9B6,0xAD76,0xAAD6,0xAAB5,0xAD36,0xA9B6,0xA816,0xA036,0x9015,0x8014,0x8015,0x6831,0x482D,0x6850,
  0x3809,0x3029,0x502E,0x382C,0x2007,0x1827,0x1027,0x1827,0x1827,0x2048,0x1027,0x0825,0x0825,0x0825,0x0804,0x0823,
  0x0001,0x0001,0x0002,0x0048,0x006D,0x43D5,0x3334,0x008B,0x0048,0x0047,0x0069,0x004D,0x21F1,0x2BB5,0x0A54,0x0152,
  0x00AB,0x0067,0x0046,0x0045,0x0045,0x0024,0x0002,0x0001,0x0001,0x0023,0x0024,0x0001,0x0001,0x0022,0x0023,0x0024,
  0x0884,0x326D,0x00AA,0x110C,0x216E,0x18C9,0x21AE,0x09B3,0x0112,0x01B5,0x0276,0x0295,0x02F6,0x33F6,0x5D16,0x3D76,
  0x0536,0x4D76,0x2C76,0x0296,0x0130,0x008B,0x00EF,0x00AD,0x18CB,0x30E7,0x0844,0x0886,0x0046,0x0866,0x0045,0x0045,
  0x0865,0x0024,0x18E5,0x3AB0,0x00AA,0x0888,0x0888,0x0887,0x114F,0x114F,0x2A51,0x0930,0x08CC,0x1884,0x4143,0x38E1,
  0x0001,0x0001,0x0001,0x0001,0x0001,0x0001,0x0822,0x1004,0x1026,0x0846,0x2088,0x2848,0x28EA,0x0865,0x0025,0x112A,
  0x08CB,0x08EB,0x112A,0x08C9,0x00A9,0x0088,0x0865,0x110A,0x0889,0x08A9,0x08A9,0x10CB,0x18ED,0x0848,0x408F,0x280F,
  0x6852,0xAC36,0xAD76,0xAD56,0xA0F5,0x8852,0x404B,0x2809,0x1808,0x4009,0x78CD,0x9990,0x586B,0x1003,0x0001,0x0001,
  0x0002,0x0866,0x0866,0x0865,0x0887,0x08A8,0x1909,0x0045,0x0024,0x0024,0x0022,0x0023,0x0024,0x0001,0x0001,0x0001,
  0x2829,0x184B,0x284C,0x7067,0xAC31,0xAC93,0x8087,0x386A,0x2869,0x1048,0x716E,0x4085,0x0001,0x0001,0x0002,0x0001,
  0x0843,0x1088,0x18A9,0x10AA,0x10A9,0x10AA,0x1088,0x0024,0x2047,0x384D,0x106B,0x486D,0x608E,0x30CF,0x40C9,0x0001,
  0x0024,0x0001,0x0023,0x1088,0x1087,0x1066,0x0845,0x0022,0x0822,0x1864,0x18E9,0x31B0,0x280E,0x406E,0x0823,0x3027,
  0x9052,0x900F,0x800B,0x984C,0xAA91,0xACB5,0xAA12,0xACB6,0x99CA,0x6003,0x8046,0x9005,0x9B2B,0xAD72,0xAD72,0xAAB2,
  0x702E,0x48AE,0x388E,0x288D,0x288D,0x30AF,0x30AF,0x28D0,0x30D2,0x21F5,0x44D6,0x8576,0x7D76,0x5D56,0x5D56,0x5516,
  0x2CB6,0x5536,0x8D76,0x6D76,0x1B76,0x11B6,0x1256,0x02F5,0x3496,0x5D36,0x44F6,0x4CF6,0x2C96,0x02D6,0x0216,0x0175,
  0x1869,0x186A,0x206A,0x2069,0x206A,0x206A,0x204B,0x48CE,0xAAB5,0x5011,0x204F,0x29B4,0x01D6,0x1395,0x6D55,0x5CB5,
  0x0236,0x0155,0x0114,0x00CF,0x28A6,0x10CC,0x00AB,0x08CB,0x08CA,0x0021,0x0023,0x0824,0x0825,0x0023,0x286A,0x38AD,
  0x0001,0x0002,0x0023,0x0824,0x0824,0x0803,0x1004,0x2007,0x2007,0x2807,0x3008,0x3807,0x582A,0x802E,0x9031,0xA855,
  0xA015,0xA975,0xA275,0xACF6,0xACF5,0xABD5,0xA0D5,0xA015,0xA036,0x8834,0x7052,0x8033,0x602F,0x2808,0x506D,0x402A,
  0x404B,0x482E,0x2809,0x1827,0x1826,0x1006,0x2028,0x2809,0x1827,0x1826,0x1026,0x0825,0x0823,0x0822,0x0001,0x0001,
  0x0001,0x0001,0x0047,0x088A,0x2A50,0x2AB2,0x004A,0x0045,0x0021,0x0886,0x08A8,0x08C9,0x098F,0x09B2,0x008C,0x00AA,
  0x0067,0x0046,0x0045,0x0045,0x0024,0x0001,0x0001,0x0001,0x0001,0x0022,0x0022,0x0023,0x0023,0x0023,0x0044,0x0003,
  0x29EB,0x196D,0x216E,0x196F,0x190C,0x298F,0x0951,0x0131,0x01B3,0x02D6,0x0355,0x33D4,0x54D6,0x3D56,0x0D35,0x0515,
  0x5D56,0x3476,0x02D6,0x0192,0x006B,0x010E,0x0067,0x10A7,0x294B,0x0024,0x0066,0x0067,0x0044,0x0044,0x0045,0x0045,
  0x0044,0x0042,0x3A4C,0x08C9,0x0888,0x0866,0x0886,0x19B1,0x0930,0x2A0F,0x112F,0x088A,0x28E4,0x4122,0x1061,0x0001,
  0x0001,0x0001,0x0001,0x0001,0x0001,0x1004,0x2806,0x1826,0x0045,0x3089,0x8130,0x8971,0x2067,0x0004,0x198D,0x196C,
  0x008B,0x00EC,0x1109,0x00A9,0x0089,0x0045,0x0864,0x190B,0x0889,0x08A9,0x10A9,0x190D,0x18CA,0x0805,0x48AE,0x302E,
  0x402D,0x704F,0x99F4,0xAAB6,0x8030,0x3828,0x2828,0x2007,0x4009,0x9970,0x9170,0x4029,0x2007,0x0001,0x0001,0x0002,
  0x0044,0x10CB,0x0865,0x0045,0x192A,0x194B,0x08CA,0x0086,0x0024,0x0044,0x0023,0x0024,0x0024,0x0001,0x0001,0x0001,
  0x2828,0x184B,0x382B,0x8888,0xAAAB,0xA9A8,0x6826,0x306A,0x2069,0x1849,0x58A9,0x0821,0x0001,0x0001,0x0002,0x0002,
  0x0823,0x1088,0x10A8,0x18CA,0x10A9,0x10A9,0x18CA,0x1067,0x1845,0x408F,0x2070,0x288D,0x706D,0x5911,0x40EA,0x0001,
  0x0024,0x0022,0x0022,0x0866,0x1087,0x1087,0x1066,0x0845,0x0823,0x0027,0x10AA,0x2213,0x1872,0x4010,0x1826,0x0001,
  0x680E,0x9810,0x882B,0x8009,0xA16E,0xAD56,0xA231,0xAC14,0x99EA,0x6803,0x7046,0x9047,0x80C4,0xACF0,0xAD51,0xABD2,
  0x782E,0x48AE,0x388E,0x288D,0x28AD,0x28AE,0x28AF,0x28D0,0x30D1,0x21F4,0x44B6,0x8556,0x6D36,0x2C75,0x2436,0x2C56,
  0x1415,0x5516,0x8556,0x6556,0x2376,0x11B5,0x1A35,0x0275,0x2455,0x5516,0x44D5,0x5515,0x44D6,0x02D5,0x0216,0x0195,
  0x208A,0x288B,0x306B,0x306A,0x288A,0x288B,0x204B,0x616F,0x79B2,0x200D,0x28AF,0x0995,0x0215,0x34D5,0x7555,0x1B55,
  0x0175,0x0154,0x0113,0x0046,0x0045,0x08AA,0x08AA,0x08CC,0x0865,0x0001,0x0824,0x0825,0x0024,0x2069,0x48F0,0x1866,
  0x0001,0x0003,0x0804,0x0805,0x0803,0x0803,0x1804,0x2827,0x2807,0x3008,0x3808,0x4808,0x8870,0xA835,0xA835,0xA015,
  0xA255,0xA275,0xA1F4,0xAD55,0xA395,0xA075,0xA015,0x9835,0x6810,0x6070,0x80F3,0x400B,0x1806,0x404C,0x6850,0x482C,
  0x3029,0x2809,0x2028,0x1827,0x2808,0x2007,0x1006,0x0804,0x18A6,0x1045,0x0803,0x0001,0x2865,0x2044,0x0001,0x0001,
  0x0001,0x0046,0x0868,0x420C,0x192B,0x0006,0x0844,0x0002,0x0023,0x0044,0x0065,0x0044,0x008A,0x008A,0x0067,0x0046,
  0x0045,0x0045,0x0045,0x0044,0x0001,0x0001,0x0001,0x0022,0x0023,0x0844,0x0865,0x0066,0x0066,0x0045,0x0003,0x2148,
  0x324F,0x218E,0x112E,0x194D,0x3A30,0x0930,0x0110,0x0192,0x02F5,0x02D4,0x0A53,0x6CF5,0x2D55,0x1515,0x0D15,0x4D55,
  0x3C55,0x02D5,0x01F3,0x00CC,0x0068,0x0089,0x00AA,0x00AA,0x00A9,0x0045,0x0066,0x0886,0x0045,0x0045,0x0044,0x0045,
  0x0001,0x2987,0x21AD,0x008A,0x0065,0x0844,0x116F,0x094F,0x216C,0x21D0,0x1069,0x30C2,0x2081,0x0001,0x0001,0x0001,
  0x0001,0x0002,0x0001,0x0001,0x1004,0x3828,0x2028,0x0847,0x0005,0x48CC,0x2828,0x610C,0x48C9,0x00CA,0x114B,0x0068,
  0x08EB,0x218D,0x008A,0x00CA,0x0887,0x0044,0x0864,0x18EA,0x0889,0x08A9,0x10AA,0x190C,0x1066,0x0004,0x38CC,0x282D,
  0x180A,0x2829,0x480C,0x580C,0x4829,0x3027,0x3008,0x608C,0x9991,0x70CD,0x2808,0x2028,0x0823,0x0001,0x0002,0x0003,
  0x0023,0x0889,0x0866,0x08A8,0x31EE,0x10EA,0x090B,0x08E8,0x0004,0x0044,0x0024,0x0024,0x0023,0x0001,0x0001,0x0001,
  0x0824,0x204B,0x400A,0x996A,0xAD55,0xAB8F,0x5806,0x288A,0x1869,0x484B,0x2003,0x0001,0x0802,0x0001,0x0023,0x0823,
  0x0022,0x1088,0x1889,0x10A9,0x10A8,0x18C9,0x18EA,0x18A9,0x2068,0x48B0,0x206F,0x208E,0x502B,0x7090,0x614C,0x0021,
  0x0024,0x0824,0x0001,0x0002,0x1087,0x1087,0x1087,0x1067,0x0844,0x0868,0x004E,0x3395,0x3355,0x60D4,0x382C,0x0002,
  0x3808,0x900F,0x800C,0x800A,0x90AB,0xAD15,0xA311,0xA3B2,0xA24B,0x7024,0x5805,0x9048,0x7865,0xA2CB,0xA530,0xACD3,
  0x888E,0x506E,0x38AD,0x288D,0x30AE,0x38AF,0x30AF,0x30D0,0x30D1,0x29F4,0x3C75,0x7555,0x5D15,0x1C35,0x2C55,0x4CD5,
  0x44D5,0x6D35,0x8D35,0x7555,0x2B95,0x19B5,0x1A15,0x0AF5,0x44B5,0x6D35,0x5CF5,0x6D15,0x6515,0x13B5,0x02B5,0x01F5,
  0x208A,0x408C,0x608D,0x608D,0x588C,0x408C,0x286C,0x696F,0x38AE,0x204D,0x20F0,0x0195,0x0B15,0x5535,0x64F5,0x0214,
  0x0134,0x0133,0x0047,0x00AA,0x00A9,0x08AB,0x08CB,0x08A9,0x0001,0x0022,0x1045,0x1805,0x1868,0x40F0,0x38CD,0x0822,
  0x0002,0x0804,0x0805,0x0804,0x0803,0x1003,0x1805,0x2807,0x2807,0x3828,0x4008,0x708D,0xA094,0xA034,0xA014,0xA295,
  0xA4B5,0xA194,0xA4B5,0xA295,0xA014,0xA015,0x9835,0x602F,0x480D,0x6831,0x480D,0x1806,0x482C,0x6030,0x2007,0x0803,
  0x0002,0x1806,0x2828,0x1805,0x0803,0x0002,0x1085,0x4149,0x1063,0x0823,0x0022,0x28C8,0x2889,0x0001,0x0001,0x0022,
  0x0045,0x0045,0x0023,0x18A7,0x1047,0x0823,0x0002,0x0865,0x30C7,0x1086,0x0023,0x0045,0x0066,0x0066,0x0046,0x0045,
  0x0046,0x0045,0x0002,0x0001,0x0022,0x0043,0x0865,0x0865,0x0866,0x0866,0x10A7,0x2929,0x0046,0x0045,0x0884,0x322F,
  0x110E,0x08ED,0x110D,0x4271,0x0930,0x0111,0x01B3,0x0253,0x01AF,0x00D0,0x3BB4,0x5535,0x5D15,0x4D15,0x4D35,0x3435,
  0x0295,0x0214,0x00CE,0x09CF,0x00AA,0x00CB,0x00AA,0x00AB,0x0046,0x0066,0x0045,0x0045,0x0045,0x0045,0x0866,0x0023,
  0x0862,0x324E,0x0089,0x0043,0x0844,0x194F,0x1170,0x08AA,0x3A0E,0x20E9,0x2082,0x0821,0x0001,0x0001,0x0001,0x0002,
  0x0002,0x0001,0x0001,0x0802,0x2808,0x1808,0x0008,0x0048,0x310C,0x40EB,0x0823,0x2065,0x0003,0x010B,0x00A9,0x00AA,
  0x00A9,0x10C8,0x00AA,0x00AA,0x0045,0x0065,0x0022,0x10C9,0x0889,0x08A9,0x10AA,0x18A8,0x0823,0x0027,0x412D,0x288C,
  0x180C,0x508F,0x3048,0x1024,0x500A,0x602B,0x892F,0x9170,0x5069,0x2007,0x2027,0x1825,0x0001,0x0001,0x0023,0x0023,
  0x0022,0x0887,0x10A8,0x190B,0x110A,0x0089,0x0886,0x0065,0x0024,0x0044,0x0024,0x0024,0x0022,0x0001,0x0001,0x0001,
  0x0002,0x284B,0x502B,0x4023,0x80C5,0x9127,0x5848,0x1869,0x384A,0x4807,0x0001,0x0801,0x0802,0x0002,0x0824,0x0823,
  0x0001,0x1045,0x188A,0x1089,0x18A8,0x18EA,0x18A9,0x10A9,0x288A,0x50B1,0x208F,0x208E,0x406D,0x680E,0x692D,0x0842,
  0x0824,0x0824,0x0002,0x0001,0x0845,0x1088,0x1088,0x1067,0x1888,0x0845,0x006E,0x2B95,0x44B5,0x39B5,0x4851,0x1828,
  0x1803,0x602B,0x780C,0x780A,0x802A,0xA453,0xA452,0xA351,0x99AA,0x78C6,0x4003,0x7887,0x8085,0x996B,0xA38D,0xA533,
  0x9170,0x582E,0x38AD,0x288D,0x30AE,0x40D0,0x38D0,0x30D0,0x30D1,0x21B4,0x3455,0x7535,0x6D15,0x54F5,0x5D15,0x7535,
  0x6D15,0x7D15,0x9515,0x7D35,0x2BB5,0x19B5,0x1A15,0x0B15,0x44B5,0x7D15,0x6D15,0x7515,0x6D15,0x1BF5,0x0315,0x0214,
  0x2069,0x488C,0x688D,0x78AE,0x78AE,0x508C,0x308B,0x308B,0x286D,0x286D,0x1952,0x0195,0x2C14,0x8514,0x33B5,0x0153,
  0x0134,0x00CC,0x0088,0x00AB,0x0067,0x08AB,0x08CC,0x0023,0x0001,0x0043,0x2026,0x506B,0x30ED,0x38EF,0x28AA,0x0001,
  0x1805,0x0805,0x0825,0x0804,0x1003,0x1003,0x2006,0x2807,0x3007,0x4009,0x582B,0x98F3,0xA034,0x9834,0x9AB4,0x9C34,
  0xA3D5,0xA294,0x9A34,0x9814,0xA035,0x8833,0x582F,0x582F,0x6832,0x502E,0x1807,0x404A,0x482B,0x1004,0x0001,0x0802,
  0x0802,0x0002,0x0001,0x0823,0x3108,0x3108,0x1884,0x1083,0x0002,0x0805,0x394A,0x3109,0x0002,0x0001,0x0001,0x0044,
  0x0045,0x0045,0x0889,0x18C9,0x1063,0x0023,0x1928,0x18C7,0x210A,0x0865,0x0024,0x0046,0x0045,0x0045,0x0045,0x0046,
  0x0045,0x0844,0x08A5,0x0024,0x0866,0x0866,0x0887,0x0866,0x10A8,0x0886,0x0864,0x10A7,0x0045,0x0002,0x31CB,0x112E,
  0x08CD,0x190D,0x3A51,0x1170,0x0111,0x01F4,0x01B0,0x00CC,0x00EF,0x0A94,0x4CF4,0x4CF4,0x3CF4,0x5514,0x3C74,0x02B4,
  0x01F3,0x010F,0x00EE,0x090D,0x00CC,0x00AB,0x090B,0x0886,0x0045,0x0045,0x0044,0x0045,0x0045,0x0045,0x0023,0x0001,
  0x29C9,0x10E7,0x0002,0x0886,0x112F,0x1971,0x08AB,0x296B,0x30E5,0x0821,0x0001,0x0001,0x0001,0x0002,0x0003,0x0023,
  0x0001,0x0002,0x0003,0x2008,0x1809,0x012D,0x11AF,0x180C,0x8131,0x1824,0x0001,0x0001,0x0066,0x00AA,0x00A9,0x00CA,
  0x0046,0x0067,0x08CB,0x18C7,0x49A8,0x1064,0x0001,0x10A7,0x08A9,0x08A9,0x10AA,0x1086,0x0845,0x0047,0x38CC,0x20AC,
  0x208E,0x1848,0x1806,0x380A,0x786E,0xA293,0x78CD,0x2805,0x2007,0x2028,0x2027,0x0802,0x0001,0x0022,0x0024,0x0023,
  0x0001,0x0067,0x18EA,0x18C7,0x0046,0x008A,0x0046,0x0025,0x0046,0x0044,0x0024,0x0024,0x0001,0x0002,0x0001,0x0001,
  0x0001,0x4029,0x602C,0x0803,0x3864,0x2002,0x2848,0x284A,0x604B,0x1002,0x0001,0x0802,0x0823,0x0823,0x0024,0x0824,
  0x0002,0x0822,0x1066,0x1088,0x1088,0x10A9,0x18AA,0x10AA,0x1848,0x58D0,0x184C,0x286F,0x306E,0x602D,0x60EB,0x0844,
  0x0846,0x0824,0x0023,0x0001,0x0823,0x1068,0x20E9,0x18A8,0x18CB,0x0888,0x086B,0x01D3,0x54B5,0x22B4,0x2852,0x282A,
  0x0802,0x1823,0x700B,0x780A,0x7809,0xA331,0x9CB3,0xA391,0x80A8,0x7107,0x3823,0x6086,0x80E5,0x998B,0x994C,0xA4EF,
  0x9AB1,0x600D,0x38AD,0x288C,0x28AE,0x48D1,0x40D1,0x30D0,0x30D1,0x29B3,0x3C55,0x7514,0x7CF4,0x6CF5,0x6CF4,0x74F4,
  0x6CF4,0x7CF4,0x8D14,0x7514,0x2BB4,0x19B4,0x1A14,0x0AF4,0x4CB4,0x7D15,0x64F4,0x74F4,0x6D14,0x1BF4,0x02F4,0x0214,
  0x1868,0x306A,0x486B,0x588C,0x588C,0x406B,0x308B,0x208B,0x206C,0x28AE,0x1174,0x0A34,0x44D4,0x64D4,0x0A34,0x0153,
  0x0171,0x0089,0x00CC,0x0067,0x0067,0x08CB,0x0887,0x0001,0x0823,0x0023,0x2826,0x40CE,0x28CC,0x38EE,0x1066,0x1003,
  0x3028,0x0004,0x1025,0x0803,0x0803,0x1825,0x2006,0x2806,0x3808,0x4809,0x8090,0x9854,0x9813,0x9A34,0x9C54,0x99D2,
  0x9AD3,0x98F3,0x9814,0x9034,0x600F,0x402B,0x5811,0x6011,0x6071,0x300A,0x2006,0x2026,0x0001,0x0802,0x0803,0x0803,
  0x1025,0x0003,0x1065,0x498C,0x312A,0x0844,0x0002,0x0001,0x1066,0x1024,0x1844,0x1022,0x0001,0x0001,0x0846,0x0847,
  0x1068,0x38EC,0x1066,0x0001,0x0023,0x3169,0x4189,0x0846,0x0887,0x0002,0x0045,0x0045,0x0024,0x0045,0x0844,0x0003,
  0x0002,0x0866,0x0886,0x0845,0x0866,0x0887,0x0888,0x18E9,0x10A8,0x0045,0x0044,0x0024,0x0002,0x2147,0x2A11,0x08EF,
  0x214D,0x29CF,0x0191,0x0130,0x01B1,0x00C9,0x008A,0x0173,0x01F4,0x3414,0x2CF4,0x2CB4,0x5CF4,0x4494,0x02D4,0x0234,
  0x014F,0x014F,0x1170,0x00AA,0x08EA,0x08CA,0x0888,0x0045,0x0065,0x0044,0x0045,0x0045,0x0044,0x0022,0x0001,0x10A4,
  0x21C9,0x0002,0x0866,0x112F,0x1951,0x10ED,0x0088,0x1084,0x0001,0x0001,0x0001,0x0022,0x0002,0x0023,0x0044,0x0001,
  0x0002,0x0024,0x1006,0x300A,0x086D,0x23F4,0x44D4,0x1A74,0x208C,0x0002,0x0864,0x0886,0x0088,0x00A9,0x00A9,0x0088,
  0x0887,0x08CA,0x0086,0x1883,0x69C6,0x1021,0x0001,0x1086,0x10C9,0x10AA,0x10CA,0x0865,0x0868,0x0868,0x502E,0x184A,
  0x308C,0x1828,0x2028,0x400A,0x9171,0x9A92,0x5809,0x3028,0x2028,0x2028,0x1024,0x0001,0x0002,0x0023,0x0024,0x0023,
  0x0001,0x10C8,0x08A8,0x0046,0x0069,0x094D,0x12D1,0x0048,0x0066,0x0024,0x0024,0x0023,0x0001,0x0002,0x0001,0x0002,
  0x0001,0x4027,0x500A,0x2065,0x79CA,0x2024,0x1848,0x506B,0x3044,0x0001,0x0801,0x0803,0x0823,0x0824,0x0845,0x0824,
  0x0002,0x0001,0x0022,0x1088,0x18A9,0x10A9,0x10A9,0x18AA,0x1867,0x60D0,0x202E,0x286F,0x286E,0x586D,0x60CA,0x0843,
  0x1067,0x0824,0x0824,0x0022,0x0001,0x1046,0x18A9,0x18A8,0x18A9,0x18AC,0x086A,0x0193,0x3C54,0x4C34,0x20D3,0x282A,
  0x1004,0x0001,0x5809,0x802B,0x7008,0x9AB0,0x9C12,0x9C73,0x7026,0x60E6,0x38C4,0x4824,0x7106,0x92A9,0x80CF,0x928A,
  0x9BD1,0x680D,0x38AD,0x288D,0x30AE,0x48F1,0x48F1,0x30D0,0x30D1,0x29D3,0x4474,0x7CF4,0x7CF4,0x74F4,0x74F4,0x74F4,
  0x64D4,0x6CD4,0x84F4,0x6CF4,0x2BB4,0x19B4,0x1A14,0x1334,0x5CD4,0x7CF4,0x5CD4,0x6CD4,0x6CF4,0x1BD4,0x0294,0x01F4,
  0x1868,0x2068,0x3069,0x386A,0x406A,0x386B,0x288A,0x288B,0x206C,0x290F,0x0954,0x2334,0x44D4,0x2B94,0x01B3,0x0193,
  0x094E,0x00AC,0x00AB,0x0066,0x0868,0x08AA,0x0022,0x0001,0x0822,0x1824,0x40CD,0x38EE,0x30ED,0x38ED,0x0823,0x4029,
  0x1826,0x0805,0x0804,0x0803,0x1004,0x1805,0x2806,0x3007,0x4008,0x602C,0x9853,0x9813,0x9233,0x9BB4,0x9B74,0x9332,
  0x9011,0x9854,0x8032,0x500D,0x3029,0x500F,0x5831,0x8174,0x492F,0x0804,0x0824,0x0002,0x0803,0x0803,0x0825,0x1027,
  0x0826,0x28E8,0x3129,0x1885,0x0002,0x0824,0x2909,0x0864,0x1022,0x4065,0x0802,0x0001,0x0001,0x0868,0x106A,0x188A,
  0x2069,0x2045,0x0002,0x18E7,0x1109,0x30C5,0x3885,0x0867,0x0022,0x0024,0x0046,0x0025,0x0845,0x0845,0x0022,0x0884,
  0x08A6,0x0845,0x0867,0x0887,0x0888,0x08A9,0x10A8,0x20E8,0x0865,0x0065,0x0044,0x0023,0x0842,0x3A4E,0x0931,0x214D,
  0x320F,0x09D2,0x01D2,0x014C,0x0043,0x0069,0x0173,0x09B4,0x0AF4,0x44D3,0x3CB4,0x64D4,0x3C54,0x02B3,0x01D3,0x0971,
  0x0970,0x00EF,0x21CD,0x08C8,0x08CA,0x0088,0x0066,0x0065,0x0024,0x0045,0x0065,0x0044,0x0001,0x0001,0x0001,0x19C9,
  0x0885,0x0865,0x112E,0x1971,0x10CA,0x0043,0x0001,0x0001,0x0001,0x0001,0x0023,0x0023,0x0024,0x0866,0x0022,0x0001,
  0x0023,0x0024,0x300A,0x200D,0x1AD3,0x5CD4,0x1333,0x01B2,0x20AE,0x2889,0x0023,0x0067,0x0067,0x0068,0x0087,0x0068,
  0x2149,0x10A6,0x0002,0x1884,0x1042,0x0002,0x0001,0x0886,0x10CA,0x10AA,0x08A8,0x0045,0x0889,0x0888,0x202A,0x304A,
  0x40AB,0x1807,0x2009,0x600C,0x9AD3,0x892F,0x5009,0x484B,0x2009,0x1827,0x0001,0x0001,0x0002,0x0024,0x0045,0x0045,
  0x0022,0x1909,0x0868,0x0887,0x006A,0x1270,0x1B33,0x0049,0x0066,0x0024,0x0024,0x0002,0x0001,0x0002,0x0023,0x0022,
  0x0001,0x1003,0x2808,0x30E6,0x828C,0x1805,0x386A,0x4867,0x0001,0x0801,0x0803,0x0823,0x0823,0x0024,0x2088,0x1045,
  0x0023,0x0001,0x0001,0x0866,0x10A9,0x1089,0x18AA,0x18A9,0x1846,0x60D0,0x282F,0x284E,0x204E,0x58AE,0x60CA,0x0023,
  0x1088,0x0824,0x0824,0x0823,0x0001,0x0843,0x20C9,0x1888,0x18A8,0x210C,0x106A,0x00EF,0x1B34,0x8CD4,0x31B2,0x1808,
  0x1826,0x0801,0x2805,0x802B,0x7008,0x9A50,0x9B50,0x93B0,0x78A7,0x5085,0x5166,0x3823,0x60C6,0x8306,0x79EF,0x682B,
  0x9BAD,0x68CE,0x388D,0x28AD,0x28AE,0x40D0,0x40D1,0x30CF,0x30B0,0x29B3,0x4454,0x7CD4,0x7CD4,0x64B4,0x64B4,0x64B4,
  0x3453,0x4474,0x7CD4,0x6CD4,0x2B94,0x1994,0x19D3,0x1B13,0x4C94,0x54B4,0x2BF4,0x2BF4,0x2BF4,0x0AB4,0x01D4,0x0173,
  0x1868,0x2068,0x3069,0x386A,0x406A,0x406B,0x286A,0x206B,0x206B,0x2930,0x01B3,0x3C33,0x5CB3,0x0A93,0x0132,0x00F0,
  0x0069,0x00CE,0x0089,0x0046,0x0889,0x0866,0x0001,0x0001,0x2003,0x508D,0x4150,0x4130,0x4130,0x28CA,0x2025,0x3849,
  0x0004,0x1005,0x0803,0x0802,0x1805,0x1805,0x3808,0x3808,0x5009,0x8050,0x9013,0x91B3,0x9413,0x9373,0x9433,0x9172,
  0x9012,0x7030,0x400B,0x380A,0x500F,0x6092,0x69B3,0x392F,0x0026,0x0826,0x0825,0x0803,0x0804,0x0826,0x1047,0x0827,
  0x20C9,0x28E8,0x0825,0x1886,0x18A7,0x396B,0x20C8,0x0823,0x1043,0x1822,0x0001,0x0001,0x0847,0x106A,0x1869,0x106A,
  0x090E,0x0005,0x116C,0x19CC,0x0841,0x1064,0x1088,0x0844,0x0002,0x0045,0x0845,0x0845,0x0844,0x0001,0x0043,0x110B,
  0x10C9,0x1088,0x10AA,0x0889,0x10A9,0x18C9,0x0866,0x0867,0x0867,0x0844,0x0023,0x0001,0x2988,0x1970,0x110D,0x320F,
  0x09D2,0x01D1,0x00C8,0x0001,0x0067,0x0132,0x0173,0x0233,0x1C73,0x64B3,0x54B3,0x2453,0x0253,0x0171,0x0150,0x0130,
  0x010F,0x012E,0x0067,0x008A,0x0089,0x0067,0x0045,0x0024,0x0045,0x0066,0x0023,0x0001,0x0001,0x0001,0x00C4,0x0968,
  0x0025,0x194F,0x1150,0x0886,0x0001,0x0001,0x0001,0x0001,0x0001,0x0023,0x0023,0x0844,0x08A8,0x0023,0x0001,0x0002,
  0x0002,0x1025,0x300C,0x2191,0x5CB3,0x22F3,0x01F2,0x084C,0x70AC,0x40A8,0x0046,0x0068,0x10E9,0x0887,0x0005,0x110A,
  0x0822,0x0002,0x20A5,0x4126,0x0002,0x0044,0x0001,0x0865,0x10AA,0x10CA,0x0865,0x0868,0x0888,0x0888,0x0847,0x2828,
  0x2028,0x2868,0x60AC,0x80AF,0x9332,0x782C,0x504A,0x384A,0x2009,0x0823,0x0001,0x0002,0x0023,0x0045,0x0046,0x0066,
  0x0002,0x0047,0x0045,0x0866,0x008B,0x1B52,0x0A72,0x0069,0x0066,0x0044,0x0023,0x0001,0x0022,0x0003,0x0023,0x0022,
  0x0001,0x0001,0x2027,0x2064,0x2884,0x2008,0x58AA,0x0822,0x0001,0x0001,0x0824,0x0824,0x0823,0x0824,0x0806,0x0825,
  0x0824,0x0002,0x0002,0x0823,0x1088,0x10A9,0x18CA,0x188A,0x1025,0x58CF,0x282E,0x284E,0x284F,0x486F,0x58AA,0x0023,
  0x1068,0x0845,0x0845,0x0844,0x0001,0x0001,0x1066,0x1889,0x18A9,0x20EB,0x108A,0x0828,0x01F2,0x4C73,0x3A11,0x2009,
  0x2049,0x1804,0x1002,0x6828,0x6808,0x89AE,0x9310,0x826C,0x68A6,0x5885,0x61E7,0x3043,0x5865,0x6A05,0x82EE,0x400E,
  0x7A2C,0x79AE,0x386D,0x28AC,0x28AD,0x30AE,0x30AE,0x28AE,0x30AF,0x2992,0x3C13,0x74B3,0x6CB3,0x3C33,0x33F3,0x3C33,
  0x23D3,0x4433,0x7CB3,0x6CB3,0x2B73,0x1953,0x1973,0x0A13,0x1313,0x1313,0x02B3,0x0273,0x0233,0x01B3,0x0193,0x0112,
  0x2068,0x3869,0x504A,0x504A,0x486B,0x406B,0x286A,0x206B,0x206C,0x2152,0x0A73,0x4C93,0x3BF3,0x0152,0x00F2,0x00ED,
  0x008B,0x008B,0x0067,0x0067,0x0888,0x0823,0x1023,0x0001,0x386A,0x38CF,0x310E,0x3930,0x4951,0x1888,0x3848,0x1826,
  0x0805,0x0804,0x0803,0x1004,0x1806,0x2006,0x3808,0x4008,0x682D,0x9013,0x88F2,0x93D3,0x9373,0x9433,0x9193,0x8812,
  0x582D,0x380A,0x3009,0x502E,0x6893,0x4912,0x106E,0x0005,0x0026,0x0847,0x0804,0x0826,0x0847,0x0847,0x0847,0x1088,
  0x1886,0x0003,0x1867,0x1025,0x18A6,0x18A6,0x0824,0x490A,0x3086,0x0001,0x0001,0x1045,0x186B,0x104A,0x08CD,0x19CE,
  0x114D,0x112C,0x118C,0x0043,0x0846,0x1089,0x1065,0x0001,0x0024,0x0846,0x0845,0x0824,0x0001,0x0845,0x08AA,0x0868,
  0x0868,0x10AA,0x18AA,0x20EA,0x396B,0x18A7,0x0846,0x0846,0x0844,0x0824,0x0002,0x10A3,0x29EF,0x10CD,0x320F,0x0991,
  0x010B,0x0044,0x0002,0x00CA,0x0151,0x0172,0x0192,0x0393,0x2493,0x5493,0x1C53,0x0253,0x0151,0x0150,0x014F,0x00ED,
  0x092D,0x098D,0x08A9,0x00AA,0x0067,0x0066,0x0023,0x0044,0x0046,0x0022,0x0001,0x0001,0x0001,0x0001,0x01A8,0x0886,
  0x192E,0x110C,0x0023,0x0001,0x0001,0x0022,0x0001,0x2063,0x1043,0x0044,0x0866,0x08A9,0x0043,0x0001,0x0002,0x0003,
  0x0002,0x3008,0x282D,0x2272,0x3BF3,0x01D3,0x0890,0x480B,0x2066,0x0022,0x0026,0x10C9,0x5AAF,0x10C8,0x31CA,0x0885,
  0x0002,0x0045,0x30E5,0x1863,0x0024,0x0024,0x0001,0x0843,0x10AA,0x0887,0x0845,0x10A9,0x0888,0x0888,0x1048,0x404A,
  0x1007,0x3869,0x786D,0x9272,0x91F0,0x680B,0x3849,0x2829,0x1806,0x0001,0x0001,0x0023,0x0045,0x0045,0x0046,0x0065,
  0x0023,0x0046,0x0044,0x0088,0x010D,0x1BD3,0x01B1,0x00AA,0x0046,0x0066,0x0023,0x0001,0x0023,0x0024,0x0023,0x0023,
  0x0001,0x0001,0x0805,0x4906,0x38C5,0x4049,0x2043,0x0801,0x0001,0x0002,0x0824,0x0824,0x0824,0x0845,0x1888,0x0824,
  0x1865,0x0823,0x0803,0x0825,0x0866,0x188A,0x188A,0x186A,0x1026,0x60EF,0x182B,0x304E,0x304F,0x4051,0x4869,0x0023,
  0x1088,0x0846,0x1065,0x1045,0x0001,0x0001,0x0022,0x1068,0x18A9,0x20CA,0x18AA,0x0847,0x008C,0x09F1,0x1150,0x282B,
  0x286A,0x2026,0x1002,0x3824,0x7008,0x78EC,0x9330,0x79CA,0x5886,0x60A6,0x61A7,0x3905,0x4844,0x5124,0x830B,0x404E,
  0x48CD,0x71CD,0x308D,0x20AC,0x28AD,0x30AE,0x30AE,0x28AE,0x30CF,0x2172,0x33D3,0x6C93,0x6493,0x3413,0x2BD3,0x3C13,
  0x3413,0x5C73,0x7C93,0x6493,0x2333,0x1113,0x1133,0x0973,0x01D3,0x0213,0x0293,0x0293,0x01D3,0x0193,0x0193,0x0112,
  0x3849,0x78AB,0x914D,0x890D,0x788D,0x486C,0x386B,0x286B,0x28AD,0x1172,0x2332,0x4C72,0x0A52,0x0133,0x0130,0x008A,
  0x008B,0x0068,0x0046,0x0868,0x0865,0x1003,0x1023,0x1867,0x38CE,0x30CD,0x28CD,0x30EE,0x310E,0x2867,0x3848,0x0804,
  0x1005,0x0804,0x1004,0x1805,0x2006,0x2807,0x4008,0x5009,0x8030,0x8872,0x8B52,0x8B53,0x8C13,0x89B2,0x9013,0x582C,
  0x2808,0x3009,0x402C,0x6092,0x30B2,0x084E,0x0026,0x0024,0x008A,0x0826,0x0848,0x0869,0x0847,0x0846,0x0847,0x1087,
  0x0823,0x0003,0x0844,0x0824,0x0002,0x1064,0x594B,0x4066,0x1002,0x0001,0x1845,0x1849,0x002A,0x1A0F,0x4BF3,0x08AA,
  0x0824,0x18E6,0x0804,0x1048,0x186A,0x1867,0x0001,0x0002,0x1025,0x1025,0x0823,0x0001,0x0824,0x108B,0x0869,0x1088,
  0x18A9,0x1889,0x2089,0x20A8,0x1868,0x0827,0x0844,0x0022,0x0002,0x0002,0x0001,0x29AA,0x112E,0x29EF,0x096E,0x0066,
  0x0001,0x0003,0x0046,0x01B1,0x01B3,0x0152,0x1272,0x0C72,0x2C72,0x3C72,0x0272,0x0192,0x0171,0x014F,0x00AC,0x094D,
  0x012D,0x00A9,0x0067,0x0066,0x0067,0x0044,0x0044,0x0065,0x0022,0x0001,0x0001,0x0001,0x0001,0x00C4,0x09AA,0x10EB,
  0x08A7,0x0001,0x0001,0x0001,0x0843,0x0842,0x0822,0x38A4,0x5105,0x0888,0x08A9,0x0844,0x0001,0x0002,0x0003,0x0002,
  0x2006,0x380C,0x1848,0x0009,0x00CF,0x0171,0x400E,0x4007,0x0001,0x0023,0x0866,0x5A2A,0x1066,0x3168,0x51C6,0x18A4,
  0x3988,0x0004,0x0844,0x0024,0x0044,0x0024,0x0002,0x0023,0x10AA,0x0043,0x0887,0x0888,0x1088,0x0868,0x388C,0x304A,
  0x1006,0x2808,0x686D,0x9333,0x786D,0x4009,0x2008,0x2828,0x0802,0x0001,0x0023,0x0046,0x0067,0x0045,0x0045,0x0065,
  0x0043,0x0065,0x0088,0x0089,0x09CF,0x13B3,0x010E,0x00AA,0x0067,0x0066,0x0022,0x0001,0x0023,0x0025,0x0023,0x0023,
  0x0001,0x0001,0x0823,0x30A6,0x4087,0x3065,0x0001,0x1803,0x0001,0x0002,0x0824,0x0825,0x0847,0x0826,0x0806,0x0825,
  0x1867,0x1024,0x0804,0x180A,0x0825,0x1089,0x188A,0x1869,0x1025,0x6870,0x402F,0x302D,0x380F,0x4831,0x48EA,0x0023,
  0x1067,0x0866,0x1086,0x1066,0x0002,0x0001,0x0001,0x0845,0x20C9,0x20C9,0x18A9,0x1066,0x0826,0x18EC,0x396C,0x3869,
  0x286A,0x2848,0x1803,0x1802,0x5807,0x6889,0x9391,0x6928,0x4045,0x68C8,0x6906,0x49A5,0x2822,0x58E4,0x72A8,0x48EE,
  0x306E,0x38CD,0x28AC,0x208C,0x28AD,0x38AE,0x30AE,0x30AE,0x30AF,0x2971,0x33D3,0x6472,0x6473,0x4453,0x4452,0x4452,
  0x2C12,0x4C52,0x7472,0x5C73,0x1B32,0x1112,0x1932,0x09D2,0x0233,0x0233,0x0233,0x0233,0x09D3,0x01B3,0x0193,0x0132,
  0x4049,0x896C,0x8AED,0x8A8D,0x890D,0x606D,0x406D,0x304C,0x310F,0x09D2,0x43D2,0x33F2,0x0152,0x0172,0x00CC,0x008B,
  0x008A,0x0047,0x0046,0x1067,0x0022,0x2024,0x1845,0x28CC,0x30CC,0x40CC,0x30CC,0x30CC,0x30EC,0x50AA,0x2026,0x0805,
  0x1004,0x1004,0x1004,0x2006,0x2006,0x3007,0x4007,0x682B,0x8812,0x8A92,0x8B72,0x8BB2,0x81F2,0x8812,0x602D,0x3008,
  0x506D,0x406B,0x4870,0x2892,0x106F,0x0028,0x0003,0x008B,0x0868,0x0848,0x0869,0x0868,0x0847,0x0847,0x0845,0x0843,
  0x0002,0x0823,0x0843,0x0823,0x0022,0x2065,0x3865,0x0001,0x0001,0x0823,0x204A,0x282A,0x31AF,0x4C12,0x118F,0x08A9,
  0x0023,0x0805,0x1869,0x1869,0x2048,0x0823,0x0002,0x1024,0x1004,0x0802,0x0001,0x0823,0x108A,0x1069,0x18A9,0x20A9,
  0x1068,0x208A,0x2069,0x1828,0x1027,0x0824,0x0803,0x0802,0x0803,0x0003,0x18C6,0x29EF,0x21CF,0x092B,0x0022,0x0001,
  0x0024,0x0025,0x00CB,0x0151,0x0111,0x09D2,0x3C32,0x1452,0x5C52,0x1292,0x0151,0x01B2,0x010F,0x00AB,0x116D,0x090C,
  0x00CB,0x0087,0x0066,0x0067,0x0046,0x0024,0x0065,0x0022,0x0001,0x0001,0x0001,0x0002,0x0023,0x19EA,0x08E9,0x0023,
  0x0001,0x0001,0x0023,0x0023,0x1043,0x0022,0x38C4,0x3906,0x0047,0x10CA,0x0865,0x0001,0x0001,0x0002,0x0022,0x0804,
  0x280A,0x1005,0x0001,0x0823,0x2027,0x1008,0x4808,0x1003,0x0002,0x0004,0x30E6,0x2882,0x1084,0x7249,0x0801,0x5A28,
  0x2062,0x5249,0x4965,0x0004,0x0044,0x0024,0x0022,0x0022,0x0865,0x0844,0x0888,0x0888,0x0888,0x0888,0x2029,0x1026,
  0x1826,0x4009,0x81F0,0x89F0,0x500A,0x2829,0x2828,0x1024,0x0001,0x0002,0x0045,0x0088,0x0066,0x0044,0x0044,0x0844,
  0x0022,0x0086,0x00A9,0x008A,0x0AB0,0x0AF1,0x00AC,0x00A9,0x0045,0x0044,0x0002,0x0001,0x0024,0x0045,0x0023,0x0023,
  0x0002,0x0001,0x0822,0x1847,0x3847,0x0001,0x0002,0x1803,0x0001,0x0002,0x0804,0x0826,0x0827,0x1869,0x414C,0x1028,
  0x0806,0x0003,0x0803,0x202B,0x1026,0x0846,0x208B,0x1849,0x2027,0x78B0,0x5831,0x302E,0x380E,0x5051,0x38A7,0x0023,
  0x1067,0x0866,0x1887,0x1867,0x0023,0x0022,0x0001,0x0023,0x18A9,0x18A8,0x1888,0x1087,0x1025,0x10A9,0x4A2E,0x3887,
  0x3089,0x2848,0x2024,0x1822,0x3804,0x6848,0x8BD2,0x6108,0x2824,0x60E8,0x68E7,0x6245,0x1001,0x5124,0x6A26,0x516D,
  0x286D,0x288C,0x208C,0x208B,0x208C,0x30AD,0x30AE,0x30AE,0x30AE,0x2951,0x33B2,0x6472,0x6452,0x4432,0x4C52,0x4C52,
  0x4452,0x5452,0x6C52,0x5C72,0x1B32,0x1912,0x1952,0x0A32,0x02D2,0x0272,0x01B2,0x0192,0x01D2,0x01D2,0x01D2,0x0152,
  0x4048,0x812B,0x8A8D,0x826D,0x890D,0x584C,0x486D,0x384D,0x3170,0x0A32,0x5432,0x2AB2,0x00D1,0x0130,0x00AB,0x008B,
  0x0089,0x0046,0x0846,0x0844,0x0801,0x4046,0x208A,0x28AB,0x30CC,0x48ED,0x40EC,0x30AB,0x516E,0x596C,0x0804,0x1025,
  0x0804,0x0803,0x1004,0x2007,0x2807,0x3807,0x5028,0x8010,0x8952,0x8392,0x8BB2,0x8251,0x8812,0x682E,0x3008,0x404B,
  0x3068,0x202C,0x2092,0x1890,0x0049,0x0003,0x00AB,0x00AC,0x0868,0x0869,0x0869,0x0868,0x0847,0x1088,0x20E6,0x0001,
  0x1066,0x0845,0x0002,0x0022,0x0823,0x1003,0x0801,0x0001,0x0802,0x2829,0x406D,0x408C,0x188A,0x096E,0x006A,0x08E9,
  0x0868,0x1848,0x1848,0x1827,0x1025,0x0001,0x1004,0x1004,0x0802,0x0801,0x0823,0x1069,0x1869,0x2089,0x2089,0x1848,
  0x308B,0x306A,0x1827,0x1025,0x1003,0x2004,0x1825,0x1004,0x1004,0x0802,0x2A0D,0x1A0F,0x08C6,0x0802,0x0001,0x0024,
  0x0025,0x0087,0x0150,0x00D0,0x0171,0x3372,0x2C52,0x3452,0x3B51,0x0130,0x0191,0x00ED,0x00AA,0x116D,0x114D,0x008B,
  0x00CA,0x0086,0x0066,0x0067,0x0044,0x0045,0x0002,0x0001,0x0001,0x0001,0x0023,0x0003,0x0864,0x1108,0x0026,0x0002,
  0x0002,0x0024,0x0023,0x3048,0x2869,0x18C8,0x1086,0x0889,0x08AA,0x0886,0x0001,0x0001,0x0002,0x0022,0x0002,0x0825,
  0x0823,0x0021,0x0024,0x0002,0x0843,0x1023,0x0822,0x0001,0x2108,0x296A,0x3168,0x0022,0x3883,0x2021,0x3124,0x4924,
  0x28E4,0x8A45,0x2841,0x0023,0x0044,0x0024,0x0023,0x0001,0x0865,0x0887,0x0888,0x0888,0x0888,0x1067,0x1006,0x1026,
  0x1806,0x504B,0x8AB1,0x706C,0x3008,0x300A,0x1827,0x0001,0x0002,0x0023,0x0067,0x0087,0x0045,0x0044,0x0866,0x0865,
  0x0024,0x0045,0x0068,0x00AB,0x1B72,0x0A0F,0x0089,0x0046,0x0025,0x0025,0x0025,0x0002,0x0865,0x0045,0x0024,0x0023,
  0x0002,0x0001,0x0002,0x4828,0x1002,0x0001,0x0803,0x1003,0x0001,0x0824,0x0826,0x1027,0x1027,0x1849,0x390C,0x1829,
  0x38CB,0x3088,0x0002,0x2009,0x202A,0x0825,0x1829,0x202A,0x3809,0x8A51,0x7091,0x400F,0x302E,0x5030,0x2846,0x0023,
  0x1067,0x0846,0x18A8,0x1867,0x0823,0x0844,0x0001,0x0001,0x0844,0x1888,0x1888,0x1887,0x1045,0x0847,0x19F0,0x20C9,
  0x30A7,0x2867,0x2025,0x3023,0x1802,0x6848,0x8B50,0x58A7,0x2024,0x48E6,0x68C7,0x7A67,0x1001,0x4104,0x6A05,0x51AC,
  0x284D,0x208B,0x208B,0x208B,0x208B,0x28AD,0x30AD,0x30AD,0x308E,0x2950,0x3392,0x5C52,0x6432,0x5432,0x5C32,0x6432,
  0x6432,0x6C32,0x6C32,0x5452,0x2332,0x1912,0x1952,0x0A12,0x02B2,0x0252,0x01B2,0x0192,0x01D2,0x01F2,0x01F2,0x0151,
  0x4049,0x814B,0x828D,0x822D,0x80CC,0x584C,0x486D,0x404D,0x2970,0x22B1,0x6C31,0x11B1,0x00D1,0x00ED,0x00AA,0x008A,
  0x0088,0x0046,0x0846,0x0022,0x2023,0x4869,0x208A,0x20AB,0x30CC,0x40ED,0x30CC,0x28AB,0x512E,0x2887,0x0004,0x1004,
  0x0804,0x1023,0x2025,0x2006,0x2807,0x4008,0x680C,0x8071,0x8351,0x83B1,0x82B1,0x8011,0x7830,0x3829,0x2027,0x1004,
  0x1005,0x2050,0x1890,0x0849,0x0003,0x00C9,0x016F,0x0869,0x0869,0x0869,0x0869,0x0847,0x0004,0x18C8,0x3988,0x20A7,
  0x1886,0x0002,0x0022,0x0802,0x1023,0x1823,0x0001,0x0802,0x2828,0x302A,0x1848,0x1048,0x1089,0x0866,0x0866,0x0827,
  0x1069,0x1869,0x1828,0x1826,0x0001,0x0803,0x1004,0x0802,0x0802,0x0823,0x1849,0x184A,0x2069,0x2048,0x1808,0x304A,
  0x3869,0x1004,0x1003,0x1004,0x3847,0x3026,0x2005,0x2806,0x1003,0x1907,0x1A0D,0x0043,0x0802,0x0823,0x0023,0x0026,
  0x0046,0x094D,0x00CF,0x010F,0x0A91,0x3C11,0x2411,0x43B1,0x01D1,0x0150,0x00CC,0x00CB,0x096E,0x00EC,0x0089,0x0067,
  0x0066,0x0045,0x0066,0x0045,0x0023,0x0002,0x0001,0x0001,0x0002,0x0023,0x0024,0x0002,0x0843,0x088A,0x0044,0x0023,
  0x0046,0x0047,0x1065,0x308A,0x3049,0x10A7,0x0088,0x0889,0x0887,0x0002,0x0001,0x0002,0x0002,0x0022,0x0002,0x0001,
  0x0022,0x0844,0x0003,0x10A6,0x2149,0x0001,0x0001,0x0863,0x1086,0x1086,0x1908,0x2948,0x2106,0x0863,0x20C4,0x0801,
  0x7288,0x6164,0x0001,0x0023,0x0044,0x0024,0x0024,0x0001,0x0866,0x1088,0x0888,0x0887,0x0887,0x0826,0x1827,0x2027,
  0x3008,0x798E,0x79EE,0x4809,0x2829,0x382A,0x0803,0x0001,0x0003,0x0024,0x0066,0x0023,0x0045,0x0887,0x0867,0x0045,
  0x0044,0x0044,0x0067,0x010C,0x1371,0x00EB,0x0006,0x094B,0x09EE,0x0006,0x0045,0x0003,0x0886,0x0045,0x0044,0x0044,
  0x0002,0x0002,0x0001,0x1002,0x0001,0x0022,0x0803,0x1003,0x0823,0x0825,0x1047,0x1848,0x1026,0x1828,0x1808,0x2009,
  0x1847,0x1044,0x0002,0x1809,0x202A,0x1827,0x1827,0x282B,0x400A,0x82B1,0x78F1,0x480F,0x382E,0x5030,0x2825,0x0824,
  0x1067,0x0845,0x18A8,0x1886,0x0845,0x1065,0x0022,0x0001,0x0001,0x1066,0x1887,0x1887,0x1886,0x0845,0x4A6C,0x4148,
  0x38A7,0x3087,0x2846,0x4043,0x0001,0x5046,0x826D,0x4065,0x2024,0x38C5,0x7947,0x82A8,0x30A2,0x2883,0x6204,0x59EA,
  0x286D,0x208B,0x208B,0x208B,0x28AD,0x30AD,0x308D,0x30AD,0x308D,0x2930,0x3371,0x5C31,0x6411,0x5C11,0x6411,0x6411,
  0x6411,0x6411,0x6C11,0x5C31,0x2B31,0x2131,0x1951,0x09F1,0x0231,0x01F1,0x0171,0x0151,0x0971,0x0991,0x0171,0x08F0,
  0x5069,0x81AC,0x830D,0x82AD,0x812D,0x604C,0x484D,0x506E,0x21B0,0x4351,0x63B1,0x00D0,0x00CF,0x00A9,0x0069,0x0089,
  0x0067,0x0046,0x0844,0x0001,0x2046,0x208A,0x208A,0x208A,0x28AB,0x28AB,0x28AB,0x28AB,0x40AB,0x1024,0x0804,0x1004,
  0x0804,0x1003,0x2006,0x2006,0x3007,0x5029,0x780E,0x8271,0x8411,0x82F1,0x8050,0x8031,0x3829,0x3028,0x2008,0x0023,
  0x202C,0x2071,0x084A,0x0004,0x0068,0x0A10,0x008A,0x0868,0x0869,0x0869,0x0846,0x0003,0x08A8,0x0044,0x0001,0x1044,
  0x0802,0x0002,0x1023,0x1823,0x0001,0x0022,0x0001,0x3048,0x204A,0x0847,0x1047,0x1868,0x20C8,0x1066,0x1026,0x1047,
  0x1868,0x1828,0x2028,0x0823,0x0802,0x1003,0x1003,0x0802,0x0823,0x2049,0x282B,0x2049,0x2027,0x2809,0x404B,0x1823,
  0x1003,0x2005,0x2826,0x3026,0x4007,0x4827,0x612B,0x690B,0x2024,0x18E7,0x0022,0x0803,0x1826,0x0024,0x0025,0x0046,
  0x0088,0x00EE,0x00EE,0x01D1,0x2B71,0x2411,0x43D1,0x0A11,0x0150,0x010D,0x00EB,0x012C,0x00AA,0x0045,0x0023,0x0023,
  0x0067,0x0066,0x0066,0x0022,0x0001,0x0001,0x0002,0x0023,0x0024,0x0023,0x0022,0x0022,0x18CA,0x0846,0x0044,0x0889,
  0x088A,0x0826,0x288A,0x1868,0x1823,0x0886,0x0889,0x1089,0x0023,0x0001,0x0002,0x0002,0x0022,0x0001,0x0001,0x0022,
  0x0844,0x0024,0x18C6,0x524B,0x18C6,0x0001,0x0022,0x1085,0x0045,0x0024,0x0024,0x0866,0x10A7,0x2928,0x18C5,0x2906,
  0x4903,0x1821,0x0023,0x0044,0x0024,0x0024,0x0023,0x0001,0x0845,0x10A9,0x0887,0x0888,0x0866,0x0824,0x2027,0x1827,
  0x502A,0x8270,0x586A,0x2808,0x402B,0x1824,0x0001,0x0022,0x0023,0x0024,0x0045,0x0865,0x0887,0x0866,0x0045,0x0045,
  0x0044,0x0044,0x0047,0x0A2E,0x01ED,0x0007,0x0049,0x12B0,0x09AD,0x0026,0x0045,0x0023,0x08A7,0x0045,0x0044,0x0044,
  0x0023,0x0022,0x0001,0x0001,0x0022,0x0023,0x1805,0x1804,0x0804,0x1006,0x1828,0x1829,0x300A,0x400C,0x506D,0x1807,
  0x0805,0x0804,0x0803,0x202A,0x202A,0x282A,0x1828,0x282A,0x480B,0x8331,0x7971,0x580F,0x482F,0x502F,0x2024,0x0825,
  0x1047,0x1046,0x20C7,0x2065,0x0866,0x1086,0x0823,0x0001,0x0001,0x0823,0x1888,0x1887,0x1887,0x0824,0x3947,0x2887,
  0x30C7,0x40E8,0x3867,0x4063,0x0001,0x2843,0x718B,0x3024,0x2025,0x2884,0x79C7,0x82C9,0x61C4,0x1802,0x5163,0x5A29,
  0x288D,0x208C,0x208B,0x208C,0x30AE,0x40AE,0x30AD,0x308C,0x308D,0x290F,0x3351,0x5C11,0x63F1,0x6411,0x6411,0x6411,
  0x5C11,0x5C11,0x6411,0x5411,0x2AF1,0x20F0,0x18F0,0x1151,0x0971,0x0931,0x10F0,0x10CF,0x10AF,0x10AF,0x188E,0x204C,
  0x4069,0x794B,0x7A8D,0x7A6D,0x794D,0x604C,0x402D,0x488E,0x19D0,0x5BB0,0x3A90,0x004F,0x00CC,0x00A9,0x0068,0x0067,
  0x0046,0x0847,0x0023,0x0823,0x288A,0x2089,0x1889,0x208A,0x208B,0x208B,0x288B,0x30AD,0x3868,0x0003,0x0824,0x1005,
  0x1024,0x1825,0x2006,0x2806,0x3827,0x680B,0x7950,0x7BF1,0x7B70,0x7890,0x7810,0x3829,0x2006,0x402B,0x0804,0x1026,
  0x2851,0x084B,0x0025,0x0007,0x022F,0x010C,0x0048,0x0889,0x08AB,0x0846,0x0024,0x0068,0x096B,0x0045,0x0823,0x0822,
  0x0002,0x0002,0x1043,0x0822,0x0002,0x0002,0x1044,0x388B,0x1028,0x1848,0x1848,0x1046,0x1026,0x1848,0x1047,0x1847,
  0x1827,0x2027,0x1825,0x0802,0x1003,0x1003,0x1002,0x0802,0x2028,0x302A,0x2829,0x2829,0x482C,0x502D,0x3867,0x2825,
  0x3827,0x4027,0x4808,0x5829,0x716C,0x7A2F,0x794C,0x4026,0x1804,0x1003,0x0002,0x2026,0x0825,0x0025,0x08A7,0x0865,
  0x0089,0x010E,0x0190,0x1270,0x2BF0,0x43F0,0x2270,0x0150,0x010D,0x0089,0x012C,0x00A9,0x0024,0x0023,0x0023,0x0867,
  0x0888,0x0087,0x0043,0x0001,0x0001,0x0023,0x0024,0x0023,0x0023,0x0024,0x0023,0x18A7,0x10AB,0x0067,0x08A9,0x088A,
  0x284B,0x38AA,0x1067,0x0026,0x1888,0x0889,0x206B,0x1825,0x0001,0x0002,0x0002,0x0002,0x0001,0x0001,0x0001,0x0844,
  0x0844,0x0003,0x3125,0x69C4,0x0001,0x0023,0x1085,0x0865,0x0024,0x18C8,0x0845,0x0003,0x0023,0x0845,0x10C7,0x214A,
  0x2148,0x0021,0x0023,0x0044,0x0024,0x0024,0x0022,0x0001,0x0044,0x0888,0x0867,0x1088,0x0023,0x1025,0x2027,0x2007,
  0x690D,0x79CE,0x2807,0x2028,0x2826,0x0001,0x0001,0x0023,0x0045,0x0066,0x0046,0x10A7,0x0865,0x0045,0x0045,0x0065,
  0x0045,0x0044,0x0087,0x00E8,0x0067,0x0068,0x010D,0x1331,0x00CB,0x0025,0x0045,0x0002,0x0887,0x0046,0x0045,0x0845,
  0x0023,0x0023,0x0022,0x0022,0x0823,0x0023,0x2827,0x1804,0x0804,0x1006,0x1828,0x2808,0x7150,0x7230,0x606E,0x382B,
  0x2009,0x1827,0x0803,0x202A,0x202A,0x282A,0x282A,0x3029,0x502C,0x7B71,0x7A10,0x580F,0x502F,0x502F,0x1824,0x1026,
  0x1847,0x1046,0x1887,0x2087,0x1066,0x1086,0x0844,0x0022,0x0001,0x0001,0x20C8,0x20A8,0x1888,0x0023,0x3989,0x310A,
  0x2067,0x4928,0x4087,0x2883,0x0802,0x1042,0x48C6,0x2025,0x2845,0x2064,0x71E7,0x7A68,0x7265,0x2042,0x2021,0x5A08,
  0x30AE,0x288C,0x208C,0x208C,0x30AD,0x38EE,0x40CE,0x40AD,0x388C,0x28EF,0x3331,0x53F0,0x5BF0,0x4BF0,0x43D1,0x3BB1,
  0x3B91,0x3B51,0x3B31,0x32D1,0x2990,0x288D,0x208C,0x18AD,0x188D,0x208C,0x206B,0x2069,0x2049,0x4069,0x68A9,0x68C9,
  0x2848,0x586A,0x70CC,0x790C,0x788D,0x504C,0x302C,0x38AD,0x1A10,0x63B0,0x1190,0x004E,0x00AA,0x0089,0x0068,0x0067,
  0x0046,0x0846,0x0822,0x3069,0x388B,0x288A,0x1889,0x18CD,0x216F,0x216F,0x212E,0x38CE,0x2025,0x0004,0x0825,0x0825,
  0x1825,0x2827,0x2006,0x2826,0x5028,0x704D,0x7B50,0x7BB0,0x78F0,0x700E,0x3028,0x1805,0x400B,0x1827,0x0003,0x284D,
  0x184E,0x0027,0x0007,0x096D,0x01EE,0x0029,0x0089,0x00AB,0x0066,0x0025,0x0048,0x110A,0x0045,0x1909,0x0023,0x0023,
  0x0003,0x1064,0x3926,0x0001,0x0023,0x0002,0x30A8,0x2049,0x1047,0x1047,0x1046,0x1047,0x1848,0x1847,0x2068,0x1827,
  0x1827,0x2027,0x0802,0x0802,0x1002,0x1003,0x0802,0x2828,0x302A,0x2828,0x3029,0x502C,0x582C,0x3026,0x3806,0x4827,
  0x5008,0x600A,0x714D,0x7A6F,0x79CE,0x686A,0x4005,0x1804,0x2004,0x0803,0x1844,0x2848,0x0025,0x0867,0x0866,0x0046,
  0x096D,0x010E,0x012F,0x2350,0x53D0,0x3AF0,0x010E,0x010C,0x0067,0x00EA,0x00C9,0x0024,0x0025,0x0024,0x0025,0x0888,
  0x0066,0x0023,0x0001,0x0002,0x0023,0x0023,0x0023,0x0024,0x0045,0x0025,0x0844,0x18CA,0x0089,0x08A9,0x0068,0x18ED,
  0x38EE,0x2088,0x0047,0x0889,0x0089,0x186B,0x2026,0x0001,0x0002,0x0022,0x0002,0x0001,0x0001,0x0001,0x0002,0x0845,
  0x0844,0x0044,0x4188,0x1842,0x0001,0x0844,0x10A6,0x0023,0x20E8,0x210A,0x18E9,0x2108,0x0865,0x0023,0x0024,0x0844,
  0x0843,0x0002,0x0044,0x0024,0x0024,0x0023,0x0022,0x0002,0x0022,0x0887,0x1087,0x0865,0x0023,0x1026,0x1827,0x4008,
  0x79EF,0x588A,0x1806,0x2026,0x0001,0x0001,0x0022,0x0024,0x0066,0x0045,0x0045,0x0865,0x0845,0x0045,0x0045,0x0065,
  0x0045,0x0045,0x0044,0x0003,0x0088,0x008B,0x09EE,0x12D0,0x0048,0x0045,0x0024,0x0002,0x0065,0x0046,0x0045,0x0845,
  0x0023,0x0024,0x0022,0x0023,0x0824,0x0024,0x3828,0x1024,0x0804,0x1806,0x2028,0x3809,0x7A10,0x7BD0,0x7B90,0x610E,
  0x300A,0x1826,0x0803,0x2029,0x2029,0x2029,0x302A,0x402C,0x60EE,0x7B50,0x7AB0,0x580E,0x482D,0x502E,0x1824,0x2028,
  0x1847,0x1066,0x1065,0x1045,0x1066,0x1086,0x0844,0x0023,0x0002,0x0001,0x1044,0x1888,0x1888,0x0824,0x3127,0x30E8,
  0x2066,0x4107,0x4906,0x1042,0x1002,0x0802,0x0822,0x2045,0x3066,0x2064,0x59E7,0x7145,0x7AE6,0x40C3,0x1001,0x51C6,
  0x38CE,0x288D,0x208C,0x208B,0x20AD,0x310E,0x48CF,0x48AD,0x386B,0x28AD,0x29D0,0x32F0,0x32F0,0x3270,0x2A10,0x29B0,
  0x294F,0x292F,0x310F,0x38CE,0x308D,0x286A,0x286A,0x306A,0x386A,0x486B,0x486A,0x3069,0x3048,0x70E9,0x7ACA,0x7B0A,
  0x1847,0x2048,0x3049,0x602C,0x704F,0x604E,0x402D,0x28CE,0x2A70,0x5B50,0x00CF,0x006C,0x0089,0x0068,0x0067,0x0066,
  0x0845,0x0024,0x1845,0x308B,0x38AB,0x308A,0x188B,0x198F,0x2AF0,0x3310,0x2AF0,0x41CE,0x1805,0x0825,0x0825,0x0824,
  0x1004,0x2006,0x2826,0x3026,0x6009,0x71CF,0x73B0,0x7170,0x680D,0x3827,0x2006,0x380A,0x2829,0x0003,0x1046,0x206F,
  0x0029,0x0008,0x00AC,0x1270,0x008C,0x008A,0x008A,0x0067,0x0046,0x0048,0x10EA,0x19AD,0x08A7,0x0822,0x0024,0x0024,
  0x0024,0x1064,0x0822,0x0023,0x0003,0x1044,0x308A,0x1027,0x1827,0x1046,0x1046,0x1828,0x1828,0x2048,0x2048,0x2028,
  0x3849,0x1824,0x0802,0x1022,0x1003,0x1003,0x2827,0x402B,0x2828,0x3829,0x500B,0x680C,0x4848,0x5027,0x5809,0x5808,
  0x710C,0x72EF,0x7290,0x68AC,0x4807,0x3005,0x2024,0x2024,0x1804,0x1023,0x3889,0x0826,0x1086,0x10C7,0x0005,0x08A9,
  0x00ED,0x00AD,0x124F,0x53B0,0x5330,0x0170,0x008B,0x0046,0x00CA,0x00A8,0x0004,0x0045,0x0024,0x0024,0x0024,0x0865,
  0x0002,0x0001,0x0022,0x0023,0x0023,0x0023,0x0845,0x0066,0x0045,0x0022,0x18C8,0x08AA,0x0089,0x0049,0x192D,0x2109,
  0x20AA,0x0868,0x1088,0x0888,0x0869,0x2028,0x0001,0x0002,0x0002,0x0001,0x0001,0x0001,0x0022,0x0001,0x0023,0x0844,
  0x0023,0x28E5,0x61E8,0x0822,0x0023,0x10A6,0x0023,0x0845,0x20E8,0x0024,0x0844,0x18C8,0x2909,0x1086,0x0065,0x1822,
  0x4147,0x18A4,0x0023,0x0044,0x0044,0x0023,0x0023,0x0022,0x0001,0x0867,0x1087,0x0023,0x0024,0x1826,0x2006,0x58CB,
  0x71CE,0x3808,0x1826,0x0802,0x0002,0x0001,0x0023,0x0046,0x0045,0x0045,0x0045,0x0044,0x0045,0x0045,0x0045,0x0044,
  0x0865,0x0865,0x0024,0x0066,0x00A9,0x008B,0x1ACF,0x09CD,0x0027,0x0045,0x0024,0x0002,0x0044,0x0046,0x0845,0x0044,
  0x0023,0x0024,0x0823,0x0824,0x0824,0x1025,0x3828,0x0823,0x1026,0x1826,0x2027,0x482B,0x7270,0x718F,0x72B0,0x608D,
  0x2809,0x2027,0x1004,0x1808,0x2029,0x2029,0x282A,0x480D,0x7230,0x72F0,0x7310,0x606E,0x400B,0x582D,0x1825,0x2028,
  0x1847,0x1046,0x20C6,0x28A4,0x1045,0x1066,0x1065,0x0823,0x0022,0x0001,0x0022,0x1867,0x1887,0x0825,0x2906,0x30E7,
  0x1866,0x38E6,0x4984,0x0001,0x1823,0x1823,0x0001,0x1024,0x38C7,0x2044,0x51E7,0x71E6,0x7326,0x5144,0x1001,0x4184,
  0x390C,0x206C,0x208B,0x208B,0x20AC,0x20CD,0x30AD,0x308B,0x286A,0x286A,0x288C,0x30EE,0x30CE,0x30AE,0x388D,0x386D,
  0x404D,0x506D,0x586D,0x586D,0x486C,0x306A,0x386A,0x506B,0x606C,0x688C,0x608C,0x406A,0x3848,0x7189,0x73AA,0x738A,
  0x1847,0x1847,0x2048,0x586D,0x710F,0x70CF,0x500E,0x10EE,0x3AEF,0x3A8F,0x006E,0x0069,0x0067,0x0068,0x0067,0x0866,
  0x0845,0x0824,0x1869,0x2089,0x208A,0x208A,0x18AB,0x224F,0x438F,0x538F,0x438F,0x49CC,0x1005,0x0825,0x0824,0x0803,
  0x1005,0x2006,0x2826,0x4027,0x686B,0x736F,0x720F,0x580B,0x3026,0x3007,0x3009,0x402B,0x0826,0x0024,0x10AA,0x004A,
  0x0028,0x004B,0x1A6F,0x096F,0x006A,0x0069,0x0068,0x0045,0x0069,0x0089,0x10EA,0x0069,0x0865,0x0002,0x0003,0x0023,
  0x1065,0x1885,0x0002,0x0823,0x0002,0x3088,0x2029,0x1828,0x1026,0x1846,0x1827,0x1827,0x2027,0x2028,0x2829,0x3027,
  0x1023,0x0802,0x1023,0x1823,0x1804,0x2026,0x482C,0x3009,0x482A,0x600C,0x708D,0x716E,0x6029,0x6809,0x688B,0x724E,
  0x732F,0x718E,0x680B,0x3806,0x2825,0x2024,0x3025,0x1824,0x0803,0x2867,0x2849,0x0005,0x0844,0x0045,0x0045,0x08CB,
  0x00AC,0x016F,0x4B4F,0x6B6F,0x09CF,0x008B,0x00A9,0x00A9,0x0087,0x0023,0x0024,0x0045,0x0024,0x0044,0x0002,0x0001,
  0x0001,0x0022,0x0023,0x0023,0x0024,0x0866,0x0866,0x0045,0x0003,0x1085,0x10CB,0x008A,0x088A,0x08EC,0x192B,0x0046,
  0x0069,0x0889,0x0888,0x0869,0x1849,0x0802,0x0001,0x0001,0x0001,0x0001,0x0022,0x0023,0x0002,0x0023,0x0844,0x0024,
  0x1065,0x59C6,0x3883,0x0023,0x1085,0x0865,0x0844,0x18E9,0x0865,0x0864,0x0845,0x0866,0x18A7,0x0045,0x1043,0x2042,
  0x20C5,0x1063,0x0002,0x0045,0x0024,0x0023,0x0023,0x0001,0x0001,0x0866,0x0845,0x0024,0x0824,0x1826,0x3007,0x71CE,
  0x58AB,0x3007,0x0823,0x0001,0x0002,0x0002,0x0045,0x0045,0x0023,0x0045,0x0044,0x0045,0x0045,0x0045,0x0045,0x0044,
  0x0866,0x0066,0x0066,0x0088,0x00AA,0x012C,0x232F,0x00EB,0x0067,0x0025,0x0024,0x0002,0x0022,0x0866,0x0845,0x0024,
  0x0023,0x0023,0x0823,0x0824,0x0023,0x1825,0x3027,0x0803,0x1006,0x1026,0x1807,0x58AD,0x72AF,0x720F,0x724F,0x480B,
  0x2828,0x1806,0x0803,0x1006,0x280A,0x282A,0x302A,0x500D,0x71AF,0x730F,0x72EF,0x706F,0x480B,0x4049,0x1805,0x2028,
  0x1847,0x1846,0x1066,0x20A5,0x1865,0x1066,0x1066,0x0844,0x0823,0x0021,0x0001,0x1044,0x2088,0x0845,0x2906,0x3907,
  0x1846,0x30C6,0x3103,0x0001,0x2043,0x2844,0x0802,0x0823,0x3087,0x1824,0x49A6,0x7288,0x7326,0x69C7,0x3002,0x3943,
  0x392A,0x206B,0x20AC,0x30CE,0x38CE,0x28AD,0x208A,0x288A,0x386A,0x386A,0x386A,0x484B,0x486C,0x486C,0x486C,0x486C,
  0x608D,0x70AD,0x708D,0x706C,0x506B,0x386A,0x486A,0x586B,0x606B,0x586B,0x506A,0x3068,0x3048,0x68E8,0x7269,0x7249,
  0x1046,0x1847,0x2048,0x586D,0x716F,0x710F,0x580E,0x112E,0x434F,0x19AF,0x004C,0x0088,0x0047,0x0067,0x0868,0x0045,
  0x1804,0x1847,0x1868,0x1868,0x1889,0x1889,0x18AB,0x220F,0x3B2F,0x434F,0x3B4F,0x3909,0x0004,0x0825,0x0824,0x0804,
  0x1005,0x2006,0x2826,0x4807,0x6A0D,0x72AF,0x680C,0x3026,0x3007,0x2007,0x382A,0x2049,0x0005,0x0845,0x088A,0x0028,
  0x002A,0x19EE,0x228F,0x006B,0x0069,0x0089,0x0045,0x0047,0x00A9,0x08C9,0x0889,0x0866,0x0002,0x10A5,0x1085,0x0002,
  0x1084,0x0002,0x0823,0x0002,0x1844,0x308A,0x1808,0x1828,0x1025,0x2028,0x2028,0x1827,0x2028,0x2807,0x1824,0x0001,
  0x0802,0x1023,0x1823,0x2024,0x2005,0x402A,0x3809,0x582B,0x680D,0x688D,0x730F,0x694C,0x680A,0x69CD,0x6B4F,0x724F,
  0x686C,0x6009,0x4027,0x2826,0x1824,0x2845,0x2024,0x1004,0x1024,0x3889,0x0827,0x18C7,0x0044,0x0024,0x0045,0x08AB,
  0x00CD,0x220F,0x6B6F,0x19CF,0x00EC,0x0888,0x08EA,0x0067,0x0025,0x0045,0x0045,0x0044,0x0045,0x0023,0x0001,0x0002,
  0x0002,0x0023,0x0024,0x0045,0x0866,0x0845,0x0844,0x0025,0x0043,0x190A,0x008B,0x00CC,0x00CD,0x092D,0x0069,0x00AA,
  0x0889,0x0869,0x0869,0x202A,0x0803,0x0001,0x0002,0x0001,0x0002,0x0022,0x0023,0x0023,0x0022,0x0045,0x0023,0x0023,
  0x28A5,0x61C5,0x1022,0x0844,0x10A6,0x0003,0x1086,0x20E9,0x18A8,0x0865,0x0865,0x20C8,0x0846,0x0844,0x1001,0x2906,
  0x18C4,0x0001,0x0043,0x0044,0x0023,0x0024,0x0022,0x0022,0x0001,0x0023,0x0024,0x0044,0x0824,0x2006,0x50AA,0x69CE,
  0x4808,0x1024,0x0002,0x0002,0x0001,0x0024,0x0866,0x0023,0x0044,0x0024,0x0044,0x0045,0x0045,0x0886,0x0865,0x0065,
  0x0066,0x0066,0x0066,0x00A8,0x00AB,0x120D,0x1AAF,0x008A,0x0046,0x0024,0x0024,0x0023,0x0022,0x0846,0x0846,0x0024,
  0x0024,0x0023,0x0023,0x0824,0x0023,0x2026,0x2826,0x0003,0x1006,0x1026,0x2808,0x694F,0x732F,0x6AEF,0x698E,0x3809,
  0x1826,0x1004,0x0804,0x1005,0x280A,0x2829,0x302A,0x580D,0x71EF,0x6AEF,0x6AAF,0x704F,0x602D,0x3868,0x1806,0x2027,
  0x1847,0x1045,0x0845,0x20A5,0x20A4,0x1065,0x1066,0x0845,0x0845,0x0822,0x0001,0x0022,0x2087,0x0825,0x2906,0x3907,
  0x1846,0x30E5,0x1062,0x0804,0x1843,0x3085,0x1023,0x0822,0x2866,0x1824,0x3905,0x6165,0x7305,0x6209,0x4824,0x30E2,
  0x394A,0x186B,0x28AC,0x38EE,0x40EF,0x30AC,0x288A,0x386A,0x508B,0x586B,0x506B,0x606C,0x686C,0x606C,0x606C,0x606C,
  0x688C,0x708C,0x688C,0x604B,0x484A,0x3869,0x3869,0x4069,0x4069,0x3869,0x3068,0x2848,0x2847,0x3867,0x5888,0x5088,
  0x1046,0x1847,0x2048,0x484C,0x68EF,0x68CE,0x500E,0x198E,0x434E,0x08EE,0x006B,0x0068,0x0046,0x0067,0x0867,0x0023,
  0x1825,0x1868,0x1867,0x1868,0x1868,0x1869,0x1869,0x112D,0x224E,0x22AE,0x2A8F,0x2887,0x0005,0x0824,0x0824,0x0804,
  0x1005,0x1825,0x2805,0x5088,0x6AAE,0x604B,0x504A,0x3827,0x2807,0x2027,0x386A,0x0827,0x0004,0x0026,0x004B,0x002A,
  0x00ED,0x330F,0x094E,0x008C,0x00AA,0x0047,0x0047,0x00CA,0x08E9,0x08C9,0x0888,0x0823,0x0823,0x0865,0x20C8,0x4145,
  0x1022,0x0824,0x0823,0x0001,0x3088,0x2028,0x1827,0x1845,0x2027,0x2028,0x2028,0x2828,0x2006,0x0802,0x0001,0x0822,
  0x1023,0x1003,0x2025,0x2004,0x3828,0x482A,0x582C,0x680D,0x68ED,0x6B0E,0x6A8E,0x68CC,0x6ACE,0x6B0F,0x692D,0x600A,
  0x4827,0x4868,0x3006,0x1804,0x2045,0x2025,0x1005,0x0803,0x2867,0x1848,0x0866,0x1907,0x0866,0x0003,0x0866,0x08EC,
  0x08CC,0x5B2E,0x322E,0x008D,0x00A9,0x00A8,0x0067,0x0025,0x0045,0x0045,0x0045,0x0045,0x0024,0x0001,0x0002,0x0022,
  0x0023,0x0024,0x0866,0x0046,0x0045,0x0024,0x0045,0x0025,0x18E8,0x110D,0x00AD,0x00AD,0x228F,0x116D,0x008C,0x088A,
  0x1069,0x0869,0x186C,0x1805,0x0001,0x0002,0x0001,0x0002,0x0023,0x0023,0x0023,0x0022,0x0023,0x0845,0x0023,0x1064,
  0x6247,0x3062,0x0002,0x0865,0x0845,0x0024,0x0023,0x0865,0x20E8,0x18C8,0x18C7,0x1086,0x0023,0x1022,0x2084,0x2906,
  0x0022,0x0022,0x0844,0x0023,0x0023,0x0023,0x0023,0x0002,0x0001,0x0002,0x0024,0x0044,0x1025,0x3007,0x61AD,0x60CC,
  0x2005,0x0022,0x0802,0x0022,0x0002,0x0845,0x0044,0x0024,0x0044,0x0023,0x0045,0x0044,0x0044,0x0886,0x0866,0x0886,
  0x0066,0x0066,0x0067,0x08EA,0x00AB,0x1AAE,0x09CE,0x0048,0x0045,0x0024,0x0024,0x0023,0x0001,0x0845,0x0866,0x0023,
  0x0024,0x0023,0x0023,0x0824,0x0023,0x2827,0x2025,0x0804,0x1005,0x1025,0x1826,0x484B,0x612D,0x6A4F,0x60ED,0x2006,
  0x1825,0x1807,0x0804,0x1004,0x2829,0x2829,0x302A,0x580D,0x6A2F,0x6AEE,0x6A4E,0x686E,0x684F,0x3048,0x1826,0x2028,
  0x1827,0x1045,0x1064,0x0845,0x1863,0x1065,0x1066,0x0844,0x1065,0x0822,0x0801,0x0001,0x1065,0x0845,0x20C5,0x30E7,
  0x2086,0x28E3,0x0001,0x30A5,0x1843,0x38C6,0x2044,0x0002,0x2045,0x1864,0x3083,0x5944,0x6B25,0x520A,0x4047,0x30C1,
  0x3128,0x186B,0x208B,0x28AC,0x30AD,0x288B,0x286A,0x386A,0x588B,0x606B,0x606B,0x688B,0x688B,0x686B,0x584B,0x584B,
  0x606B,0x606B,0x604A,0x504A,0x4049,0x3868,0x3868,0x3068,0x3068,0x3068,0x3868,0x3068,0x2847,0x2067,0x2067,0x2066,
  0x1046,0x1847,0x2048,0x484C,0x68CE,0x686E,0x400D,0x220E,0x32EE,0x006C,0x008C,0x0047,0x0067,0x0067,0x0066,0x0822,
  0x1867,0x1868,0x1867,0x1868,0x1868,0x1868,0x1869,0x112D,0x226E,0x2ACE,0x324E,0x2026,0x0025,0x0825,0x0824,0x1004,
  0x1004,0x1825,0x2805,0x61AC,0x58EA,0x4829,0x3849,0x2006,0x1806,0x3049,0x1849,0x0005,0x0003,0x006A,0x004B,0x008C,
  0x228E,0x228E,0x00AD,0x00AA,0x0048,0x0069,0x00CB,0x014C,0x08E8,0x0087,0x0845,0x0022,0x1064,0x1886,0x2843,0x61C6,
  0x5985,0x1823,0x0823,0x1844,0x3069,0x1807,0x1025,0x1826,0x1827,0x2828,0x2827,0x1003,0x0002,0x0002,0x0822,0x1003,
  0x1003,0x2005,0x2005,0x2826,0x482B,0x582B,0x680D,0x614D,0x62CE,0x6ACE,0x694D,0x6AEE,0x622D,0x684C,0x600A,0x3826,
  0x3847,0x3026,0x1804,0x0823,0x1825,0x1005,0x0803,0x0823,0x2868,0x1067,0x0865,0x0004,0x0025,0x0024,0x08C9,0x004A,
  0x218B,0x3AAE,0x00AD,0x006A,0x0066,0x0089,0x0045,0x0045,0x0045,0x0045,0x0846,0x0825,0x0002,0x0002,0x0023,0x0024,
  0x0045,0x0866,0x0866,0x1046,0x0845,0x0045,0x0046,0x0866,0x194C,0x088D,0x00CD,0x1A6E,0x2ACE,0x08EE,0x006B,0x086A,
  0x30CC,0x0869,0x0824,0x0002,0x0002,0x0002,0x0022,0x0023,0x0023,0x0023,0x0023,0x0022,0x0844,0x0844,0x0024,0x20C5,
  0x51E6,0x1842,0x0002,0x1064,0x1043,0x0823,0x0023,0x0024,0x0024,0x0844,0x18E7,0x0844,0x0822,0x1042,0x20C6,0x1084,
  0x0002,0x0023,0x0044,0x0023,0x0023,0x0023,0x0022,0x0002,0x0002,0x0022,0x0045,0x0044,0x1806,0x4089,0x6A0E,0x3806,
  0x0022,0x0802,0x0022,0x0023,0x0022,0x0024,0x0044,0x0044,0x0024,0x0023,0x0044,0x0044,0x0065,0x0866,0x0886,0x0866,
  0x0066,0x0067,0x08C9,0x08EB,0x010B,0x1AEE,0x010C,0x0047,0x0045,0x0024,0x0024,0x0023,0x0002,0x0844,0x0845,0x0023,
  0x0023,0x0023,0x0823,0x0824,0x0803,0x4048,0x2025,0x0824,0x1005,0x1025,0x0824,0x1865,0x3848,0x4009,0x3828,0x1825,
  0x2027,0x1826,0x0823,0x0823,0x1826,0x2809,0x300A,0x582C,0x6A4E,0x6AAE,0x61EE,0x686E,0x604D,0x2005,0x2026,0x2028,
  0x1827,0x1885,0x1884,0x1086,0x10A5,0x1065,0x1066,0x1064,0x1065,0x1023,0x0802,0x0002,0x0823,0x0845,0x20C5,0x28C6,
  0x30C5,0x18A2,0x0002,0x4147,0x28A5,0x28C5,0x2865,0x0002,0x1824,0x1844,0x40C4,0x61E5,0x6AE5,0x5249,0x284A,0x38A3,
  0x3127,0x184A,0x208A,0x208B,0x288C,0x286A,0x2869,0x3069,0x406A,0x506A,0x504A,0x606A,0x606A,0x584A,0x504A,0x5049,
  0x5069,0x5069,0x5069,0x4869,0x4068,0x4068,0x3868,0x3868,0x3868,0x4068,0x4068,0x3868,0x2867,0x2046,0x2066,0x1846,
  0x1046,0x1847,0x2048,0x506D,0x612E,0x60CE,0x400D,0x2A4D,0x226D,0x004C,0x00AB,0x0024,0x0067,0x0867,0x0044,0x1824,
  0x2068,0x1867,0x2068,0x1868,0x1868,0x1868,0x188A,0x19AE,0x32CE,0x3B0E,0x3A2C,0x1005,0x0825,0x0825,0x0823,0x0824,
  0x1004,0x1804,0x3867,0x590A,0x3006,0x508B,0x2026,0x1005,0x2027,0x284A,0x0026,0x0004,0x0026,0x006B,0x006B,0x09CE,
  0x3B2D,0x098D,0x006A,0x0048,0x0069,0x00AA,0x016C,0x0909,0x0066,0x0066,0x0002,0x0844,0x1085,0x1802,0x59E7,0x50E3,
  0x3062,0x1023,0x0822,0x3888,0x2029,0x1025,0x1826,0x2008,0x3028,0x2025,0x0002,0x0002,0x0002,0x0822,0x1003,0x1024,
  0x2025,0x2005,0x2005,0x4049,0x482A,0x600B,0x618D,0x62CE,0x626E,0x61ED,0x614C,0x616C,0x600A,0x580A,0x4027,0x3026,
  0x3027,0x1804,0x1824,0x2026,0x1004,0x0823,0x0002,0x2866,0x1005,0x0045,0x2148,0x0045,0x0045,0x0024,0x0047,0x0069,
  0x1A2D,0x010C,0x004A,0x0046,0x0087,0x0046,0x0045,0x0045,0x0045,0x0846,0x0825,0x0002,0x0002,0x0023,0x0024,0x0845,
  0x0846,0x0846,0x0845,0x1046,0x0846,0x0046,0x0025,0x08A8,0x08CC,0x00EC,0x124D,0x32EE,0x010D,0x006C,0x088C,0x20AC,
  0x1047,0x0002,0x0002,0x0002,0x0002,0x0022,0x0023,0x0023,0x0023,0x0023,0x0022,0x0023,0x0045,0x0044,0x0023,0x1043,
  0x2062,0x0002,0x0023,0x0844,0x1064,0x1022,0x0822,0x0823,0x0844,0x0024,0x0023,0x0023,0x0822,0x1884,0x20E5,0x0002,
  0x0023,0x0024,0x0024,0x0023,0x0023,0x0023,0x0002,0x0002,0x0002,0x0002,0x0044,0x0844,0x1806,0x594C,0x4909,0x0802,
  0x0022,0x0002,0x0023,0x0023,0x0023,0x0044,0x0044,0x0024,0x0844,0x0885,0x0044,0x0866,0x0866,0x0866,0x0866,0x0066,
  0x0066,0x08A8,0x114B,0x008A,0x09EC,0x128E,0x00CB,0x0046,0x0045,0x0024,0x0024,0x0023,0x0002,0x0824,0x0825,0x0023,
  0x0023,0x0022,0x0823,0x0824,0x1804,0x4889,0x1824,0x0824,0x0824,0x0824,0x0804,0x1845,0x2046,0x0823,0x1025,0x1827,
  0x1826,0x1026,0x1024,0x0802,0x2007,0x380A,0x380A,0x586D,0x626E,0x628E,0x61AE,0x602D,0x502B,0x1824,0x2027,0x2027,
  0x1826,0x1865,0x2064,0x1087,0x18A6,0x1044,0x1067,0x30C5,0x1885,0x1024,0x1022,0x0002,0x0002,0x0844,0x20C5,0x30C6,
  0x30E4,0x0822,0x0002,0x1864,0x2865,0x1884,0x30A5,0x1023,0x1023,0x1824,0x40C4,0x61E5,0x62E5,0x5A68,0x284A,0x30A6,
  0x3927,0x184B,0x288B,0x288C,0x308D,0x288B,0x286A,0x3069,0x4069,0x4849,0x4849,0x5849,0x5849,0x5849,0x5049,0x5069,
  0x5869,0x5869,0x5869,0x5868,0x5068,0x4868,0x4068,0x4868,0x4868,0x4868,0x5068,0x4047,0x3067,0x2066,0x2066,0x1846,
  0x1046,0x1847,0x2048,0x508D,0x616D,0x60ED,0x402D,0x326D,0x19CC,0x006C,0x008A,0x0024,0x0067,0x0067,0x0824,0x2846,
  0x1867,0x3067,0x4088,0x3868,0x2868,0x2068,0x188A,0x196D,0x2A6D,0x2AAD,0x216A,0x0804,0x0825,0x0824,0x0022,0x0824,
  0x0824,0x1805,0x3868,0x2024,0x404A,0x484A,0x1004,0x1005,0x2848,0x1027,0x0024,0x0025,0x0048,0x006B,0x012D,0x32ED,
  0x2AAD,0x00ED,0x006A,0x0069,0x00C9,0x098C,0x0908,0x0044,0x0067,0x0023,0x0843,0x0843,0x1023,0x4987,0x5144,0x38C3,
  0x0802,0x0802,0x1844,0x3869,0x1005,0x1826,0x2809,0x2827,0x1023,0x0002,0x0002,0x0022,0x0822,0x0822,0x1024,0x1825,
  0x2025,0x2005,0x3868,0x582A,0x582B,0x59AC,0x626D,0x620D,0x5AAD,0x610C,0x582A,0x5809,0x5028,0x4027,0x2805,0x3026,
  0x3027,0x1024,0x1825,0x1825,0x0002,0x0023,0x0825,0x1027,0x00A8,0x094A,0x0025,0x0045,0x0045,0x0045,0x0049,0x21CC,
  0x2A4D,0x006A,0x0046,0x0045,0x0046,0x0045,0x0045,0x0045,0x0827,0x1826,0x0022,0x0002,0x0023,0x0845,0x0845,0x0846,
  0x1866,0x0824,0x0825,0x0846,0x0847,0x0846,0x0024,0x08EB,0x012D,0x0A0D,0x3B0D,0x118D,0x008C,0x00CD,0x10AB,0x0845,
  0x0002,0x0023,0x0023,0x0002,0x0022,0x0023,0x0843,0x0023,0x0023,0x0023,0x0002,0x0044,0x0044,0x0023,0x0023,0x28C4,
  0x28A3,0x0002,0x0023,0x0844,0x1086,0x1064,0x0843,0x0822,0x0822,0x0843,0x0023,0x0823,0x0802,0x20E6,0x0842,0x0022,
  0x0023,0x0844,0x0043,0x0023,0x0823,0x0022,0x0002,0x0022,0x0022,0x0002,0x0023,0x0024,0x3048,0x48A9,0x0802,0x0022,
  0x0002,0x0023,0x0024,0x0023,0x0024,0x0044,0x0023,0x0023,0x0023,0x0886,0x0866,0x0866,0x0866,0x0866,0x0045,0x0886,
  0x08C8,0x08C8,0x00AA,0x00AB,0x1A8D,0x11CD,0x0068,0x0045,0x0045,0x0024,0x0023,0x0023,0x0002,0x0023,0x0845,0x0023,
  0x0023,0x0023,0x0823,0x1003,0x2025,0x4888,0x1003,0x1024,0x0824,0x0824,0x1024,0x1045,0x0803,0x1024,0x1026,0x1026,
  0x1026,0x1025,0x1024,0x0802,0x2808,0x382A,0x380A,0x58AD,0x626D,0x626D,0x596D,0x580C,0x4029,0x1023,0x2047,0x1826,
  0x1025,0x30C5,0x2085,0x1866,0x0823,0x0844,0x1887,0x2064,0x1865,0x2045,0x1822,0x0002,0x0002,0x0823,0x18A5,0x3906,
  0x20A3,0x0002,0x0823,0x0823,0x1844,0x1864,0x38E6,0x2024,0x0822,0x2063,0x40C2,0x5985,0x62E6,0x5A67,0x286A,0x2888,
  0x3927,0x206B,0x308C,0x30AD,0x38AD,0x388C,0x306A,0x3869,0x4069,0x5069,0x5869,0x5849,0x5849,0x5849,0x6049,0x6049,
  0x6048,0x6048,0x6068,0x5868,0x5868,0x5047,0x5087,0x58C7,0x58E7,0x5927,0x6166,0x5906,0x4067,0x2867,0x2867,0x2066,
  0x1046,0x1847,0x2028,0x506C,0x596D,0x590D,0x402D,0x2A6D,0x094C,0x008C,0x0068,0x0024,0x0066,0x0066,0x2025,0x2047,
  0x2867,0x58E8,0x5A0A,0x59C9,0x50C9,0x2868,0x1889,0x196D,0x328D,0x32AD,0x2909,0x0804,0x0825,0x0824,0x0002,0x0824,
  0x0804,0x2025,0x1003,0x2046,0x586D,0x2827,0x0804,0x2047,0x2869,0x0003,0x0025,0x0046,0x0049,0x00CD,0x224D,0x42ED,
  0x09CD,0x00AC,0x006A,0x00EA,0x098B,0x0908,0x0025,0x0088,0x0044,0x0822,0x0864,0x1043,0x30E5,0x4966,0x5144,0x1002,
  0x0822,0x0002,0x2867,0x1826,0x2026,0x3028,0x2025,0x0002,0x0002,0x0022,0x0022,0x0822,0x0822,0x1024,0x1024,0x1825,
  0x2806,0x2826,0x504B,0x582A,0x59AC,0x5A6D,0x5A0D,0x5A8D,0x598C,0x582A,0x4027,0x4828,0x3827,0x2025,0x2826,0x3027,
  0x1004,0x1024,0x2826,0x0802,0x0824,0x0024,0x1067,0x086B,0x096B,0x08C8,0x0025,0x0045,0x0024,0x0067,0x08CB,0x3AAD,
  0x090B,0x0047,0x0024,0x0045,0x0045,0x0045,0x0044,0x1027,0x2027,0x0002,0x0002,0x0023,0x0845,0x0845,0x0845,0x1025,
  0x1045,0x1025,0x1026,0x0826,0x0826,0x0004,0x0887,0x092D,0x01AD,0x42CD,0x222D,0x00CC,0x00EC,0x008A,0x0004,0x0003,
  0x0025,0x0024,0x0002,0x0023,0x0024,0x0024,0x0023,0x0024,0x0024,0x0022,0x0023,0x0044,0x0023,0x0023,0x0844,0x28A3,
  0x0022,0x0023,0x0823,0x18C7,0x0844,0x0843,0x1064,0x1064,0x1043,0x0822,0x0822,0x0822,0x3947,0x18A4,0x0022,0x0022,
  0x0023,0x0023,0x0023,0x0023,0x0022,0x0002,0x0002,0x0022,0x0022,0x0002,0x0023,0x1026,0x4048,0x0803,0x0022,0x0802,
  0x0023,0x0024,0x0024,0x0023,0x0024,0x0023,0x0024,0x0865,0x0886,0x0866,0x0866,0x0866,0x0866,0x0866,0x0887,0x08A7,
  0x0066,0x0087,0x010B,0x010B,0x22AD,0x010B,0x0046,0x0045,0x0024,0x0024,0x0023,0x0023,0x0022,0x0022,0x0824,0x0024,
  0x0022,0x0023,0x0824,0x1004,0x3846,0x48A8,0x1803,0x1024,0x0824,0x0824,0x0824,0x1024,0x0824,0x1026,0x1026,0x1066,
  0x1046,0x1025,0x1025,0x0802,0x2027,0x3029,0x380A,0x58EC,0x5A6D,0x5A8D,0x594C,0x580B,0x3848,0x1804,0x2026,0x1025,
  0x1025,0x30E5,0x1865,0x2885,0x30C4,0x0844,0x1086,0x1044,0x1045,0x2065,0x1823,0x0022,0x0002,0x1822,0x1884,0x4145,
  0x0822,0x0022,0x0823,0x0023,0x1864,0x1864,0x3906,0x3865,0x1002,0x1863,0x5963,0x5985,0x5AA6,0x5A46,0x2869,0x2869,
  0x30C8,0x306B,0x388C,0x40AD,0x48AD,0x48AC,0x48AA,0x48A9,0x4869,0x5869,0x5888,0x5888,0x58A8,0x58C8,0x58E7,0x5907,
  0x5947,0x5967,0x5987,0x59E7,0x59C7,0x58E7,0x59A6,0x5A86,0x5A86,0x5AA6,0x5AC7,0x5A46,0x50C6,0x3047,0x2867,0x2066,
  0x1046,0x1847,0x2028,0x484C,0x596C,0x590C,0x404C,0x222C,0x092C,0x008C,0x0046,0x0023,0x0045,0x1045,0x2846,0x1867,
  0x3067,0x59A9,0x5ACB,0x5AAA,0x5989,0x3068,0x1889,0x21CC,0x3AAC,0x3AAC,0x28C8,0x0004,0x0825,0x0023,0x0003,0x0824,
  0x1004,0x1825,0x1023,0x50CB,0x486B,0x1025,0x1005,0x304A,0x0825,0x0024,0x0046,0x0047,0x006A,0x09AC,0x42CC,0x2A8C,
  0x010C,0x008B,0x00CB,0x014B,0x00A9,0x0004,0x0887,0x08A7,0x0002,0x0843,0x0865,0x1023,0x4987,0x4966,0x2002,0x1023,
  0x0802,0x0823,0x2847,0x2026,0x2827,0x1003,0x0002,0x0002,0x0002,0x0002,0x0822,0x0822,0x1024,0x1024,0x1824,0x2826,
  0x2025,0x4028,0x580A,0x512B,0x5A6C,0x5A0C,0x5A6C,0x594B,0x5809,0x4828,0x4027,0x4027,0x2826,0x3026,0x2025,0x1004,
  0x0803,0x1824,0x0823,0x0824,0x0825,0x0823,0x0889,0x092C,0x19CB,0x0026,0x0045,0x0024,0x0044,0x0068,0x29EC,0x21EC,
  0x0048,0x0025,0x0045,0x0045,0x0045,0x0044,0x1026,0x2027,0x0022,0x0002,0x0022,0x0825,0x0825,0x1025,0x1024,0x0825,
  0x1026,0x1826,0x0825,0x0824,0x0004,0x1027,0x10EB,0x012C,0x3A8C,0x326C,0x012C,0x00EC,0x0068,0x0005,0x0024,0x0045,
  0x0025,0x0023,0x0003,0x0045,0x0024,0x0023,0x0024,0x0023,0x0023,0x0022,0x0844,0x0044,0x0023,0x0044,0x0843,0x1842,
  0x0023,0x0023,0x18A6,0x0844,0x1085,0x1064,0x1044,0x0843,0x1085,0x1084,0x1043,0x0002,0x2083,0x1063,0x0022,0x0023,
  0x0023,0x0044,0x0023,0x0023,0x0002,0x0002,0x0022,0x0022,0x0022,0x0022,0x0022,0x2827,0x1023,0x0022,0x0022,0x0022,
  0x0024,0x0024,0x0023,0x0022,0x0023,0x0845,0x0045,0x0886,0x0886,0x0866,0x0866,0x0866,0x0866,0x0888,0x0087,0x0045,
  0x0067,0x00A9,0x00AB,0x11AC,0x228C,0x00CA,0x0046,0x0045,0x0024,0x0024,0x0023,0x0023,0x0022,0x0002,0x0824,0x0824,
  0x0022,0x0823,0x1024,0x1804,0x5109,0x5129,0x2004,0x1024,0x0823,0x0002,0x1003,0x0802,0x0824,0x1046,0x1066,0x1046,
  0x1046,0x1826,0x1825,0x0802,0x2026,0x2828,0x3809,0x50CB,0x5A2C,0x59CC,0x584C,0x502B,0x2826,0x2826,0x2027,0x2066,
  0x1865,0x30C4,0x1885,0x1045,0x1043,0x0844,0x1886,0x4105,0x2084,0x2064,0x2043,0x0023,0x0002,0x2022,0x28A3,0x3123,
  0x0002,0x0022,0x0823,0x0823,0x0844,0x1044,0x28E5,0x40A5,0x2023,0x1862,0x5983,0x59A5,0x5A87,0x51A5,0x2889,0x204A,
  0x284A,0x40AB,0x516B,0x59CC,0x59CC,0x5A0B,0x5A4A,0x59C8,0x50A8,0x5948,0x5A08,0x5A08,0x5A28,0x5A68,0x5A88,0x5A88,
  0x5AA9,0x5AC9,0x5AC9,0x5ACA,0x5AC8,0x59E6,0x5A66,0x5AC8,0x5AC8,0x5AC8,0x5AC9,0x5A86,0x50E6,0x3046,0x2066,0x1846,
  0x1827,0x3028,0x400A,0x484B,0x50CC,0x506C,0x304B,0x19EC,0x00EC,0x006B,0x0045,0x0024,0x0024,0x2045,0x2047,0x1867,
  0x2847,0x5128,0x526A,0x5229,0x5129,0x3068,0x1889,0x216C,0x2A2C,0x324C,0x2088,0x0004,0x0824,0x0023,0x0023,0x0824,
  0x1025,0x1004,0x3087,0x50CC,0x3048,0x0804,0x2028,0x1827,0x0024,0x0046,0x0068,0x00AA,0x012C,0x226C,0x32AC,0x11CC,
  0x00AB,0x00CB,0x092B,0x0046,0x0047,0x0025,0x0865,0x0822,0x0822,0x0023,0x2065,0x51E8,0x38E4,0x2862,0x1843,0x0823,
  0x0002,0x1825,0x2827,0x2025,0x0002,0x0002,0x0022,0x0002,0x0002,0x0822,0x0823,0x1023,0x1024,0x1824,0x2025,0x2825,
  0x3026,0x5009,0x50CB,0x522C,0x522C,0x522C,0x50CA,0x5008,0x3826,0x3026,0x3026,0x3827,0x3026,0x2025,0x1004,0x0803,
  0x1024,0x0824,0x0824,0x0824,0x0023,0x0864,0x08AA,0x19EB,0x08E9,0x0046,0x0044,0x0024,0x0045,0x08CA,0x322C,0x08CA,
  0x0025,0x0024,0x0046,0x0045,0x0044,0x1026,0x2026,0x0002,0x0022,0x0022,0x0824,0x1025,0x1826,0x1825,0x0824,0x1025,
  0x2026,0x1025,0x0803,0x1024,0x3048,0x306B,0x08EC,0x222B,0x224C,0x014C,0x00A9,0x0046,0x0026,0x0047,0x0048,0x0048,
  0x0045,0x0023,0x0845,0x0865,0x0044,0x0024,0x0023,0x0023,0x0002,0x0023,0x0044,0x0023,0x0044,0x0003,0x20C4,0x1883,
  0x0024,0x0844,0x20A8,0x2087,0x0023,0x0844,0x0844,0x1044,0x0002,0x0843,0x1064,0x0842,0x0002,0x0002,0x0023,0x0023,
  0x0844,0x0844,0x0023,0x0022,0x0002,0x0022,0x0022,0x0023,0x0022,0x0022,0x0822,0x0823,0x0022,0x0022,0x0022,0x0022,
  0x0023,0x0023,0x0023,0x0044,0x0845,0x0866,0x0866,0x0886,0x0865,0x0866,0x0866,0x0887,0x0887,0x0066,0x0046,0x0087,
  0x0089,0x00AA,0x098B,0x1A6C,0x118B,0x090A,0x0046,0x0044,0x0023,0x0024,0x0023,0x0023,0x0022,0x0002,0x0824,0x0824,
  0x0822,0x1024,0x1824,0x3005,0x516A,0x48E8,0x2004,0x1023,0x0823,0x0823,0x2867,0x1003,0x0824,0x1066,0x18A6,0x1046,
  0x1046,0x1826,0x1024,0x0823,0x1825,0x3028,0x3829,0x50AB,0x516C,0x512B,0x500B,0x484A,0x2825,0x3027,0x2027,0x1845,
  0x1845,0x4144,0x20A5,0x1045,0x1043,0x0844,0x1865,0x2864,0x1043,0x2064,0x2043,0x0844,0x0802,0x2862,0x2082,0x1042,
  0x0022,0x0002,0x0823,0x0824,0x0824,0x0823,0x20C5,0x4906,0x38A4,0x2062,0x5184,0x51C5,0x5267,0x4945,0x30A9,0x284A,
  0x386A,0x516A,0x528B,0x52AC,0x52AC,0x52AC,0x52AC,0x5269,0x51A7,0x5248,0x52AA,0x52AB,0x52AB,0x52AB,0x52AB,0x52AB,
  0x52AB,0x52AC,0x52AB,0x52AC,0x52A9,0x51C6,0x51E5,0x5287,0x5286,0x5266,0x5286,0x51E5,0x48A6,0x2846,0x2046,0x1846,
  0x3028,0x504B,0x50AC,0x50AB,0x508B,0x480B,0x204A,0x098B,0x00AB,0x006A,0x0025,0x0023,0x1024,0x2846,0x1847,0x1846,
  0x1846,0x3067,0x48C8,0x48C8,0x3067,0x1847,0x1867,0x18AA,0x112B,0x212C,0x2046,0x0023,0x0824,0x0023,0x0023,0x0824,
  0x1004,0x2024,0x40AB,0x406B,0x1825,0x1005,0x1026,0x0023,0x0025,0x0068,0x00CB,0x00EB,0x19EB,0x2A8B,0x2A6B,0x092B,
  0x006A,0x08C9,0x0067,0x0089,0x0044,0x0002,0x0843,0x0022,0x0844,0x0023,0x0822,0x30A3,0x4924,0x1822,0x0823,0x0823,
  0x0823,0x3027,0x1024,0x0002,0x0002,0x0002,0x0002,0x0002,0x0002,0x0803,0x0823,0x1024,0x1825,0x1825,0x2005,0x2825,
  0x4028,0x506A,0x520B,0x520C,0x520B,0x508A,0x4808,0x3826,0x2825,0x2825,0x3827,0x3027,0x1825,0x1805,0x1004,0x0823,
  0x1825,0x0824,0x0824,0x0024,0x0023,0x0067,0x092B,0x11AB,0x0068,0x0886,0x0024,0x0024,0x0025,0x198B,0x114A,0x0027,
  0x0023,0x0045,0x0045,0x0044,0x1026,0x2026,0x0002,0x0022,0x0822,0x0823,0x1025,0x1826,0x1825,0x1024,0x1825,0x2026,
  0x1825,0x1004,0x2025,0x4089,0x2848,0x106A,0x19CC,0x220C,0x00CA,0x0046,0x0004,0x0026,0x0068,0x008A,0x008A,0x118B,
  0x08A8,0x0025,0x08C8,0x0044,0x0024,0x0024,0x0023,0x0023,0x0023,0x0865,0x0023,0x0023,0x0823,0x20A3,0x1043,0x0023,
  0x0024,0x18C8,0x30EA,0x2067,0x1047,0x0845,0x2026,0x1024,0x0002,0x0002,0x20A4,0x1043,0x0022,0x0022,0x0023,0x0023,
  0x0844,0x0844,0x0022,0x0002,0x0002,0x0022,0x0023,0x0023,0x0022,0x0022,0x0023,0x0024,0x0023,0x0022,0x0002,0x0023,
  0x0044,0x0865,0x0844,0x0866,0x0866,0x1086,0x0845,0x0865,0x0045,0x0886,0x0887,0x0066,0x0046,0x0066,0x0067,0x00A9,
  0x00CA,0x09CB,0x126C,0x090A,0x0048,0x0046,0x0045,0x0024,0x0023,0x0023,0x0023,0x0023,0x0002,0x0002,0x0823,0x0824,
  0x0802,0x1024,0x1824,0x3825,0x51AA,0x4887,0x2004,0x1024,0x0823,0x1825,0x1824,0x0823,0x0845,0x0845,0x0845,0x1046,
  0x1025,0x1805,0x1024,0x1023,0x2025,0x2827,0x3808,0x51AB,0x524B,0x48AB,0x500B,0x3027,0x2024,0x2807,0x2026,0x1025,
  0x1844,0x38E4,0x2086,0x1865,0x0823,0x1065,0x1864,0x38E4,0x2863,0x2864,0x28A4,0x0845,0x0823,0x3082,0x1862,0x0002,
  0x0822,0x0002,0x0823,0x0824,0x0844,0x1044,0x1884,0x4105,0x4104,0x2842,0x4963,0x51E5,0x4A28,0x4125,0x30A9,0x306A,
  0x386A,0x5189,0x528B,0x528C,0x528B,0x528B,0x528B,0x5269,0x51E7,0x5268,0x528B,0x528B,0x528B,0x528B,0x528A,0x528A,
  0x528B,0x528B,0x528B,0x528B,0x5289,0x5166,0x50C6,0x5146,0x5125,0x4926,0x4906,0x48C6,0x3046,0x2046,0x1846,0x1846,
  0x3028,0x488B,0x494B,0x494B,0x48EB,0x482B,0x302A,0x096A,0x08EB,0x0049,0x0024,0x0023,0x2025,0x2046,0x1046,0x1046,
  0x1046,0x1846,0x2047,0x2046,0x1846,0x1846,0x1046,0x1047,0x1067,0x1869,0x2026,0x0024,0x0824,0x0023,0x0023,0x0824,
  0x1023,0x2846,0x306A,0x3049,0x1025,0x1026,0x0023,0x0024,0x0047,0x00A9,0x00EB,0x094B,0x326B,0x226B,0x21EB,0x00AA,
  0x0089,0x0089,0x008A,0x0066,0x0043,0x0023,0x0822,0x0843,0x0864,0x0823,0x0023,0x0022,0x1022,0x0822,0x0023,0x0023,
  0x0823,0x1023,0x0022,0x0022,0x0022,0x0022,0x0022,0x0022,0x0823,0x0823,0x1024,0x1024,0x1825,0x2025,0x2025,0x2825,
  0x4829,0x498B,0x4A0B,0x49CB,0x4889,0x4828,0x3826,0x2024,0x2825,0x3827,0x2826,0x1024,0x1025,0x1024,0x0022,0x1825,
  0x1025,0x0024,0x0824,0x0023,0x0024,0x0089,0x11AB,0x08E9,0x0047,0x0024,0x0024,0x0023,0x0066,0x19AB,0x0088,0x0024,
  0x0024,0x0045,0x0024,0x0825,0x2026,0x0022,0x0022,0x0823,0x0823,0x1825,0x1825,0x1024,0x1024,0x2026,0x2026,0x1825,
  0x1824,0x3887,0x48C9,0x2025,0x1026,0x194B,0x19AB,0x0067,0x0024,0x0025,0x0026,0x0069,0x0089,0x008A,0x21CB,0x19AB,
  0x0047,0x0046,0x0024,0x0024,0x0024,0x0023,0x0024,0x0023,0x0864,0x0865,0x0023,0x0023,0x0023,0x1883,0x0822,0x0023,
  0x1085,0x20C9,0x38C9,0x2026,0x2089,0x2069,0x1825,0x0022,0x0044,0x1064,0x2084,0x0022,0x0022,0x0023,0x0023,0x0024,
  0x0845,0x0823,0x0022,0x0022,0x0022,0x0023,0x0023,0x0023,0x0022,0x0023,0x0044,0x0024,0x0024,0x0023,0x0844,0x0865,
  0x0866,0x0845,0x0865,0x0066,0x1085,0x1065,0x0045,0x0066,0x0087,0x0066,0x0045,0x0045,0x0066,0x0067,0x0069,0x090B,
  0x1A2B,0x120B,0x00C9,0x0047,0x0066,0x0045,0x0044,0x0024,0x0023,0x0023,0x0023,0x0023,0x0022,0x0022,0x0022,0x0023,
  0x0823,0x1024,0x1824,0x3846,0x49CA,0x4026,0x2024,0x1824,0x0823,0x1825,0x1845,0x0844,0x0845,0x0845,0x0845,0x0846,
  0x1025,0x0823,0x1024,0x0823,0x1824,0x2025,0x4029,0x49EB,0x4A2B,0x484B,0x482B,0x2025,0x1824,0x2026,0x1826,0x1025,
  0x2884,0x2884,0x1066,0x1864,0x0823,0x0844,0x2044,0x49A5,0x40C3,0x1843,0x18A4,0x1045,0x0824,0x2883,0x1862,0x0022,
  0x0823,0x0022,0x0022,0x0824,0x0844,0x1065,0x1064,0x38C5,0x4924,0x3042,0x38E3,0x4A05,0x41E7,0x38C4,0x3089,0x2869,
  0x3069,0x4909,0x4A49,0x4A6A,0x4A4A,0x4A4A,0x4A49,0x49C7,0x4926,0x4A08,0x4A6A,0x4A6B,0x4A6B,0x4A6B,0x4A6A,0x4A6A,
  0x4A6B,0x4A6B,0x4A6B,0x4A6B,0x4A6A,0x49A7,0x4867,0x4047,0x3847,0x3047,0x3048,0x3068,0x2867,0x1846,0x1846,0x1846,
  0x2828,0x484A,0x48EB,0x490B,0x48EB,0x484A,0x382A,0x096A,0x092B,0x0048,0x0024,0x0023,0x2026,0x1846,0x1846,0x1046,
  0x1045,0x1046,0x1846,0x1846,0x1046,0x1046,0x1046,0x1046,0x1046,0x1867,0x1846,0x0024,0x0823,0x0023,0x0023,0x0023,
  0x2024,0x2847,0x2848,0x2847,0x1025,0x0824,0x0023,0x0025,0x0068,0x00CA,0x00EB,0x21EA,0x224A,0x224A,0x114B,0x008A,
  0x00EA,0x00CA,0x0045,0x0023,0x0044,0x0023,0x0023,0x0844,0x0843,0x0844,0x0864,0x0022,0x0023,0x0023,0x0823,0x0022,
  0x0022,0x0022,0x0022,0x0022,0x0022,0x0022,0x0022,0x0822,0x0823,0x0823,0x1024,0x1825,0x1825,0x2825,0x2825,0x3826,
  0x490A,0x4A0B,0x49CA,0x4869,0x4028,0x3826,0x2024,0x2025,0x3847,0x2025,0x1024,0x1024,0x1024,0x0822,0x1024,0x1025,
  0x0024,0x0824,0x0023,0x0024,0x0046,0x08EA,0x11AA,0x0068,0x0045,0x0024,0x0045,0x0023,0x08E7,0x1129,0x0025,0x0023,
  0x0045,0x0045,0x0825,0x2046,0x0822,0x0022,0x0823,0x0823,0x1825,0x2026,0x1024,0x1825,0x2026,0x2826,0x2025,0x2024,
  0x40C8,0x48E9,0x2826,0x1025,0x1909,0x0929,0x0026,0x0024,0x0025,0x0047,0x0068,0x00AA,0x00AA,0x21AA,0x320B,0x0089,
  0x0067,0x0067,0x0045,0x0024,0x0023,0x0024,0x0024,0x0023,0x08A5,0x0824,0x0024,0x0023,0x0824,0x0823,0x0823,0x0023,
  0x0824,0x1045,0x1825,0x2847,0x3089,0x2047,0x0024,0x0865,0x0043,0x28A4,0x0822,0x0022,0x0023,0x0023,0x0023,0x0845,
  0x0823,0x0022,0x0022,0x0022,0x0023,0x0023,0x0024,0x0022,0x0023,0x0024,0x0024,0x0845,0x0024,0x0023,0x1884,0x0866,
  0x0046,0x0844,0x0865,0x1065,0x1885,0x0045,0x0066,0x0066,0x0045,0x0045,0x0066,0x0066,0x0067,0x0089,0x094A,0x1A2B,
  0x11AA,0x0088,0x0067,0x0045,0x0045,0x0024,0x0024,0x0024,0x0023,0x0023,0x0023,0x0022,0x0022,0x0022,0x0022,0x0822,
  0x1024,0x1024,0x2024,0x4086,0x4989,0x3825,0x2024,0x1023,0x1024,0x1024,0x0824,0x0845,0x0845,0x0845,0x0845,0x1045,
  0x0824,0x1024,0x1825,0x1023,0x1023,0x2025,0x4069,0x4A0B,0x49AB,0x482B,0x4049,0x1823,0x1824,0x2026,0x1825,0x1024,
  0x2064,0x1864,0x1065,0x1044,0x0824,0x0844,0x2064,0x4985,0x3083,0x0823,0x0022,0x1044,0x1044,0x2083,0x1862,0x0022,
  0x0823,0x0022,0x0022,0x0824,0x0824,0x1045,0x1044,0x30A4,0x4925,0x3882,0x2062,0x4A05,0x3985,0x2843,0x2869,0x2069,
  0x2069,0x3069,0x40E9,0x4909,0x4109,0x40E9,0x40C8,0x4087,0x48A7,0x4A08,0x4A4A,0x4A4A,0x4A4A,0x4A4A,0x4A4A,0x4A4A,
  0x4A4A,0x4A4A,0x4A49,0x4A4A,0x4A48,0x4966,0x4067,0x3067,0x2867,0x2068,0x20CA,0x28CA,0x2068,0x1846,0x1845,0x1045,
  0x2828,0x406A,0x40EA,0x40EA,0x40EA,0x408A,0x382A,0x118A,0x090A,0x0028,0x0024,0x1023,0x2046,0x1045,0x1846,0x1046,
  0x1045,0x1045,0x1046,0x1045,0x1045,0x1045,0x1046,0x1046,0x1847,0x2068,0x1846,0x0024,0x0023,0x0023,0x0023,0x0823,
  0x3025,0x2047,0x2848,0x1825,0x0023,0x0023,0x0024,0x0026,0x0068,0x00CA,0x094A,0x2A2A,0x122A,0x2A0A,0x00CA,0x00EA,
  0x00EA,0x0065,0x0844,0x0844,0x0024,0x0024,0x0024,0x0023,0x0023,0x1064,0x18A5,0x0022,0x0023,0x0023,0x0023,0x0022,
  0x0023,0x0023,0x0022,0x0022,0x0022,0x0022,0x0022,0x0823,0x0823,0x1024,0x1024,0x1824,0x1825,0x2825,0x3025,0x4088,
  0x41EA,0x41AA,0x4089,0x3827,0x2825,0x2024,0x2025,0x2846,0x1825,0x1825,0x1825,0x1024,0x0823,0x0822,0x1025,0x0824,
  0x0824,0x0023,0x0024,0x0024,0x0047,0x116A,0x0909,0x0026,0x0024,0x0024,0x0023,0x0023,0x0909,0x0066,0x0023,0x0024,
  0x0045,0x0825,0x2046,0x0823,0x0022,0x0823,0x0823,0x1024,0x2025,0x1024,0x2025,0x2026,0x3026,0x3826,0x3025,0x40C8,
  0x38A8,0x2825,0x1825,0x1025,0x0866,0x0024,0x0024,0x0046,0x0046,0x0068,0x00A9,0x00EA,0x21AA,0x422A,0x090A,0x0068,
  0x0066,0x0066,0x0044,0x0023,0x0024,0x0024,0x0023,0x0844,0x0885,0x0023,0x0023,0x0024,0x1044,0x0823,0x0023,0x0023,
  0x0824,0x1864,0x0823,0x1024,0x1024,0x1024,0x0866,0x0886,0x0843,0x0022,0x0022,0x0023,0x0023,0x0023,0x0024,0x0823,
  0x0022,0x0022,0x0022,0x0023,0x0023,0x0024,0x0023,0x0022,0x1085,0x0024,0x18C6,0x0844,0x0023,0x0023,0x0045,0x0046,
  0x0045,0x0044,0x0866,0x1885,0x0886,0x0045,0x0044,0x0045,0x0045,0x0066,0x0067,0x0068,0x00A9,0x098A,0x120A,0x0929,
  0x0067,0x0067,0x0045,0x0044,0x0024,0x0024,0x0024,0x0024,0x0023,0x0023,0x0022,0x0022,0x0022,0x0022,0x0022,0x0823,
  0x1024,0x1824,0x2824,0x40E8,0x4128,0x3024,0x1824,0x0823,0x1024,0x1025,0x0845,0x0845,0x0845,0x0845,0x0845,0x0844,
  0x0824,0x1025,0x1825,0x1023,0x1024,0x2827,0x4089,0x420A,0x412A,0x402A,0x3047,0x1023,0x1824,0x2026,0x1825,0x1045,
  0x28A4,0x0844,0x1044,0x1044,0x0844,0x0844,0x2864,0x4185,0x30A3,0x1823,0x2084,0x1044,0x1045,0x2084,0x1882,0x0022,
  0x0823,0x0823,0x0022,0x0823,0x0823,0x1065,0x0844,0x2863,0x40E5,0x38C3,0x2022,0x41E5,0x3964,0x2885,0x1848,0x1868,
  0x2068,0x2068,0x2848,0x2849,0x2869,0x3069,0x3068,0x3847,0x4087,0x4187,0x4228,0x4229,0x4208,0x4208,0x41E8,0x41C7,
  0x41C7,0x41C7,0x4187,0x4187,0x4146,0x4086,0x3067,0x2867,0x2067,0x20A9,0x20EA,0x20EA,0x1868,0x1045,0x1045,0x1045,
  0x3028,0x40CA,0x416A,0x414A,0x414A,0x40CA,0x382A,0x218A,0x090A,0x0027,0x0023,0x1824,0x1846,0x1045,0x1846,0x1046,
  0x1045,0x1045,0x1045,0x1045,0x0845,0x1045,0x1046,0x1847,0x1847,0x2068,0x1045,0x0024,0x0023,0x0023,0x0023,0x1023,
  0x3846,0x2048,0x2848,0x0823,0x0023,0x0024,0x0024,0x0046,0x0068,0x00C9,0x19AA,0x1A0A,0x220A,0x196A,0x00CA,0x090A,
  0x00A8,0x0024,0x0887,0x0845,0x0024,0x0845,0x0024,0x0024,0x0024,0x0844,0x0843,0x0022,0x0023,0x0823,0x0022,0x0022,
  0x0065,0x0022,0x0022,0x0022,0x0022,0x0022,0x0823,0x0823,0x0823,0x1024,0x1024,0x1825,0x2025,0x3026,0x3826,0x41A9,
  0x41CA,0x4068,0x3026,0x2025,0x2024,0x2025,0x2846,0x1825,0x1825,0x1825,0x1024,0x1024,0x0022,0x1024,0x0824,0x0023,
  0x0023,0x0024,0x0024,0x0023,0x00A7,0x116A,0x0067,0x0024,0x0024,0x0023,0x0022,0x0885,0x08E8,0x0024,0x0023,0x0044,
  0x0025,0x1846,0x0823,0x0022,0x0823,0x1023,0x1024,0x1825,0x1825,0x2025,0x2025,0x3026,0x4027,0x4128,0x4087,0x3046,
  0x1825,0x1825,0x1025,0x1025,0x0824,0x0024,0x0046,0x0046,0x0067,0x0068,0x00EA,0x19AA,0x3A0A,0x196A,0x0089,0x0067,
  0x0066,0x0045,0x0023,0x0024,0x0024,0x0044,0x0023,0x0885,0x0844,0x0023,0x0023,0x1044,0x1043,0x0023,0x0024,0x0023,
  0x1044,0x1043,0x0022,0x0822,0x0822,0x0823,0x0886,0x0864,0x1885,0x0022,0x0023,0x0023,0x0023,0x0824,0x0844,0x0022,
  0x0022,0x0022,0x0023,0x0024,0x0023,0x0023,0x0844,0x0864,0x1064,0x1086,0x1065,0x10A5,0x0023,0x0045,0x0024,0x0046,
  0x0844,0x1086,0x0845,0x0865,0x0067,0x0045,0x0045,0x0045,0x0066,0x0067,0x0088,0x00E9,0x11CA,0x11CA,0x00C8,0x0046,
  0x0066,0x0045,0x0044,0x0024,0x0024,0x0024,0x0024,0x0024,0x0023,0x0023,0x0022,0x0022,0x0022,0x0022,0x0022,0x0823,
  0x1024,0x1824,0x2824,0x4148,0x40C7,0x3024,0x1824,0x1844,0x1844,0x0825,0x0845,0x0845,0x0865,0x0845,0x0845,0x0824,
  0x1025,0x1025,0x1025,0x0823,0x1825,0x3028,0x38E9,0x420A,0x40AA,0x402A,0x2025,0x1023,0x1023,0x2026,0x1025,0x2085,
  0x2084,0x1044,0x1023,0x0845,0x0844,0x1044,0x2884,0x41A5,0x30A3,0x1844,0x28C4,0x1044,0x1045,0x28A5,0x1883,0x0023,
  0x0823,0x0844,0x0022,0x0023,0x0823,0x1044,0x0844,0x2863,0x4105,0x4124,0x2022,0x3984,0x3103,0x28C6,0x1848,0x1867,
  0x1868,0x2068,0x2068,0x2068,0x2068,0x2889,0x2889,0x3067,0x3847,0x40A7,0x4107,0x4107,0x40E7,0x40C7,0x40A7,0x40A7,
  0x40A7,0x40A7,0x4087,0x4067,0x3847,0x3047,0x2867,0x2067,0x1847,0x1888,0x18A9,0x20A9,0x1867,0x1045,0x1045,0x1045,
  0x3828,0x40E9,0x3989,0x3989,0x3969,0x40C9,0x3829,0x2969,0x0909,0x0026,0x0023,0x2025,0x1046,0x1045,0x1045,0x1045,
  0x1045,0x0845,0x1045,0x1045,0x0845,0x0845,0x1045,0x1046,0x1046,0x2047,0x1045,0x0024,0x0023,0x0023,0x0023,0x1823,
  0x3047,0x2048,0x2046,0x0023,0x0024,0x0024,0x0024,0x0047,0x0068,0x0909,0x21E9,0x11C9,0x31E9,0x08E9,0x00E9,0x00A9,
  0x00C8,0x0045,0x0046,0x0023,0x0844,0x0844,0x0023,0x0024,0x0023,0x0024,0x0023,0x0022,0x1023,0x0822,0x0022,0x0065,
  0x0043,0x0022,0x0022,0x0022,0x0022,0x0022,0x0823,0x0823,0x1024,0x1024,0x1024,0x1824,0x2825,0x3827,0x4108,0x39C9,
  0x3867,0x3025,0x2025,0x2025,0x1024,0x2045,0x1825,0x1025,0x1024,0x0824,0x1024,0x0823,0x0823,0x1045,0x0024,0x0023,
  0x0824,0x0824,0x0023,0x0024,0x0908,0x1129,0x0046,0x0044,0x0023,0x0022,0x0022,0x08E6,0x0886,0x0023,0x0024,0x0025,
  0x1826,0x1023,0x0022,0x0823,0x0823,0x1024,0x1825,0x1825,0x2025,0x2826,0x3026,0x3827,0x3969,0x4169,0x3025,0x2025,
  0x1825,0x1024,0x1025,0x0825,0x0024,0x0046,0x0067,0x0067,0x0068,0x0089,0x1989,0x31E9,0x21A9,0x00C9,0x0068,0x0046,
  0x0046,0x0023,0x0024,0x0044,0x0024,0x0023,0x0843,0x10A5,0x0024,0x0024,0x0023,0x1063,0x0823,0x0023,0x0023,0x0844,
  0x1846,0x0823,0x1863,0x0822,0x0022,0x1044,0x1045,0x1065,0x0823,0x0022,0x0023,0x0023,0x0023,0x1043,0x0822,0x0022,
  0x0023,0x0023,0x0023,0x0023,0x0023,0x0023,0x0886,0x1085,0x1864,0x0823,0x0865,0x0885,0x0045,0x0886,0x0065,0x0865,
  0x28A4,0x28A5,0x1065,0x0087,0x0066,0x0866,0x0066,0x0066,0x0067,0x0088,0x0909,0x11C9,0x1169,0x0067,0x0046,0x0045,
  0x0045,0x0024,0x0044,0x0024,0x0024,0x0023,0x0023,0x0024,0x0024,0x0023,0x0022,0x0022,0x0022,0x0022,0x0022,0x0822,
  0x1023,0x1824,0x3025,0x4148,0x3866,0x2824,0x1023,0x1043,0x1044,0x0845,0x0845,0x0845,0x0844,0x0845,0x0844,0x1024,
  0x1845,0x1024,0x1025,0x1023,0x1825,0x2827,0x3949,0x39C9,0x4049,0x3028,0x1823,0x1023,0x0823,0x1024,0x1025,0x2084,
  0x1864,0x1044,0x0843,0x0845,0x1064,0x1064,0x2864,0x3964,0x30A3,0x1044,0x0843,0x1044,0x1044,0x30A5,0x1883,0x0023,
  0x0823,0x0824,0x0023,0x0022,0x0824,0x1044,0x1044,0x2064,0x38E5,0x4165,0x2022,0x3123,0x20C3,0x20A5,0x1047,0x1867,
  0x1867,0x1867,0x1867,0x1867,0x1868,0x2089,0x2088,0x2867,0x2847,0x2847,0x3047,0x3867,0x3847,0x3847,0x3867,0x3867,
  0x3867,0x3867,0x3067,0x3867,0x3867,0x2846,0x2046,0x1846,0x1847,0x1867,0x3089,0x3089,0x1867,0x1046,0x1046,0x1046,
  0x3028,0x38C9,0x3969,0x3969,0x3969,0x38C9,0x3029,0x2929,0x0909,0x0025,0x0823,0x1825,0x0845,0x1045,0x1045,0x1045,
  0x1045,0x1045,0x1045,0x0845,0x0845,0x0845,0x0845,0x0845,0x0845,0x1846,0x1025,0x0023,0x0023,0x0023,0x0823,0x2024,
  0x1847,0x1847,0x1825,0x0023,0x0024,0x0024,0x0025,0x0068,0x0068,0x1149,0x19C9,0x09C9,0x21A9,0x00C9,0x00A8,0x00C8,
  0x0066,0x1087,0x1066,0x0824,0x0024,0x0023,0x0823,0x0023,0x0023,0x0044,0x0023,0x0822,0x0822,0x0022,0x0023,0x0065,
  0x0022,0x0023,0x0022,0x0022,0x0022,0x0823,0x0823,0x0824,0x1024,0x1024,0x1024,0x2024,0x3026,0x38C8,0x3969,0x3867,
  0x2825,0x2025,0x2025,0x1024,0x1824,0x1024,0x1024,0x1025,0x0823,0x0823,0x0824,0x0022,0x0824,0x0824,0x0023,0x0844,
  0x0824,0x0024,0x0023,0x0044,0x1149,0x0887,0x0045,0x0023,0x0022,0x0022,0x0022,0x08C6,0x0024,0x0023,0x0024,0x1026,
  0x1024,0x0022,0x0823,0x0823,0x1023,0x1024,0x2025,0x2025,0x3026,0x3827,0x3847,0x3929,0x39C9,0x3066,0x2025,0x2025,
  0x1024,0x1024,0x1025,0x0845,0x0846,0x0066,0x0067,0x0068,0x0089,0x1169,0x19C9,0x11C9,0x0909,0x0088,0x0067,0x0067,
  0x0044,0x0024,0x0024,0x0024,0x0044,0x0023,0x0884,0x0864,0x0024,0x0044,0x1863,0x0843,0x0023,0x0023,0x0023,0x1845,
  0x1044,0x0023,0x0843,0x0823,0x0823,0x0022,0x1085,0x0843,0x0022,0x0023,0x0023,0x0823,0x0022,0x0022,0x0022,0x0023,
  0x0023,0x0023,0x0023,0x0023,0x0023,0x1885,0x0865,0x0845,0x0865,0x1065,0x1085,0x0023,0x0065,0x0885,0x0866,0x0844,
  0x1884,0x2084,0x1885,0x10E7,0x0045,0x0044,0x0045,0x0067,0x00A8,0x0949,0x11C9,0x0929,0x0067,0x0046,0x0044,0x0044,
  0x0044,0x0024,0x0024,0x0024,0x0024,0x0023,0x0023,0x0024,0x0024,0x0022,0x0022,0x0023,0x0022,0x0023,0x0822,0x0822,
  0x1023,0x1824,0x3025,0x3928,0x3025,0x2024,0x1023,0x1024,0x0825,0x0844,0x0844,0x0844,0x0845,0x0824,0x0823,0x1845,
  0x1025,0x1024,0x1025,0x1024,0x1824,0x3027,0x3969,0x3949,0x3829,0x2025,0x1023,0x1023,0x0822,0x1024,0x1845,0x1883,
  0x1044,0x1043,0x0824,0x0844,0x1064,0x1044,0x2884,0x3965,0x2883,0x1043,0x0823,0x1044,0x1044,0x30A5,0x1863,0x0023,
  0x0844,0x1044,0x0023,0x0022,0x0824,0x1044,0x1044,0x1843,0x38E4,0x3945,0x2042,0x20C3,0x1862,0x20C5,0x1047,0x1047,
  0x1047,0x1047,0x1047,0x1047,0x1847,0x1868,0x2068,0x2047,0x2046,0x2046,0x2847,0x3067,0x3067,0x3047,0x2847,0x2847,
  0x2847,0x2847,0x3067,0x3887,0x3887,0x2846,0x1846,0x1846,0x1846,0x1867,0x3068,0x3068,0x1846,0x1045,0x1045,0x1045,
  0x2827,0x38A8,0x3148,0x3148,0x3128,0x38A8,0x3028,0x20E8,0x0908,0x0025,0x1023,0x1825,0x0844,0x0844,0x0844,0x1045,
  0x1045,0x1846,0x1045,0x0845,0x0845,0x0845,0x0845,0x0845,0x0845,0x1046,0x1024,0x0023,0x0023,0x0023,0x1023,0x2046,
  0x1846,0x2047,0x1825,0x0023,0x0024,0x0024,0x0025,0x0068,0x0068,0x2188,0x11A8,0x19A8,0x1948,0x0088,0x00C8,0x00A7,
  0x0024,0x1087,0x1066,0x1086,0x0025,0x0023,0x0022,0x0843,0x0823,0x0023,0x0822,0x0823,0x0022,0x0022,0x0024,0x0023,
  0x0023,0x0022,0x0022,0x0022,0x0023,0x0823,0x0823,0x0823,0x1024,0x1024,0x1824,0x2825,0x30A7,0x3928,0x3066,0x2024,
  0x2024,0x1824,0x1024,0x1845,0x1825,0x0824,0x1024,0x0824,0x0823,0x0824,0x0823,0x0023,0x0824,0x0023,0x0823,0x0844,
  0x0824,0x0024,0x0023,0x0886,0x1128,0x0045,0x0023,0x0023,0x0023,0x0022,0x0843,0x0865,0x0023,0x0024,0x1026,0x1024,
  0x0022,0x0822,0x0823,0x0823,0x1024,0x1824,0x1824,0x2826,0x3026,0x3067,0x3148,0x3188,0x3128,0x2825,0x2025,0x2025,
  0x1024,0x1025,0x0825,0x0845,0x0046,0x0066,0x0067,0x00A8,0x1168,0x11A8,0x09A8,0x1148,0x0088,0x0067,0x0067,0x0045,
  0x0024,0x0044,0x0024,0x0024,0x0024,0x0023,0x1085,0x0024,0x0044,0x1043,0x1063,0x0023,0x0023,0x0023,0x1064,0x1824,
  0x0022,0x0823,0x0823,0x0824,0x0823,0x1023,0x1843,0x0022,0x0023,0x0023,0x0023,0x0022,0x0022,0x0022,0x0023,0x0023,
  0x0023,0x0023,0x0023,0x0023,0x0864,0x1085,0x0865,0x0845,0x0845,0x0845,0x0865,0x1085,0x1085,0x0845,0x0024,0x1044,
  0x28A4,0x1064,0x0046,0x0065,0x0024,0x0024,0x0044,0x0047,0x0908,0x1188,0x08E8,0x0088,0x0046,0x0045,0x0044,0x0044,
  0x0024,0x0024,0x0024,0x0024,0x0024,0x0023,0x0023,0x0024,0x0023,0x0022,0x0022,0x0023,0x0022,0x0823,0x0822,0x0022,
  0x1023,0x1824,0x3066,0x3907,0x2824,0x1023,0x1024,0x1825,0x0824,0x0824,0x0844,0x0844,0x0844,0x0844,0x0823,0x1024,
  0x1024,0x1024,0x1025,0x1024,0x2025,0x3848,0x3188,0x38E8,0x3027,0x1023,0x1023,0x0823,0x0822,0x1824,0x1024,0x1884,
  0x1044,0x0823,0x0844,0x0844,0x0844,0x1024,0x2883,0x3945,0x2863,0x1044,0x1043,0x1044,0x0824,0x28A4,0x1063,0x0023,
  0x1045,0x1045,0x0823,0x0022,0x0824,0x1044,0x1044,0x1843,0x38C4,0x3904,0x2883,0x1043,0x1062,0x28C6,0x1848,0x1847,
  0x1047,0x1847,0x1867,0x2067,0x2067,0x2068,0x2068,0x2047,0x2046,0x2046,0x3047,0x3067,0x3067,0x2846,0x2046,0x2046,
  0x2046,0x2046,0x2846,0x3066,0x3046,0x1846,0x1045,0x1045,0x1045,0x1045,0x1045,0x1045,0x1045,0x0845,0x0844,0x0844,
  0x2827,0x3088,0x30E8,0x30E8,0x30E8,0x3088,0x2827,0x20A8,0x08E8,0x0024,0x1824,0x1025,0x0844,0x0824,0x0844,0x0844,
  0x1045,0x1045,0x0845,0x0845,0x0845,0x0845,0x0845,0x0845,0x0845,0x1046,0x1024,0x0023,0x0023,0x0023,0x1844,0x2846,
  0x2046,0x2067,0x1044,0x0023,0x0024,0x0024,0x0045,0x0047,0x0087,0x2188,0x1188,0x2188,0x08E8,0x0087,0x00A8,0x0046,
  0x0025,0x0866,0x1066,0x0845,0x1066,0x0844,0x0843,0x1064,0x0022,0x0823,0x0823,0x0023,0x0023,0x0024,0x0044,0x0023,
  0x0023,0x0022,0x0022,0x0022,0x0823,0x0823,0x0823,0x0823,0x1024,0x1024,0x1824,0x3046,0x30E7,0x3045,0x1824,0x1824,
  0x1824,0x1024,0x1844,0x1825,0x1025,0x0824,0x0824,0x0823,0x0823,0x0824,0x0023,0x0823,0x0023,0x0023,0x0024,0x0824,
  0x0023,0x0024,0x0023,0x08C6,0x0886,0x0023,0x0023,0x0023,0x0023,0x0022,0x0023,0x0044,0x0023,0x1026,0x1025,0x0022,
  0x0022,0x0823,0x0823,0x0823,0x1824,0x2025,0x2025,0x3026,0x3067,0x3128,0x3148,0x3168,0x3066,0x2825,0x2025,0x1825,
  0x1025,0x0825,0x0845,0x0845,0x0066,0x0067,0x0087,0x1148,0x1188,0x0188,0x1988,0x08C8,0x0067,0x0066,0x0045,0x0044,
  0x0044,0x0044,0x0024,0x0023,0x0023,0x0864,0x0864,0x0824,0x0823,0x0844,0x0023,0x0023,0x0023,0x0023,0x1885,0x0823,
  0x0823,0x0823,0x0823,0x1023,0x1843,0x3103,0x2063,0x0823,0x0023,0x0022,0x0022,0x0022,0x0022,0x0023,0x0023,0x0023,
  0x0023,0x0023,0x0023,0x0843,0x18A5,0x0024,0x0844,0x0845,0x0845,0x0844,0x0045,0x0845,0x0865,0x1085,0x1064,0x1043,
  0x1044,0x0066,0x08A6,0x0023,0x0024,0x0045,0x0046,0x0087,0x0968,0x0908,0x0088,0x0067,0x0025,0x0845,0x0045,0x0024,
  0x0024,0x0023,0x0023,0x0023,0x0023,0x0023,0x0024,0x0024,0x0022,0x0022,0x0023,0x0023,0x0023,0x0823,0x0822,0x0022,
  0x0823,0x1023,0x28A6,0x30C6,0x1824,0x1023,0x0823,0x1024,0x0824,0x0844,0x0844,0x0844,0x0824,0x0823,0x0824,0x0824,
  0x1024,0x1024,0x1024,0x1024,0x2024,0x3087,0x3168,0x3068,0x2025,0x1023,0x1023,0x0823,0x0822,0x1024,0x0844,0x1044,
  0x0823,0x0824,0x0844,0x0844,0x0823,0x2084,0x2083,0x1822,0x1843,0x0823,0x0823,0x1044,0x0824,0x2084,0x1063,0x0023,
  0x1045,0x1045,0x0844,0x0022,0x0823,0x1044,0x0823,0x1043,0x30C4,0x3104,0x28E3,0x0822,0x1862,0x28A7,0x1848,0x1867,
  0x1847,0x1867,0x2868,0x2868,0x2867,0x2067,0x2047,0x1846,0x1846,0x2046,0x2046,0x2846,0x2846,0x2046,0x1846,0x1845,
  0x1845,0x1845,0x2045,0x1845,0x1845,0x1045,0x1045,0x1044,0x1024,0x0824,0x0845,0x0845,0x0824,0x0844,0x0824,0x0824,
  0x1826,0x2827,0x3047,0x3047,0x3047,0x2827,0x2026,0x1887,0x08E7,0x0024,0x1824,0x1025,0x0824,0x0824,0x0824,0x0824,
  0x0824,0x0824,0x0824,0x0845,0x0845,0x0845,0x0845,0x0845,0x0845,0x1025,0x1024,0x0023,0x0023,0x0023,0x2845,0x3046,
  0x2846,0x2066,0x0823,0x0024,0x0024,0x0024,0x0045,0x0047,0x00C7,0x1168,0x1968,0x1947,0x00C7,0x08A7,0x0067,0x0045,
  0x0046,0x0024,0x0024,0x0823,0x0844,0x0023,0x18A5,0x0843,0x1023,0x0823,0x0023,0x0023,0x0023,0x0086,0x0044,0x0023,
  0x0023,0x0022,0x0023,0x0023,0x0823,0x0823,0x0823,0x0824,0x1024,0x1824,0x2825,0x28A7,0x2866,0x1823,0x1024,0x1824,
  0x1024,0x1024,0x1825,0x1024,0x0824,0x0824,0x0824,0x0823,0x0823,0x0824,0x0023,0x0023,0x0824,0x0023,0x0024,0x0023,
  0x0024,0x0023,0x0023,0x08A6,0x0024,0x0023,0x0023,0x0023,0x0022,0x0022,0x0044,0x0023,0x0824,0x1025,0x0022,0x0022,
  0x0823,0x0823,0x1024,0x1024,0x1824,0x2025,0x2826,0x3066,0x2927,0x2928,0x3127,0x3066,0x2825,0x2025,0x1825,0x1024,
  0x1025,0x0825,0x0845,0x0046,0x0067,0x0087,0x1108,0x1167,0x0168,0x1167,0x1107,0x0088,0x0066,0x0045,0x0065,0x0044,
  0x0044,0x0024,0x0024,0x0024,0x0023,0x10A5,0x0844,0x0823,0x0844,0x0844,0x0023,0x0024,0x0023,0x1064,0x1043,0x0023,
  0x0823,0x0823,0x1863,0x28E3,0x2063,0x2043,0x1043,0x0823,0x0022,0x0022,0x0022,0x0022,0x0023,0x0023,0x0023,0x0023,
  0x0023,0x0023,0x0023,0x1085,0x0845,0x0045,0x0865,0x0844,0x0844,0x0844,0x0844,0x0845,0x0024,0x1064,0x1883,0x0022,
  0x0045,0x08A7,0x0043,0x0844,0x0045,0x0045,0x0046,0x0087,0x0948,0x08C7,0x0067,0x0066,0x08A6,0x0045,0x0044,0x0024,
  0x0024,0x0024,0x0023,0x0023,0x0023,0x0023,0x0024,0x0023,0x0022,0x0023,0x0023,0x0023,0x0023,0x0023,0x0022,0x0022,
  0x0823,0x1023,0x28A6,0x2865,0x1023,0x0823,0x1024,0x0824,0x0824,0x0844,0x0844,0x0844,0x0844,0x0824,0x0824,0x0824,
  0x0824,0x1024,0x1024,0x1024,0x1824,0x30C7,0x3128,0x2827,0x1824,0x1023,0x0823,0x0823,0x0822,0x0823,0x1045,0x1863,
  0x0023,0x0844,0x0824,0x0824,0x1043,0x28E4,0x1822,0x1064,0x1065,0x1884,0x1063,0x0824,0x0824,0x1884,0x1063,0x0023,
  0x1045,0x1886,0x0845,0x0022,0x0823,0x1044,0x0823,0x1023,0x30E5,0x3104,0x28E4,0x0822,0x1863,0x2086,0x1047,0x1046,
  0x1046,0x1046,0x1847,0x1847,0x1846,0x1046,0x1046,0x1045,0x1045,0x1045,0x1045,0x1845,0x1845,0x1845,0x1845,0x1845,
  0x1045,0x1845,0x2846,0x2045,0x1845,0x1045,0x1045,0x1025,0x1025,0x1025,0x1045,0x1045,0x0824,0x0824,0x0824,0x0824,
};
